00:00.353  blend            | Read blend: "/Users/panglaohu/Downloads/TigerInBamboo/TigerMessenger/assets/models/originals/blender-r3/moebiusSwamp.blend"
BlenderMCP: cannot start server in background mode (blender -b) - commands would never execute
BlenderMCP: run Blender with a GUI, or use a virtual display: xvfb-run -a blender
BlenderMCP addon registered
INFO Draco is available, use library at /Applications/Blender.app/Contents/Resources/5.2/scripts/addons_core/io_scene_gltf2/libbf_intern_draco_bridge.dylib
INFO MeshOptimizer is available, use library at /Applications/Blender.app/Contents/Resources/5.2/scripts/addons_core/io_scene_gltf2/libbf_intern_meshopt_bridge.dylib
04:17:46 | INFO: Starting glTF 2.0 export
04:17:47 | INFO: Extracting primitive: n2467.001
04:17:47 | INFO: Primitives created: 1
04:17:47 | INFO: Extracting primitive: n2469.001
04:17:47 | INFO: Primitives created: 1
04:17:47 | INFO: Extracting primitive: n2471.001
04:17:47 | INFO: Primitives created: 1
04:17:47 | INFO: Extracting primitive: n2473.001
04:17:47 | INFO: Primitives created: 1
04:17:47 | INFO: Extracting primitive: n2475.001
04:17:47 | INFO: Primitives created: 1
04:17:47 | INFO: Extracting primitive: n2476.001
04:17:47 | INFO: Primitives created: 2
04:17:47 | INFO: Extracting primitive: n2478.001
04:17:47 | INFO: Primitives created: 2
04:17:47 | INFO: Extracting primitive: n2480.001
04:17:47 | INFO: Primitives created: 2
04:17:47 | INFO: Extracting primitive: n2482.001
04:17:47 | INFO: Primitives created: 2
04:17:47 | INFO: Extracting primitive: n2484.001
04:17:47 | INFO: Primitives created: 2
04:17:47 | INFO: Extracting primitive: n2487.001
04:17:47 | INFO: Primitives created: 1
04:17:47 | INFO: Extracting primitive: n2489.001
04:17:47 | INFO: Primitives created: 1
04:17:47 | INFO: Extracting primitive: n2491.001
04:17:47 | INFO: Primitives created: 1
04:17:47 | INFO: Extracting primitive: n2493.001
04:17:47 | INFO: Primitives created: 1
04:17:47 | INFO: Extracting primitive: n2495.001
04:17:47 | INFO: Primitives created: 1
04:17:47 | INFO: Extracting primitive: n2496.001
04:17:47 | INFO: Primitives created: 2
04:17:47 | INFO: Extracting primitive: n2498.001
04:17:47 | INFO: Primitives created: 2
04:17:47 | INFO: Extracting primitive: n2500.001
04:17:47 | INFO: Primitives created: 2
04:17:47 | INFO: Extracting primitive: n2502.001
04:17:47 | INFO: Primitives created: 2
04:17:47 | INFO: Extracting primitive: n2504.001
04:17:47 | INFO: Primitives created: 2
04:17:47 | INFO: Extracting primitive: n3856.001
04:17:47 | INFO: Primitives created: 1
04:17:47 | INFO: Extracting primitive: n3858.001
04:17:47 | INFO: Primitives created: 1
04:17:47 | INFO: Extracting primitive: n3860.001
04:17:47 | INFO: Primitives created: 1
04:17:47 | INFO: Extracting primitive: n3862.001
04:17:47 | INFO: Primitives created: 1
04:17:47 | INFO: Extracting primitive: n3864.001
04:17:47 | INFO: Primitives created: 1
04:17:47 | INFO: Extracting primitive: n3865.001
04:17:47 | INFO: Primitives created: 2
04:17:47 | INFO: Extracting primitive: n3867.001
04:17:47 | INFO: Primitives created: 2
04:17:47 | INFO: Extracting primitive: n3869.001
04:17:47 | INFO: Primitives created: 2
04:17:47 | INFO: Extracting primitive: n3871.001
04:17:47 | INFO: Primitives created: 2
04:17:47 | INFO: Extracting primitive: n3873.001
04:17:47 | INFO: Primitives created: 2
04:17:47 | INFO: Extracting primitive: n3928.001
04:17:47 | INFO: Primitives created: 3
04:17:47 | INFO: Extracting primitive: n3930.001
04:17:47 | INFO: Primitives created: 3
04:17:47 | INFO: Extracting primitive: n3932.001
04:17:47 | INFO: Primitives created: 1
04:17:47 | INFO: Extracting primitive: n3935.001
04:17:47 | INFO: Primitives created: 3
04:17:47 | INFO: Extracting primitive: n3937.001
04:17:47 | INFO: Primitives created: 3
04:17:47 | INFO: Extracting primitive: n3939.001
04:17:47 | INFO: Primitives created: 1
04:17:47 | INFO: Extracting primitive: n3942.001
04:17:47 | INFO: Primitives created: 3
04:17:47 | INFO: Extracting primitive: n3944.001
04:17:47 | INFO: Primitives created: 3
04:17:47 | INFO: Extracting primitive: n3946.001
04:17:47 | INFO: Primitives created: 1
04:17:47 | INFO: Extracting primitive: n3949.001
04:17:47 | INFO: Primitives created: 3
04:17:47 | INFO: Extracting primitive: n3951.001
04:17:47 | INFO: Primitives created: 3
04:17:47 | INFO: Extracting primitive: n3953.001
04:17:47 | INFO: Primitives created: 1
04:17:47 | INFO: Extracting primitive: n3879.001
04:17:47 | INFO: Primitives created: 1
04:17:47 | INFO: Extracting primitive: n3881.001
04:17:47 | INFO: Primitives created: 1
04:17:47 | INFO: Extracting primitive: tiger-tail-brush-1.001
04:17:47 | INFO: Primitives created: 3
04:17:47 | INFO: Extracting primitive: tiger-tail-brush-2.001
04:17:47 | INFO: Primitives created: 3
04:17:47 | INFO: Extracting primitive: tiger-tail-brush-3.001
04:17:47 | INFO: Primitives created: 3
04:17:47 | INFO: Extracting primitive: tiger-tail-brush-4.001
04:17:47 | INFO: Primitives created: 3
04:17:47 | INFO: Extracting primitive: tiger-tail-brush-5.001
04:17:47 | INFO: Primitives created: 3
04:17:47 | INFO: Extracting primitive: tiger-tail-brush-6.001
04:17:47 | INFO: Primitives created: 3
04:17:47 | INFO: Extracting primitive: tiger-tail-brush-tip.002
04:17:47 | INFO: Primitives created: 3
04:17:47 | INFO: Extracting primitive: tiger-tail-brush-tip.003
04:17:47 | INFO: Primitives created: 3
04:17:47 | INFO: Extracting primitive: n3884.001
04:17:47 | INFO: Primitives created: 1
04:17:47 | INFO: Extracting primitive: n3886.001
04:17:47 | INFO: Primitives created: 1
04:17:47 | INFO: Extracting primitive: n3888.001
04:17:47 | INFO: Primitives created: 1
04:17:47 | INFO: Extracting primitive: n3890.001
04:17:47 | INFO: Primitives created: 2
04:17:47 | INFO: Extracting primitive: n3892.001
04:17:47 | INFO: Primitives created: 2
04:17:47 | INFO: Extracting primitive: n3894.001
04:17:47 | INFO: Primitives created: 3
04:17:47 | INFO: Extracting primitive: n3896.001
04:17:47 | INFO: Primitives created: 3
04:17:47 | INFO: Extracting primitive: n3898.001
04:17:47 | INFO: Primitives created: 1
04:17:47 | INFO: Extracting primitive: n3900.001
04:17:47 | INFO: Primitives created: 2
04:17:47 | INFO: Extracting primitive: tiger-torso.001
04:17:47 | INFO: Primitives created: 1
04:17:47 | INFO: Extracting primitive: n4.001
04:17:47 | INFO: Primitives created: 6
04:17:47 | INFO: Extracting primitive: n6.001
04:17:47 | INFO: Primitives created: 6
04:17:47 | INFO: Extracting primitive: n8.001
04:17:47 | INFO: Primitives created: 6
04:17:47 | INFO: Extracting primitive: n10.001
04:17:47 | INFO: Primitives created: 6
04:17:47 | INFO: Extracting primitive: n12.001
04:17:47 | INFO: Primitives created: 6
04:17:47 | INFO: Extracting primitive: n14.001
04:17:47 | INFO: Primitives created: 6
04:17:47 | INFO: Extracting primitive: n16.001
04:17:47 | INFO: Primitives created: 6
04:17:47 | INFO: Extracting primitive: n18.001
04:17:47 | INFO: Primitives created: 6
04:17:47 | INFO: Extracting primitive: n1469.001
04:17:47 | INFO: Primitives created: 1
04:17:47 | INFO: Extracting primitive: n1471.001
04:17:47 | INFO: Primitives created: 1
04:17:47 | INFO: Extracting primitive: n1473.001
04:17:47 | INFO: Primitives created: 1
04:17:47 | INFO: Extracting primitive: n1475.001
04:17:47 | INFO: Primitives created: 1
04:17:47 | INFO: Extracting primitive: n1477.001
04:17:47 | INFO: Primitives created: 1
04:17:47 | INFO: Extracting primitive: n1479.001
04:17:47 | INFO: Primitives created: 1
04:17:47 | INFO: Extracting primitive: n1481.001
04:17:47 | INFO: Primitives created: 1
04:17:47 | INFO: Extracting primitive: n1483.001
04:17:47 | INFO: Primitives created: 1
04:17:47 | INFO: Extracting primitive: n1485.001
04:17:47 | INFO: Primitives created: 1
04:17:47 | INFO: Extracting primitive: n1487.001
04:17:47 | INFO: Primitives created: 1
04:17:47 | INFO: Extracting primitive: n1706.001
04:17:47 | INFO: Primitives created: 1
04:17:47 | INFO: Extracting primitive: n1708.001
04:17:47 | INFO: Primitives created: 1
04:17:47 | INFO: Extracting primitive: n1710.001
04:17:47 | INFO: Primitives created: 1
04:17:47 | INFO: Extracting primitive: n1712.001
04:17:47 | INFO: Primitives created: 1
04:17:47 | INFO: Extracting primitive: n1714.001
04:17:47 | INFO: Primitives created: 1
04:17:47 | INFO: Extracting primitive: n1716.001
04:17:47 | INFO: Primitives created: 1
04:17:47 | INFO: Extracting primitive: n1718.001
04:17:47 | INFO: Primitives created: 1
04:17:47 | INFO: Extracting primitive: n1720.001
04:17:47 | INFO: Primitives created: 1
04:17:47 | INFO: Extracting primitive: n1722.001
04:17:47 | INFO: Primitives created: 1
04:17:47 | INFO: Extracting primitive: n1724.001
04:17:47 | INFO: Primitives created: 1
04:17:47 | INFO: Extracting primitive: n1726.001
04:17:47 | INFO: Primitives created: 1
04:17:47 | INFO: Extracting primitive: n1728.001
04:17:47 | INFO: Primitives created: 1
04:17:47 | INFO: Extracting primitive: n1730.001
04:17:47 | INFO: Primitives created: 1
04:17:47 | INFO: Extracting primitive: n1732.001
04:17:47 | INFO: Primitives created: 1
04:17:47 | INFO: Extracting primitive: n1734.001
04:17:47 | INFO: Primitives created: 1
04:17:47 | INFO: Extracting primitive: n1736.001
04:17:47 | INFO: Primitives created: 1
04:17:47 | INFO: Extracting primitive: n1738.001
04:17:47 | INFO: Primitives created: 1
04:17:47 | INFO: Extracting primitive: n1740.001
04:17:47 | INFO: Primitives created: 1
04:17:47 | INFO: Extracting primitive: n1742.001
04:17:47 | INFO: Primitives created: 1
04:17:47 | INFO: Extracting primitive: n1744.001
04:17:47 | INFO: Primitives created: 1
04:17:47 | INFO: Extracting primitive: n1746.001
04:17:47 | INFO: Primitives created: 1
04:17:47 | INFO: Extracting primitive: n1748.001
04:17:47 | INFO: Primitives created: 1
04:17:47 | INFO: Extracting primitive: n1750.001
04:17:47 | INFO: Primitives created: 1
04:17:47 | INFO: Extracting primitive: n1752.001
04:17:47 | INFO: Primitives created: 1
04:17:47 | INFO: Extracting primitive: n1754.001
04:17:47 | INFO: Primitives created: 1
04:17:47 | INFO: Extracting primitive: n1756.001
04:17:47 | INFO: Primitives created: 1
04:17:47 | INFO: Extracting primitive: n1758.001
04:17:47 | INFO: Primitives created: 1
04:17:47 | INFO: Extracting primitive: n1759.001
04:17:47 | INFO: Primitives created: 1
04:17:47 | INFO: Extracting primitive: n1760.001
04:17:47 | INFO: Primitives created: 1
04:17:47 | INFO: Extracting primitive: n1761.001
04:17:47 | WARNING: More than one shader node tex image used for a texture. The resulting glTF sampler will behave like the first shader node tex image.
04:17:47 | INFO: Primitives created: 1
04:17:47 | INFO: Extracting primitive: n1762.001
04:17:47 | WARNING: More than one shader node tex image used for a texture. The resulting glTF sampler will behave like the first shader node tex image.
04:17:47 | INFO: Primitives created: 1
04:17:47 | INFO: Extracting primitive: n1763.001
04:17:47 | WARNING: More than one shader node tex image used for a texture. The resulting glTF sampler will behave like the first shader node tex image.
04:17:47 | INFO: Primitives created: 1
04:17:47 | INFO: Extracting primitive: n1764.001
04:17:47 | WARNING: More than one shader node tex image used for a texture. The resulting glTF sampler will behave like the first shader node tex image.
04:17:47 | INFO: Primitives created: 1
04:17:47 | INFO: Extracting primitive: n1765.001
04:17:47 | WARNING: More than one shader node tex image used for a texture. The resulting glTF sampler will behave like the first shader node tex image.
04:17:47 | INFO: Primitives created: 1
04:17:47 | INFO: Extracting primitive: n1766.001
04:17:47 | WARNING: More than one shader node tex image used for a texture. The resulting glTF sampler will behave like the first shader node tex image.
04:17:47 | INFO: Primitives created: 1
04:17:47 | INFO: Extracting primitive: n1767.001
04:17:47 | WARNING: More than one shader node tex image used for a texture. The resulting glTF sampler will behave like the first shader node tex image.
04:17:47 | INFO: Primitives created: 1
04:17:47 | INFO: Extracting primitive: n1768.001
04:17:47 | WARNING: More than one shader node tex image used for a texture. The resulting glTF sampler will behave like the first shader node tex image.
04:17:47 | INFO: Primitives created: 1
04:17:47 | INFO: Extracting primitive: n1769.001
04:17:47 | WARNING: More than one shader node tex image used for a texture. The resulting glTF sampler will behave like the first shader node tex image.
04:17:47 | INFO: Primitives created: 1
04:17:47 | INFO: Extracting primitive: n1770.001
04:17:47 | WARNING: More than one shader node tex image used for a texture. The resulting glTF sampler will behave like the first shader node tex image.
04:17:47 | INFO: Primitives created: 1
04:17:47 | INFO: Extracting primitive: n1771.001
04:17:47 | WARNING: More than one shader node tex image used for a texture. The resulting glTF sampler will behave like the first shader node tex image.
04:17:47 | INFO: Primitives created: 1
04:17:47 | INFO: Extracting primitive: n1772.001
04:17:47 | WARNING: More than one shader node tex image used for a texture. The resulting glTF sampler will behave like the first shader node tex image.
04:17:47 | INFO: Primitives created: 1
04:17:47 | INFO: Extracting primitive: n1773.001
04:17:47 | WARNING: More than one shader node tex image used for a texture. The resulting glTF sampler will behave like the first shader node tex image.
04:17:47 | INFO: Primitives created: 1
04:17:47 | INFO: Extracting primitive: n1774.001
04:17:47 | WARNING: More than one shader node tex image used for a texture. The resulting glTF sampler will behave like the first shader node tex image.
04:17:47 | INFO: Primitives created: 1
04:17:47 | INFO: Extracting primitive: n1775.001
04:17:47 | WARNING: More than one shader node tex image used for a texture. The resulting glTF sampler will behave like the first shader node tex image.
04:17:47 | INFO: Primitives created: 1
04:17:47 | INFO: Extracting primitive: n1776.001
04:17:47 | WARNING: More than one shader node tex image used for a texture. The resulting glTF sampler will behave like the first shader node tex image.
04:17:47 | INFO: Primitives created: 1
04:17:47 | INFO: Extracting primitive: n1777.001
04:17:47 | WARNING: More than one shader node tex image used for a texture. The resulting glTF sampler will behave like the first shader node tex image.
04:17:47 | INFO: Primitives created: 1
04:17:47 | INFO: Extracting primitive: n1778.001
04:17:47 | WARNING: More than one shader node tex image used for a texture. The resulting glTF sampler will behave like the first shader node tex image.
04:17:47 | INFO: Primitives created: 1
04:17:47 | INFO: Extracting primitive: n1779.001
04:17:47 | WARNING: More than one shader node tex image used for a texture. The resulting glTF sampler will behave like the first shader node tex image.
04:17:47 | INFO: Primitives created: 1
04:17:47 | INFO: Extracting primitive: n1780.001
04:17:47 | WARNING: More than one shader node tex image used for a texture. The resulting glTF sampler will behave like the first shader node tex image.
04:17:47 | INFO: Primitives created: 1
04:17:47 | INFO: Extracting primitive: n1781.001
04:17:47 | WARNING: More than one shader node tex image used for a texture. The resulting glTF sampler will behave like the first shader node tex image.
04:17:47 | INFO: Primitives created: 1
04:17:47 | INFO: Extracting primitive: n1782.001
04:17:47 | WARNING: More than one shader node tex image used for a texture. The resulting glTF sampler will behave like the first shader node tex image.
04:17:47 | INFO: Primitives created: 1
04:17:47 | INFO: Extracting primitive: n1783.001
04:17:47 | WARNING: More than one shader node tex image used for a texture. The resulting glTF sampler will behave like the first shader node tex image.
04:17:47 | INFO: Primitives created: 1
04:17:47 | INFO: Extracting primitive: n1784.001
04:17:47 | WARNING: More than one shader node tex image used for a texture. The resulting glTF sampler will behave like the first shader node tex image.
04:17:47 | INFO: Primitives created: 1
04:17:47 | INFO: Extracting primitive: n1785.001
04:17:47 | WARNING: More than one shader node tex image used for a texture. The resulting glTF sampler will behave like the first shader node tex image.
04:17:47 | INFO: Primitives created: 1
04:17:47 | INFO: Extracting primitive: n1786.001
04:17:47 | WARNING: More than one shader node tex image used for a texture. The resulting glTF sampler will behave like the first shader node tex image.
04:17:47 | INFO: Primitives created: 1
04:17:47 | INFO: Extracting primitive: n1787.001
04:17:47 | WARNING: More than one shader node tex image used for a texture. The resulting glTF sampler will behave like the first shader node tex image.
04:17:47 | INFO: Primitives created: 1
04:17:47 | INFO: Extracting primitive: n1788.001
04:17:47 | WARNING: More than one shader node tex image used for a texture. The resulting glTF sampler will behave like the first shader node tex image.
04:17:47 | INFO: Primitives created: 1
04:17:47 | INFO: Extracting primitive: n1789.001
04:17:47 | WARNING: More than one shader node tex image used for a texture. The resulting glTF sampler will behave like the first shader node tex image.
04:17:47 | INFO: Primitives created: 1
04:17:47 | INFO: Extracting primitive: n1790.001
04:17:47 | WARNING: More than one shader node tex image used for a texture. The resulting glTF sampler will behave like the first shader node tex image.
04:17:47 | INFO: Primitives created: 1
04:17:47 | INFO: Extracting primitive: n1791.001
04:17:47 | WARNING: More than one shader node tex image used for a texture. The resulting glTF sampler will behave like the first shader node tex image.
04:17:47 | INFO: Primitives created: 1
04:17:47 | INFO: Extracting primitive: n1792.001
04:17:47 | WARNING: More than one shader node tex image used for a texture. The resulting glTF sampler will behave like the first shader node tex image.
04:17:47 | INFO: Primitives created: 1
04:17:47 | INFO: Extracting primitive: n1793.001
04:17:47 | WARNING: More than one shader node tex image used for a texture. The resulting glTF sampler will behave like the first shader node tex image.
04:17:47 | INFO: Primitives created: 1
04:17:47 | INFO: Extracting primitive: n1794.001
04:17:47 | WARNING: More than one shader node tex image used for a texture. The resulting glTF sampler will behave like the first shader node tex image.
04:17:47 | INFO: Primitives created: 1
04:17:47 | INFO: Extracting primitive: n1795.001
04:17:47 | WARNING: More than one shader node tex image used for a texture. The resulting glTF sampler will behave like the first shader node tex image.
04:17:47 | INFO: Primitives created: 1
04:17:47 | INFO: Extracting primitive: n1796.001
04:17:47 | WARNING: More than one shader node tex image used for a texture. The resulting glTF sampler will behave like the first shader node tex image.
04:17:47 | INFO: Primitives created: 1
04:17:47 | INFO: Extracting primitive: n1797.001
04:17:47 | WARNING: More than one shader node tex image used for a texture. The resulting glTF sampler will behave like the first shader node tex image.
04:17:47 | INFO: Primitives created: 1
04:17:47 | INFO: Extracting primitive: n1798.001
04:17:47 | WARNING: More than one shader node tex image used for a texture. The resulting glTF sampler will behave like the first shader node tex image.
04:17:47 | INFO: Primitives created: 1
04:17:47 | INFO: Extracting primitive: n1799.001
04:17:47 | WARNING: More than one shader node tex image used for a texture. The resulting glTF sampler will behave like the first shader node tex image.
04:17:47 | INFO: Primitives created: 1
04:17:47 | INFO: Extracting primitive: n1800.001
04:17:47 | WARNING: More than one shader node tex image used for a texture. The resulting glTF sampler will behave like the first shader node tex image.
04:17:47 | INFO: Primitives created: 1
04:17:47 | INFO: Extracting primitive: n1801.001
04:17:47 | WARNING: More than one shader node tex image used for a texture. The resulting glTF sampler will behave like the first shader node tex image.
04:17:47 | INFO: Primitives created: 1
04:17:47 | INFO: Extracting primitive: n1802.001
04:17:47 | WARNING: More than one shader node tex image used for a texture. The resulting glTF sampler will behave like the first shader node tex image.
04:17:47 | INFO: Primitives created: 1
04:17:47 | INFO: Extracting primitive: n1803.001
04:17:47 | WARNING: More than one shader node tex image used for a texture. The resulting glTF sampler will behave like the first shader node tex image.
04:17:47 | INFO: Primitives created: 1
04:17:47 | INFO: Extracting primitive: n1804.001
04:17:47 | WARNING: More than one shader node tex image used for a texture. The resulting glTF sampler will behave like the first shader node tex image.
04:17:47 | INFO: Primitives created: 1
04:17:47 | INFO: Extracting primitive: n1805.001
04:17:47 | WARNING: More than one shader node tex image used for a texture. The resulting glTF sampler will behave like the first shader node tex image.
04:17:47 | INFO: Primitives created: 1
04:17:47 | INFO: Extracting primitive: n1806.001
04:17:47 | WARNING: More than one shader node tex image used for a texture. The resulting glTF sampler will behave like the first shader node tex image.
04:17:47 | INFO: Primitives created: 1
04:17:47 | INFO: Extracting primitive: n1807.001
04:17:47 | WARNING: More than one shader node tex image used for a texture. The resulting glTF sampler will behave like the first shader node tex image.
04:17:47 | INFO: Primitives created: 1
04:17:47 | INFO: Extracting primitive: n1808.001
04:17:47 | WARNING: More than one shader node tex image used for a texture. The resulting glTF sampler will behave like the first shader node tex image.
04:17:47 | INFO: Primitives created: 1
04:17:47 | INFO: Extracting primitive: n1809.001
04:17:47 | WARNING: More than one shader node tex image used for a texture. The resulting glTF sampler will behave like the first shader node tex image.
04:17:47 | INFO: Primitives created: 1
04:17:47 | INFO: Extracting primitive: n1810.001
04:17:47 | WARNING: More than one shader node tex image used for a texture. The resulting glTF sampler will behave like the first shader node tex image.
04:17:47 | INFO: Primitives created: 1
04:17:47 | INFO: Extracting primitive: n1811.001
04:17:47 | WARNING: More than one shader node tex image used for a texture. The resulting glTF sampler will behave like the first shader node tex image.
04:17:47 | INFO: Primitives created: 1
04:17:47 | INFO: Extracting primitive: n1812.001
04:17:47 | WARNING: More than one shader node tex image used for a texture. The resulting glTF sampler will behave like the first shader node tex image.
04:17:47 | INFO: Primitives created: 1
04:17:47 | INFO: Extracting primitive: n2056.001
04:17:47 | INFO: Primitives created: 2
04:17:47 | INFO: Extracting primitive: n2058.001
04:17:47 | INFO: Primitives created: 2
04:17:47 | INFO: Extracting primitive: n2060.001
04:17:47 | INFO: Primitives created: 2
04:17:47 | INFO: Extracting primitive: n2063.001
04:17:47 | INFO: Primitives created: 2
04:17:47 | INFO: Extracting primitive: n2065.001
04:17:47 | INFO: Primitives created: 2
04:17:47 | INFO: Extracting primitive: n2067.001
04:17:47 | INFO: Primitives created: 2
04:17:47 | INFO: Extracting primitive: n2069.001
04:17:47 | INFO: Primitives created: 2
04:17:47 | INFO: Extracting primitive: n2071.001
04:17:47 | INFO: Primitives created: 2
04:17:47 | INFO: Extracting primitive: n2073.001
04:17:47 | INFO: Primitives created: 2
04:17:47 | INFO: Extracting primitive: n2076.001
04:17:47 | INFO: Primitives created: 2
04:17:47 | INFO: Extracting primitive: n2078.001
04:17:47 | INFO: Primitives created: 2
04:17:47 | INFO: Extracting primitive: n2080.001
04:17:47 | INFO: Primitives created: 2
04:17:47 | INFO: Extracting primitive: n2082.001
04:17:47 | INFO: Primitives created: 2
04:17:47 | INFO: Extracting primitive: n2084.001
04:17:47 | INFO: Primitives created: 2
04:17:47 | INFO: Extracting primitive: n2086.001
04:17:47 | INFO: Primitives created: 2
04:17:47 | INFO: Extracting primitive: n2089.001
04:17:47 | INFO: Primitives created: 2
04:17:47 | INFO: Extracting primitive: n2091.001
04:17:47 | INFO: Primitives created: 2
04:17:47 | INFO: Extracting primitive: n2093.001
04:17:47 | INFO: Primitives created: 2
04:17:47 | INFO: Extracting primitive: n2096.001
04:17:47 | INFO: Primitives created: 2
04:17:47 | INFO: Extracting primitive: n2098.001
04:17:47 | INFO: Primitives created: 2
04:17:47 | INFO: Extracting primitive: n2100.001
04:17:47 | INFO: Primitives created: 2
04:17:47 | INFO: Extracting primitive: n2102.001
04:17:47 | INFO: Primitives created: 2
04:17:47 | INFO: Extracting primitive: n2105.001
04:17:47 | INFO: Primitives created: 2
04:17:47 | INFO: Extracting primitive: n2107.001
04:17:47 | INFO: Primitives created: 2
04:17:47 | INFO: Extracting primitive: n2109.001
04:17:47 | INFO: Primitives created: 2
04:17:47 | INFO: Extracting primitive: n2111.001
04:17:47 | INFO: Primitives created: 2
04:17:47 | INFO: Extracting primitive: n2113.001
04:17:47 | INFO: Primitives created: 2
04:17:47 | INFO: Extracting primitive: n2115.001
04:17:47 | INFO: Primitives created: 2
04:17:47 | INFO: Extracting primitive: n2118.001
04:17:47 | INFO: Primitives created: 2
04:17:47 | INFO: Extracting primitive: n2120.001
04:17:47 | INFO: Primitives created: 2
04:17:47 | INFO: Extracting primitive: n2122.001
04:17:47 | INFO: Primitives created: 2
04:17:47 | INFO: Extracting primitive: n2124.001
04:17:47 | INFO: Primitives created: 2
04:17:47 | INFO: Extracting primitive: n2126.001
04:17:47 | INFO: Primitives created: 2
04:17:47 | INFO: Extracting primitive: n2128.001
04:17:47 | INFO: Primitives created: 2
04:17:47 | INFO: Extracting primitive: n2131.001
04:17:47 | INFO: Primitives created: 2
04:17:47 | INFO: Extracting primitive: n2133.001
04:17:47 | INFO: Primitives created: 2
04:17:47 | INFO: Extracting primitive: n2135.001
04:17:47 | INFO: Primitives created: 2
04:17:47 | INFO: Extracting primitive: n2137.001
04:17:47 | INFO: Primitives created: 2
04:17:47 | INFO: Extracting primitive: n2139.001
04:17:47 | INFO: Primitives created: 2
04:17:47 | INFO: Extracting primitive: n2141.001
04:17:47 | INFO: Primitives created: 2
04:17:47 | INFO: Extracting primitive: n2144.001
04:17:47 | INFO: Primitives created: 2
04:17:47 | INFO: Extracting primitive: n2146.001
04:17:47 | INFO: Primitives created: 2
04:17:47 | INFO: Extracting primitive: n2148.001
04:17:47 | INFO: Primitives created: 2
04:17:47 | INFO: Extracting primitive: n2151.001
04:17:47 | INFO: Primitives created: 2
04:17:47 | INFO: Extracting primitive: n2153.001
04:17:47 | INFO: Primitives created: 2
04:17:47 | INFO: Extracting primitive: n2155.001
04:17:47 | INFO: Primitives created: 2
04:17:47 | INFO: Extracting primitive: n2158.001
04:17:47 | INFO: Primitives created: 2
04:17:47 | INFO: Extracting primitive: n2160.001
04:17:47 | INFO: Primitives created: 2
04:17:47 | INFO: Extracting primitive: n2162.001
04:17:47 | INFO: Primitives created: 2
04:17:47 | INFO: Extracting primitive: n2164.001
04:17:47 | INFO: Primitives created: 2
04:17:47 | INFO: Extracting primitive: n2166.001
04:17:47 | INFO: Primitives created: 2
04:17:47 | INFO: Extracting primitive: n2168.001
04:17:47 | INFO: Primitives created: 2
04:17:47 | INFO: Extracting primitive: n2171.001
04:17:47 | INFO: Primitives created: 2
04:17:47 | INFO: Extracting primitive: n2173.001
04:17:47 | INFO: Primitives created: 2
04:17:47 | INFO: Extracting primitive: n2175.001
04:17:47 | INFO: Primitives created: 2
04:17:47 | INFO: Extracting primitive: n2177.001
04:17:47 | INFO: Primitives created: 2
04:17:47 | INFO: Extracting primitive: n2179.001
04:17:47 | INFO: Primitives created: 2
04:17:47 | INFO: Extracting primitive: n2182.001
04:17:47 | INFO: Primitives created: 2
04:17:47 | INFO: Extracting primitive: n2184.001
04:17:47 | INFO: Primitives created: 2
04:17:47 | INFO: Extracting primitive: n2186.001
04:17:47 | INFO: Primitives created: 2
04:17:47 | INFO: Extracting primitive: n2188.001
04:17:47 | INFO: Primitives created: 2
04:17:47 | INFO: Extracting primitive: n2190.001
04:17:47 | INFO: Primitives created: 2
04:17:47 | INFO: Extracting primitive: n2193.001
04:17:47 | INFO: Primitives created: 2
04:17:47 | INFO: Extracting primitive: n2195.001
04:17:47 | INFO: Primitives created: 2
04:17:47 | INFO: Extracting primitive: n2197.001
04:17:47 | INFO: Primitives created: 2
04:17:47 | INFO: Extracting primitive: n2199.001
04:17:47 | INFO: Primitives created: 2
04:17:47 | INFO: Extracting primitive: n2201.001
04:17:47 | INFO: Primitives created: 2
04:17:47 | INFO: Extracting primitive: n2203.001
04:17:47 | INFO: Primitives created: 2
04:17:47 | INFO: Extracting primitive: n2206.001
04:17:47 | INFO: Primitives created: 2
04:17:47 | INFO: Extracting primitive: n2208.001
04:17:47 | INFO: Primitives created: 2
04:17:47 | INFO: Extracting primitive: n2210.001
04:17:47 | INFO: Primitives created: 2
04:17:47 | INFO: Extracting primitive: n2212.001
04:17:47 | INFO: Primitives created: 2
04:17:47 | INFO: Extracting primitive: n2214.001
04:17:47 | INFO: Primitives created: 2
04:17:47 | INFO: Extracting primitive: n2216.001
04:17:47 | INFO: Primitives created: 2
04:17:47 | INFO: Extracting primitive: n2219.001
04:17:47 | INFO: Primitives created: 2
04:17:47 | INFO: Extracting primitive: n2221.001
04:17:47 | INFO: Primitives created: 2
04:17:47 | INFO: Extracting primitive: n2223.001
04:17:47 | INFO: Primitives created: 2
04:17:47 | INFO: Extracting primitive: n2225.001
04:17:47 | INFO: Primitives created: 2
04:17:47 | INFO: Extracting primitive: n2228.001
04:17:47 | INFO: Primitives created: 2
04:17:47 | INFO: Extracting primitive: n2230.001
04:17:47 | INFO: Primitives created: 2
04:17:47 | INFO: Extracting primitive: n2232.001
04:17:47 | INFO: Primitives created: 2
04:17:47 | INFO: Extracting primitive: n2235.001
04:17:47 | INFO: Primitives created: 2
04:17:47 | INFO: Extracting primitive: n2237.001
04:17:47 | INFO: Primitives created: 2
04:17:47 | INFO: Extracting primitive: n2239.001
04:17:47 | INFO: Primitives created: 2
04:17:47 | INFO: Extracting primitive: n2241.001
04:17:47 | INFO: Primitives created: 2
04:17:47 | INFO: Extracting primitive: n2244.001
04:17:47 | INFO: Primitives created: 2
04:17:47 | INFO: Extracting primitive: n2246.001
04:17:47 | INFO: Primitives created: 2
04:17:47 | INFO: Extracting primitive: n2248.001
04:17:47 | INFO: Primitives created: 2
04:17:47 | INFO: Extracting primitive: n2250.001
04:17:47 | INFO: Primitives created: 2
04:17:47 | INFO: Extracting primitive: n2252.001
04:17:47 | INFO: Primitives created: 2
04:17:47 | INFO: Extracting primitive: n2255.001
04:17:47 | INFO: Primitives created: 2
04:17:47 | INFO: Extracting primitive: n2257.001
04:17:47 | INFO: Primitives created: 2
04:17:47 | INFO: Extracting primitive: n2259.001
04:17:47 | INFO: Primitives created: 2
04:17:47 | INFO: Extracting primitive: n2261.001
04:17:47 | INFO: Primitives created: 2
04:17:47 | INFO: Extracting primitive: n2263.001
04:17:47 | INFO: Primitives created: 2
04:17:47 | INFO: Extracting primitive: n2265.001
04:17:47 | INFO: Primitives created: 2
04:17:47 | INFO: Extracting primitive: n2268.001
04:17:47 | INFO: Primitives created: 2
04:17:47 | INFO: Extracting primitive: n2270.001
04:17:47 | INFO: Primitives created: 2
04:17:47 | INFO: Extracting primitive: n2272.001
04:17:47 | INFO: Primitives created: 2
04:17:47 | INFO: Extracting primitive: n2274.001
04:17:47 | INFO: Primitives created: 2
04:17:47 | INFO: Extracting primitive: n2276.001
04:17:47 | INFO: Primitives created: 2
04:17:47 | INFO: Extracting primitive: n2278.001
04:17:47 | INFO: Primitives created: 2
04:17:47 | INFO: Extracting primitive: n2281.001
04:17:47 | INFO: Primitives created: 2
04:17:47 | INFO: Extracting primitive: n2283.001
04:17:47 | INFO: Primitives created: 2
04:17:47 | INFO: Extracting primitive: n2285.001
04:17:47 | INFO: Primitives created: 2
04:17:47 | INFO: Extracting primitive: n2287.001
04:17:47 | INFO: Primitives created: 2
04:17:47 | INFO: Extracting primitive: n2290.001
04:17:47 | INFO: Primitives created: 2
04:17:47 | INFO: Extracting primitive: n2292.001
04:17:47 | INFO: Primitives created: 2
04:17:47 | INFO: Extracting primitive: n2294.001
04:17:47 | INFO: Primitives created: 2
04:17:47 | INFO: Extracting primitive: n2297.001
04:17:47 | INFO: Primitives created: 2
04:17:47 | INFO: Extracting primitive: n2299.001
04:17:47 | INFO: Primitives created: 2
04:17:47 | INFO: Extracting primitive: n2301.001
04:17:47 | INFO: Primitives created: 2
04:17:47 | INFO: Extracting primitive: n2303.001
04:17:47 | INFO: Primitives created: 2
04:17:47 | INFO: Extracting primitive: n2305.001
04:17:47 | INFO: Primitives created: 2
04:17:47 | INFO: Extracting primitive: n2308.001
04:17:47 | INFO: Primitives created: 2
04:17:47 | INFO: Extracting primitive: n2310.001
04:17:47 | INFO: Primitives created: 2
04:17:47 | INFO: Extracting primitive: n2312.001
04:17:47 | INFO: Primitives created: 2
04:17:47 | INFO: Extracting primitive: n2315.001
04:17:47 | INFO: Primitives created: 2
04:17:47 | INFO: Extracting primitive: n2317.001
04:17:47 | INFO: Primitives created: 2
04:17:47 | INFO: Extracting primitive: n2319.001
04:17:47 | INFO: Primitives created: 2
04:17:47 | INFO: Extracting primitive: n2321.001
04:17:47 | INFO: Primitives created: 2
04:17:47 | INFO: Extracting primitive: n2323.001
04:17:47 | INFO: Primitives created: 2
04:17:47 | INFO: Extracting primitive: n2325.001
04:17:47 | INFO: Primitives created: 1
04:17:47 | INFO: Extracting primitive: n2327.001
04:17:47 | INFO: Primitives created: 1
04:17:47 | INFO: Extracting primitive: n2329.001
04:17:47 | INFO: Primitives created: 1
04:17:47 | INFO: Extracting primitive: n2331.001
04:17:47 | INFO: Primitives created: 1
04:17:47 | INFO: Extracting primitive: n2333.001
04:17:47 | INFO: Primitives created: 1
04:17:47 | INFO: Extracting primitive: n2335.001
04:17:47 | INFO: Primitives created: 1
04:17:47 | INFO: Extracting primitive: n2337.001
04:17:47 | INFO: Primitives created: 1
04:17:47 | INFO: Extracting primitive: n2339.001
04:17:47 | INFO: Primitives created: 1
04:17:47 | INFO: Extracting primitive: n2341.001
04:17:47 | INFO: Primitives created: 1
04:17:47 | INFO: Extracting primitive: n2343.001
04:17:47 | INFO: Primitives created: 1
04:17:47 | INFO: Extracting primitive: n2345.001
04:17:47 | INFO: Primitives created: 1
04:17:47 | INFO: Extracting primitive: n2347.001
04:17:47 | INFO: Primitives created: 1
04:17:47 | INFO: Extracting primitive: n2349.001
04:17:47 | INFO: Primitives created: 1
04:17:47 | INFO: Extracting primitive: n2351.001
04:17:47 | INFO: Primitives created: 1
04:17:47 | INFO: Extracting primitive: n2573.001
04:17:47 | WARNING: More than one shader node tex image used for a texture. The resulting glTF sampler will behave like the first shader node tex image.
04:17:47 | INFO: Primitives created: 1
04:17:47 | INFO: Extracting primitive: n2574.001
04:17:47 | WARNING: More than one shader node tex image used for a texture. The resulting glTF sampler will behave like the first shader node tex image.
04:17:47 | INFO: Primitives created: 1
04:17:47 | INFO: Extracting primitive: n2575.001
04:17:47 | WARNING: More than one shader node tex image used for a texture. The resulting glTF sampler will behave like the first shader node tex image.
04:17:47 | INFO: Primitives created: 1
04:17:47 | INFO: Extracting primitive: n2576.001
04:17:47 | WARNING: More than one shader node tex image used for a texture. The resulting glTF sampler will behave like the first shader node tex image.
04:17:47 | INFO: Primitives created: 1
04:17:47 | INFO: Extracting primitive: n2640.001
04:17:47 | INFO: Primitives created: 3
04:17:47 | INFO: Extracting primitive: n2679.001
04:17:47 | INFO: Primitives created: 3
04:17:47 | INFO: Extracting primitive: n2718.001
04:17:47 | INFO: Primitives created: 3
04:17:47 | INFO: Extracting primitive: n2757.001
04:17:47 | INFO: Primitives created: 3
04:17:47 | INFO: Extracting primitive: n2759.001
04:17:47 | INFO: Primitives created: 1
04:17:47 | INFO: Extracting primitive: n2760.001
04:17:47 | INFO: Primitives created: 1
04:17:47 | INFO: Extracting primitive: n2761.001
04:17:47 | INFO: Primitives created: 1
04:17:47 | INFO: Extracting primitive: n2762.001
04:17:47 | INFO: Primitives created: 1
04:17:47 | INFO: Extracting primitive: n2763.001
04:17:47 | INFO: Primitives created: 1
04:17:47 | INFO: Extracting primitive: n2764.001
04:17:47 | INFO: Primitives created: 1
04:17:47 | INFO: Extracting primitive: n2765.001
04:17:47 | INFO: Primitives created: 1
04:17:47 | INFO: Extracting primitive: n2766.001
04:17:47 | INFO: Primitives created: 1
04:17:47 | INFO: Extracting primitive: n2767.001
04:17:47 | INFO: Primitives created: 1
04:17:47 | INFO: Extracting primitive: n2768.001
04:17:47 | INFO: Primitives created: 1
04:17:47 | INFO: Extracting primitive: n2769.001
04:17:47 | INFO: Primitives created: 1
04:17:47 | INFO: Extracting primitive: n2770.001
04:17:47 | INFO: Primitives created: 1
04:17:47 | INFO: Extracting primitive: n3511.001
04:17:47 | INFO: Primitives created: 3
04:17:47 | INFO: Extracting primitive: n3513.001
04:17:47 | INFO: Primitives created: 3
04:17:47 | INFO: Extracting primitive: n2428.001
04:17:47 | INFO: Primitives created: 2
04:17:47 | INFO: Extracting primitive: n2430.001
04:17:47 | INFO: Primitives created: 2
04:17:47 | INFO: Extracting primitive: n2432.001
04:17:47 | INFO: Primitives created: 2
04:17:47 | INFO: Extracting primitive: n2434.001
04:17:47 | INFO: Primitives created: 2
04:17:47 | INFO: Extracting primitive: n2436.001
04:17:47 | INFO: Primitives created: 2
04:17:47 | INFO: Extracting primitive: n2438.001
04:17:47 | INFO: Primitives created: 2
04:17:47 | INFO: Extracting primitive: n2440.001
04:17:47 | INFO: Primitives created: 1
04:17:47 | INFO: Extracting primitive: n2442.001
04:17:47 | INFO: Primitives created: 1
04:17:47 | INFO: Extracting primitive: n2444.001
04:17:47 | INFO: Primitives created: 1
04:17:47 | INFO: Extracting primitive: n2446.001
04:17:47 | INFO: Primitives created: 1
04:17:47 | INFO: Extracting primitive: n2448.001
04:17:47 | INFO: Primitives created: 1
04:17:47 | INFO: Extracting primitive: n2450.001
04:17:47 | INFO: Primitives created: 1
04:17:47 | INFO: Extracting primitive: n2452.001
04:17:47 | INFO: Primitives created: 1
04:17:47 | INFO: Extracting primitive: swamp-vine-0.001
04:17:47 | INFO: Primitives created: 1
04:17:47 | INFO: Extracting primitive: swamp-vine-1.001
04:17:47 | INFO: Primitives created: 1
04:17:47 | INFO: Extracting primitive: swamp-vine-2.001
04:17:47 | INFO: Primitives created: 1
04:17:47 | INFO: Extracting primitive: swamp-vine-3.001
04:17:47 | INFO: Primitives created: 1
04:17:47 | INFO: Extracting primitive: swamp-vine-4.001
04:17:47 | INFO: Primitives created: 1
04:17:47 | INFO: Extracting primitive: swamp-vine-5.001
04:17:47 | INFO: Primitives created: 1
04:17:47 | INFO: Extracting primitive: world-tree-trunk.001
04:17:47 | INFO: Primitives created: 3
04:17:47 | INFO: Extracting primitive: n2896.001
04:17:47 | INFO: Primitives created: 2
04:17:47 | INFO: Extracting primitive: n2898.001
04:17:47 | INFO: Primitives created: 1
04:17:47 | INFO: Extracting primitive: n2900.001
04:17:47 | INFO: Primitives created: 1
04:17:47 | INFO: Extracting primitive: n2902.001
04:17:47 | INFO: Primitives created: 2
04:17:47 | INFO: Extracting primitive: n2904.001
04:17:47 | WARNING: More than one shader node tex image used for a texture. The resulting glTF sampler will behave like the first shader node tex image.
04:17:47 | INFO: Primitives created: 1
04:17:47 | INFO: Extracting primitive: n2906.001
04:17:47 | INFO: Primitives created: 2
04:17:47 | INFO: Extracting primitive: n2908.001
04:17:47 | INFO: Primitives created: 1
04:17:47 | INFO: Extracting primitive: n2910.001
04:17:47 | INFO: Primitives created: 1
04:17:47 | INFO: Extracting primitive: n2912.001
04:17:47 | INFO: Primitives created: 2
04:17:47 | INFO: Extracting primitive: n2914.001
04:17:47 | WARNING: More than one shader node tex image used for a texture. The resulting glTF sampler will behave like the first shader node tex image.
04:17:47 | INFO: Primitives created: 1
04:17:47 | INFO: Extracting primitive: n2916.001
04:17:47 | INFO: Primitives created: 2
04:17:47 | INFO: Extracting primitive: n2918.001
04:17:47 | INFO: Primitives created: 1
04:17:47 | INFO: Extracting primitive: n2920.001
04:17:47 | INFO: Primitives created: 1
04:17:47 | INFO: Extracting primitive: n2922.001
04:17:47 | INFO: Primitives created: 2
04:17:47 | INFO: Extracting primitive: n2924.001
04:17:47 | WARNING: More than one shader node tex image used for a texture. The resulting glTF sampler will behave like the first shader node tex image.
04:17:47 | INFO: Primitives created: 1
04:17:47 | INFO: Extracting primitive: n2926.001
04:17:47 | INFO: Primitives created: 2
04:17:47 | INFO: Extracting primitive: n2928.001
04:17:47 | INFO: Primitives created: 1
04:17:47 | INFO: Extracting primitive: n2930.001
04:17:47 | INFO: Primitives created: 1
04:17:47 | INFO: Extracting primitive: n2932.001
04:17:47 | INFO: Primitives created: 2
04:17:47 | INFO: Extracting primitive: n2934.001
04:17:47 | WARNING: More than one shader node tex image used for a texture. The resulting glTF sampler will behave like the first shader node tex image.
04:17:47 | INFO: Primitives created: 1
04:17:47 | INFO: Extracting primitive: n2772.001
04:17:47 | INFO: Primitives created: 1
04:17:47 | INFO: Extracting primitive: n2774.001
04:17:47 | INFO: Primitives created: 1
04:17:47 | INFO: Extracting primitive: n2776.001
04:17:47 | INFO: Primitives created: 1
04:17:47 | INFO: Extracting primitive: n2777.001
04:17:47 | INFO: Primitives created: 1
04:17:47 | INFO: Extracting primitive: n2359.001
04:17:47 | INFO: Primitives created: 2
04:17:47 | INFO: Extracting primitive: n2361.001
04:17:47 | INFO: Primitives created: 2
04:17:47 | INFO: Extracting primitive: n2363.001
04:17:47 | INFO: Primitives created: 1
04:17:47 | INFO: Extracting primitive: n2364.001
04:17:47 | INFO: Primitives created: 1
04:17:47 | INFO: Extracting primitive: n2366.001
04:17:47 | INFO: Primitives created: 2
04:17:47 | INFO: Extracting primitive: n2368.001
04:17:47 | INFO: Primitives created: 2
04:17:47 | INFO: Extracting primitive: n2370.001
04:17:47 | INFO: Primitives created: 1
04:17:47 | INFO: Extracting primitive: n2371.001
04:17:47 | INFO: Primitives created: 1
04:17:47 | INFO: Extracting primitive: n2372.001
04:17:47 | INFO: Primitives created: 1
04:17:47 | INFO: Extracting primitive: n2374.001
04:17:47 | INFO: Primitives created: 2
04:17:47 | INFO: Extracting primitive: n2376.001
04:17:47 | INFO: Primitives created: 2
04:17:47 | INFO: Extracting primitive: n2378.001
04:17:47 | INFO: Primitives created: 1
04:17:47 | INFO: Extracting primitive: n2379.001
04:17:47 | INFO: Primitives created: 1
04:17:47 | INFO: Extracting primitive: n2381.001
04:17:47 | INFO: Primitives created: 2
04:17:47 | INFO: Extracting primitive: n2383.001
04:17:47 | INFO: Primitives created: 2
04:17:47 | INFO: Extracting primitive: n2385.001
04:17:47 | INFO: Primitives created: 1
04:17:47 | INFO: Extracting primitive: n2386.001
04:17:47 | INFO: Primitives created: 1
04:17:47 | INFO: Extracting primitive: n2387.001
04:17:47 | INFO: Primitives created: 1
04:17:47 | INFO: Extracting primitive: n2389.001
04:17:47 | INFO: Primitives created: 2
04:17:47 | INFO: Extracting primitive: n2391.001
04:17:47 | INFO: Primitives created: 2
04:17:47 | INFO: Extracting primitive: n2393.001
04:17:47 | INFO: Primitives created: 1
04:17:47 | INFO: Extracting primitive: n2394.001
04:17:47 | INFO: Primitives created: 1
04:17:47 | INFO: Extracting primitive: n2396.001
04:17:47 | INFO: Primitives created: 2
04:17:47 | INFO: Extracting primitive: n2398.001
04:17:47 | INFO: Primitives created: 2
04:17:47 | INFO: Extracting primitive: n2400.001
04:17:47 | INFO: Primitives created: 1
04:17:47 | INFO: Extracting primitive: n2401.001
04:17:47 | INFO: Primitives created: 1
04:17:47 | INFO: Extracting primitive: n2402.001
04:17:47 | INFO: Primitives created: 1
04:17:47 | INFO: Extracting primitive: n2404.001
04:17:47 | INFO: Primitives created: 2
04:17:47 | INFO: Extracting primitive: n2406.001
04:17:47 | INFO: Primitives created: 2
04:17:47 | INFO: Extracting primitive: n2408.001
04:17:47 | INFO: Primitives created: 1
04:17:47 | INFO: Extracting primitive: n2409.001
04:17:47 | INFO: Primitives created: 1
04:17:47 | INFO: Extracting primitive: n2411.001
04:17:47 | INFO: Primitives created: 2
04:17:47 | INFO: Extracting primitive: n2413.001
04:17:47 | INFO: Primitives created: 2
04:17:47 | INFO: Extracting primitive: n2415.001
04:17:47 | INFO: Primitives created: 1
04:17:47 | INFO: Extracting primitive: n2416.001
04:17:47 | INFO: Primitives created: 1
04:17:47 | INFO: Extracting primitive: n2417.001
04:17:47 | INFO: Primitives created: 1
04:17:47 | INFO: Extracting primitive: n2419.001
04:17:47 | INFO: Primitives created: 2
04:17:47 | INFO: Extracting primitive: n2421.001
04:17:47 | INFO: Primitives created: 2
04:17:47 | INFO: Extracting primitive: n2423.001
04:17:47 | INFO: Primitives created: 1
04:17:47 | INFO: Extracting primitive: n2424.001
04:17:47 | INFO: Primitives created: 1
04:17:47 | INFO: Extracting primitive: n1490.001
04:17:47 | INFO: Primitives created: 1
04:17:47 | INFO: Extracting primitive: n1492.001
04:17:47 | INFO: Primitives created: 1
04:17:47 | INFO: Extracting primitive: n1494.001
04:17:47 | INFO: Primitives created: 1
04:17:47 | INFO: Extracting primitive: n1496.001
04:17:47 | INFO: Primitives created: 1
04:17:47 | INFO: Extracting primitive: n1498.001
04:17:47 | INFO: Primitives created: 1
04:17:47 | INFO: Extracting primitive: n1500.001
04:17:47 | INFO: Primitives created: 1
04:17:47 | INFO: Extracting primitive: n1502.001
04:17:47 | INFO: Primitives created: 1
04:17:47 | INFO: Extracting primitive: n1504.001
04:17:47 | INFO: Primitives created: 1
04:17:47 | INFO: Extracting primitive: n1505.001
04:17:47 | WARNING: More than one shader node tex image used for a texture. The resulting glTF sampler will behave like the first shader node tex image.
04:17:47 | INFO: Primitives created: 1
04:17:47 | INFO: Extracting primitive: n1507.001
04:17:47 | INFO: Primitives created: 1
04:17:47 | INFO: Extracting primitive: n1509.001
04:17:47 | INFO: Primitives created: 1
04:17:47 | INFO: Extracting primitive: n1511.001
04:17:47 | INFO: Primitives created: 1
04:17:47 | INFO: Extracting primitive: n1513.001
04:17:47 | INFO: Primitives created: 1
04:17:47 | INFO: Extracting primitive: n1515.001
04:17:47 | INFO: Primitives created: 1
04:17:47 | INFO: Extracting primitive: n1517.001
04:17:47 | INFO: Primitives created: 1
04:17:47 | INFO: Extracting primitive: n1519.001
04:17:47 | INFO: Primitives created: 1
04:17:47 | INFO: Extracting primitive: n1521.001
04:17:47 | INFO: Primitives created: 1
04:17:47 | INFO: Extracting primitive: n1522.001
04:17:47 | WARNING: More than one shader node tex image used for a texture. The resulting glTF sampler will behave like the first shader node tex image.
04:17:47 | INFO: Primitives created: 1
04:17:47 | INFO: Extracting primitive: n1524.001
04:17:47 | INFO: Primitives created: 1
04:17:47 | INFO: Extracting primitive: n1526.001
04:17:47 | INFO: Primitives created: 1
04:17:47 | INFO: Extracting primitive: n1528.001
04:17:47 | INFO: Primitives created: 1
04:17:47 | INFO: Extracting primitive: n1530.001
04:17:47 | INFO: Primitives created: 1
04:17:47 | INFO: Extracting primitive: n1532.001
04:17:47 | INFO: Primitives created: 1
04:17:47 | INFO: Extracting primitive: n1534.001
04:17:47 | INFO: Primitives created: 1
04:17:47 | INFO: Extracting primitive: n1536.001
04:17:47 | INFO: Primitives created: 1
04:17:47 | INFO: Extracting primitive: n1538.001
04:17:47 | INFO: Primitives created: 1
04:17:47 | INFO: Extracting primitive: n1539.001
04:17:47 | WARNING: More than one shader node tex image used for a texture. The resulting glTF sampler will behave like the first shader node tex image.
04:17:47 | INFO: Primitives created: 1
04:17:47 | INFO: Extracting primitive: n1541.001
04:17:47 | INFO: Primitives created: 1
04:17:47 | INFO: Extracting primitive: n1543.001
04:17:47 | INFO: Primitives created: 1
04:17:47 | INFO: Extracting primitive: n1545.001
04:17:47 | INFO: Primitives created: 1
04:17:47 | INFO: Extracting primitive: n1547.001
04:17:47 | INFO: Primitives created: 1
04:17:47 | INFO: Extracting primitive: n1549.001
04:17:47 | INFO: Primitives created: 1
04:17:47 | INFO: Extracting primitive: n1551.001
04:17:47 | INFO: Primitives created: 1
04:17:47 | INFO: Extracting primitive: n1553.001
04:17:47 | INFO: Primitives created: 1
04:17:47 | INFO: Extracting primitive: n1555.001
04:17:47 | INFO: Primitives created: 1
04:17:47 | INFO: Extracting primitive: n1556.001
04:17:47 | WARNING: More than one shader node tex image used for a texture. The resulting glTF sampler will behave like the first shader node tex image.
04:17:47 | INFO: Primitives created: 1
04:17:47 | INFO: Extracting primitive: n1558.001
04:17:47 | INFO: Primitives created: 1
04:17:47 | INFO: Extracting primitive: n1560.001
04:17:47 | INFO: Primitives created: 1
04:17:47 | INFO: Extracting primitive: n1562.001
04:17:47 | INFO: Primitives created: 1
04:17:47 | INFO: Extracting primitive: n1564.001
04:17:47 | INFO: Primitives created: 1
04:17:47 | INFO: Extracting primitive: n1566.001
04:17:47 | INFO: Primitives created: 1
04:17:47 | INFO: Extracting primitive: n1568.001
04:17:47 | INFO: Primitives created: 1
04:17:47 | INFO: Extracting primitive: n1570.001
04:17:47 | INFO: Primitives created: 1
04:17:47 | INFO: Extracting primitive: n1572.001
04:17:47 | INFO: Primitives created: 1
04:17:47 | INFO: Extracting primitive: n1573.001
04:17:47 | WARNING: More than one shader node tex image used for a texture. The resulting glTF sampler will behave like the first shader node tex image.
04:17:47 | INFO: Primitives created: 1
04:17:47 | INFO: Extracting primitive: n1814.001
04:17:47 | INFO: Primitives created: 3
04:17:47 | INFO: Extracting primitive: n1816.001
04:17:47 | INFO: Primitives created: 1
04:17:47 | INFO: Extracting primitive: n1818.001
04:17:47 | INFO: Primitives created: 1
04:17:47 | INFO: Extracting primitive: n1820.001
04:17:47 | INFO: Primitives created: 1
04:17:47 | INFO: Extracting primitive: n1822.001
04:17:47 | INFO: Primitives created: 1
04:17:47 | INFO: Extracting primitive: n1824.001
04:17:47 | INFO: Primitives created: 1
04:17:47 | INFO: Extracting primitive: n1826.001
04:17:47 | INFO: Primitives created: 1
04:17:47 | INFO: Extracting primitive: n1827.001
04:17:47 | WARNING: More than one shader node tex image used for a texture. The resulting glTF sampler will behave like the first shader node tex image.
04:17:47 | INFO: Primitives created: 1
04:17:47 | INFO: Extracting primitive: n1829.001
04:17:47 | INFO: Primitives created: 3
04:17:47 | INFO: Extracting primitive: n1831.001
04:17:47 | INFO: Primitives created: 1
04:17:47 | INFO: Extracting primitive: n1833.001
04:17:47 | INFO: Primitives created: 1
04:17:47 | INFO: Extracting primitive: n1835.001
04:17:47 | INFO: Primitives created: 1
04:17:47 | INFO: Extracting primitive: n1837.001
04:17:47 | INFO: Primitives created: 1
04:17:47 | INFO: Extracting primitive: n1839.001
04:17:47 | INFO: Primitives created: 1
04:17:47 | INFO: Extracting primitive: n1841.001
04:17:47 | INFO: Primitives created: 1
04:17:47 | INFO: Extracting primitive: n1842.001
04:17:47 | WARNING: More than one shader node tex image used for a texture. The resulting glTF sampler will behave like the first shader node tex image.
04:17:47 | INFO: Primitives created: 1
04:17:47 | INFO: Extracting primitive: n1844.001
04:17:47 | INFO: Primitives created: 3
04:17:47 | INFO: Extracting primitive: n1846.001
04:17:47 | INFO: Primitives created: 1
04:17:47 | INFO: Extracting primitive: n1848.001
04:17:47 | INFO: Primitives created: 1
04:17:47 | INFO: Extracting primitive: n1850.001
04:17:47 | INFO: Primitives created: 1
04:17:47 | INFO: Extracting primitive: n1852.001
04:17:47 | INFO: Primitives created: 1
04:17:47 | INFO: Extracting primitive: n1854.001
04:17:47 | INFO: Primitives created: 1
04:17:47 | INFO: Extracting primitive: n1856.001
04:17:47 | INFO: Primitives created: 1
04:17:47 | INFO: Extracting primitive: n1857.001
04:17:47 | WARNING: More than one shader node tex image used for a texture. The resulting glTF sampler will behave like the first shader node tex image.
04:17:47 | INFO: Primitives created: 1
04:17:47 | INFO: Extracting primitive: n1859.001
04:17:47 | INFO: Primitives created: 3
04:17:47 | INFO: Extracting primitive: n1861.001
04:17:47 | INFO: Primitives created: 1
04:17:47 | INFO: Extracting primitive: n1863.001
04:17:47 | INFO: Primitives created: 1
04:17:47 | INFO: Extracting primitive: n1865.001
04:17:47 | INFO: Primitives created: 1
04:17:47 | INFO: Extracting primitive: n1867.001
04:17:47 | INFO: Primitives created: 1
04:17:47 | INFO: Extracting primitive: n1869.001
04:17:47 | INFO: Primitives created: 1
04:17:47 | INFO: Extracting primitive: n1871.001
04:17:47 | INFO: Primitives created: 1
04:17:47 | INFO: Extracting primitive: n1872.001
04:17:47 | WARNING: More than one shader node tex image used for a texture. The resulting glTF sampler will behave like the first shader node tex image.
04:17:47 | INFO: Primitives created: 1
04:17:47 | INFO: Extracting primitive: n1874.001
04:17:47 | INFO: Primitives created: 3
04:17:47 | INFO: Extracting primitive: n1876.001
04:17:47 | INFO: Primitives created: 1
04:17:47 | INFO: Extracting primitive: n1878.001
04:17:47 | INFO: Primitives created: 1
04:17:47 | INFO: Extracting primitive: n1880.001
04:17:47 | INFO: Primitives created: 1
04:17:47 | INFO: Extracting primitive: n1882.001
04:17:47 | INFO: Primitives created: 1
04:17:47 | INFO: Extracting primitive: n1884.001
04:17:47 | INFO: Primitives created: 1
04:17:47 | INFO: Extracting primitive: n1886.001
04:17:47 | INFO: Primitives created: 1
04:17:47 | INFO: Extracting primitive: n1887.001
04:17:47 | WARNING: More than one shader node tex image used for a texture. The resulting glTF sampler will behave like the first shader node tex image.
04:17:47 | INFO: Primitives created: 1
04:17:47 | INFO: Extracting primitive: n1889.001
04:17:47 | INFO: Primitives created: 3
04:17:47 | INFO: Extracting primitive: n1891.001
04:17:47 | INFO: Primitives created: 1
04:17:47 | INFO: Extracting primitive: n1893.001
04:17:47 | INFO: Primitives created: 1
04:17:47 | INFO: Extracting primitive: n1895.001
04:17:47 | INFO: Primitives created: 1
04:17:47 | INFO: Extracting primitive: n1897.001
04:17:47 | INFO: Primitives created: 1
04:17:47 | INFO: Extracting primitive: n1899.001
04:17:47 | INFO: Primitives created: 1
04:17:47 | INFO: Extracting primitive: n1901.001
04:17:47 | INFO: Primitives created: 1
04:17:47 | INFO: Extracting primitive: n1902.001
04:17:47 | WARNING: More than one shader node tex image used for a texture. The resulting glTF sampler will behave like the first shader node tex image.
04:17:47 | INFO: Primitives created: 1
04:17:47 | INFO: Extracting primitive: n1904.001
04:17:47 | INFO: Primitives created: 3
04:17:47 | INFO: Extracting primitive: n1906.001
04:17:47 | INFO: Primitives created: 1
04:17:47 | INFO: Extracting primitive: n1908.001
04:17:47 | INFO: Primitives created: 1
04:17:47 | INFO: Extracting primitive: n1910.001
04:17:47 | INFO: Primitives created: 1
04:17:47 | INFO: Extracting primitive: n1912.001
04:17:47 | INFO: Primitives created: 1
04:17:47 | INFO: Extracting primitive: n1914.001
04:17:47 | INFO: Primitives created: 1
04:17:47 | INFO: Extracting primitive: n1916.001
04:17:47 | INFO: Primitives created: 1
04:17:47 | INFO: Extracting primitive: n1917.001
04:17:47 | WARNING: More than one shader node tex image used for a texture. The resulting glTF sampler will behave like the first shader node tex image.
04:17:47 | INFO: Primitives created: 1
04:17:47 | INFO: Extracting primitive: n1919.001
04:17:47 | INFO: Primitives created: 3
04:17:47 | INFO: Extracting primitive: n1921.001
04:17:47 | INFO: Primitives created: 1
04:17:47 | INFO: Extracting primitive: n1923.001
04:17:47 | INFO: Primitives created: 1
04:17:47 | INFO: Extracting primitive: n1925.001
04:17:47 | INFO: Primitives created: 1
04:17:47 | INFO: Extracting primitive: n1927.001
04:17:47 | INFO: Primitives created: 1
04:17:47 | INFO: Extracting primitive: n1929.001
04:17:47 | INFO: Primitives created: 1
04:17:47 | INFO: Extracting primitive: n1931.001
04:17:47 | INFO: Primitives created: 1
04:17:47 | INFO: Extracting primitive: n1932.001
04:17:47 | WARNING: More than one shader node tex image used for a texture. The resulting glTF sampler will behave like the first shader node tex image.
04:17:47 | INFO: Primitives created: 1
04:17:47 | INFO: Extracting primitive: n1934.001
04:17:47 | INFO: Primitives created: 3
04:17:47 | INFO: Extracting primitive: n1936.001
04:17:47 | INFO: Primitives created: 1
04:17:47 | INFO: Extracting primitive: n1938.001
04:17:47 | INFO: Primitives created: 1
04:17:47 | INFO: Extracting primitive: n1940.001
04:17:47 | INFO: Primitives created: 1
04:17:47 | INFO: Extracting primitive: n1942.001
04:17:47 | INFO: Primitives created: 1
04:17:47 | INFO: Extracting primitive: n1944.001
04:17:47 | INFO: Primitives created: 1
04:17:47 | INFO: Extracting primitive: n1946.001
04:17:47 | INFO: Primitives created: 1
04:17:47 | INFO: Extracting primitive: n1947.001
04:17:47 | WARNING: More than one shader node tex image used for a texture. The resulting glTF sampler will behave like the first shader node tex image.
04:17:47 | INFO: Primitives created: 1
04:17:47 | INFO: Extracting primitive: n1949.001
04:17:47 | INFO: Primitives created: 3
04:17:47 | INFO: Extracting primitive: n1951.001
04:17:47 | INFO: Primitives created: 1
04:17:47 | INFO: Extracting primitive: n1953.001
04:17:47 | INFO: Primitives created: 1
04:17:47 | INFO: Extracting primitive: n1955.001
04:17:47 | INFO: Primitives created: 1
04:17:47 | INFO: Extracting primitive: n1957.001
04:17:47 | INFO: Primitives created: 1
04:17:47 | INFO: Extracting primitive: n1959.001
04:17:47 | INFO: Primitives created: 1
04:17:47 | INFO: Extracting primitive: n1961.001
04:17:47 | INFO: Primitives created: 1
04:17:47 | INFO: Extracting primitive: n1962.001
04:17:47 | WARNING: More than one shader node tex image used for a texture. The resulting glTF sampler will behave like the first shader node tex image.
04:17:47 | INFO: Primitives created: 1
04:17:47 | INFO: Extracting primitive: n1964.001
04:17:47 | INFO: Primitives created: 3
04:17:47 | INFO: Extracting primitive: n1966.001
04:17:47 | INFO: Primitives created: 1
04:17:47 | INFO: Extracting primitive: n1968.001
04:17:47 | INFO: Primitives created: 1
04:17:47 | INFO: Extracting primitive: n1970.001
04:17:47 | INFO: Primitives created: 1
04:17:47 | INFO: Extracting primitive: n1972.001
04:17:47 | INFO: Primitives created: 1
04:17:47 | INFO: Extracting primitive: n1974.001
04:17:47 | INFO: Primitives created: 1
04:17:47 | INFO: Extracting primitive: n1976.001
04:17:47 | INFO: Primitives created: 1
04:17:47 | INFO: Extracting primitive: n1977.001
04:17:47 | WARNING: More than one shader node tex image used for a texture. The resulting glTF sampler will behave like the first shader node tex image.
04:17:47 | INFO: Primitives created: 1
04:17:47 | INFO: Extracting primitive: n1979.001
04:17:47 | INFO: Primitives created: 3
04:17:47 | INFO: Extracting primitive: n1981.001
04:17:47 | INFO: Primitives created: 1
04:17:47 | INFO: Extracting primitive: n1983.001
04:17:47 | INFO: Primitives created: 1
04:17:47 | INFO: Extracting primitive: n1985.001
04:17:47 | INFO: Primitives created: 1
04:17:47 | INFO: Extracting primitive: n1987.001
04:17:47 | INFO: Primitives created: 1
04:17:47 | INFO: Extracting primitive: n1989.001
04:17:47 | INFO: Primitives created: 1
04:17:47 | INFO: Extracting primitive: n1991.001
04:17:47 | INFO: Primitives created: 1
04:17:47 | INFO: Extracting primitive: n1992.001
04:17:47 | WARNING: More than one shader node tex image used for a texture. The resulting glTF sampler will behave like the first shader node tex image.
04:17:47 | INFO: Primitives created: 1
04:17:47 | INFO: Extracting primitive: n1994.001
04:17:47 | INFO: Primitives created: 3
04:17:47 | INFO: Extracting primitive: n1996.001
04:17:47 | INFO: Primitives created: 1
04:17:47 | INFO: Extracting primitive: n1998.001
04:17:47 | INFO: Primitives created: 1
04:17:47 | INFO: Extracting primitive: n2000.001
04:17:47 | INFO: Primitives created: 1
04:17:47 | INFO: Extracting primitive: n2002.001
04:17:47 | INFO: Primitives created: 1
04:17:47 | INFO: Extracting primitive: n2004.001
04:17:47 | INFO: Primitives created: 1
04:17:47 | INFO: Extracting primitive: n2006.001
04:17:47 | INFO: Primitives created: 1
04:17:47 | INFO: Extracting primitive: n2007.001
04:17:47 | WARNING: More than one shader node tex image used for a texture. The resulting glTF sampler will behave like the first shader node tex image.
04:17:47 | INFO: Primitives created: 1
04:17:47 | INFO: Extracting primitive: n2009.001
04:17:47 | INFO: Primitives created: 3
04:17:47 | INFO: Extracting primitive: n2011.001
04:17:47 | INFO: Primitives created: 1
04:17:47 | INFO: Extracting primitive: n2013.001
04:17:47 | INFO: Primitives created: 1
04:17:47 | INFO: Extracting primitive: n2015.001
04:17:47 | INFO: Primitives created: 1
04:17:47 | INFO: Extracting primitive: n2017.001
04:17:47 | INFO: Primitives created: 1
04:17:47 | INFO: Extracting primitive: n2019.001
04:17:47 | INFO: Primitives created: 1
04:17:47 | INFO: Extracting primitive: n2021.001
04:17:47 | INFO: Primitives created: 1
04:17:47 | INFO: Extracting primitive: n2022.001
04:17:47 | WARNING: More than one shader node tex image used for a texture. The resulting glTF sampler will behave like the first shader node tex image.
04:17:47 | INFO: Primitives created: 1
04:17:47 | INFO: Extracting primitive: n2024.001
04:17:47 | INFO: Primitives created: 3
04:17:47 | INFO: Extracting primitive: n2026.001
04:17:47 | INFO: Primitives created: 1
04:17:47 | INFO: Extracting primitive: n2028.001
04:17:47 | INFO: Primitives created: 1
04:17:47 | INFO: Extracting primitive: n2030.001
04:17:47 | INFO: Primitives created: 1
04:17:47 | INFO: Extracting primitive: n2032.001
04:17:47 | INFO: Primitives created: 1
04:17:47 | INFO: Extracting primitive: n2034.001
04:17:47 | INFO: Primitives created: 1
04:17:47 | INFO: Extracting primitive: n2036.001
04:17:47 | INFO: Primitives created: 1
04:17:47 | INFO: Extracting primitive: n2037.001
04:17:47 | WARNING: More than one shader node tex image used for a texture. The resulting glTF sampler will behave like the first shader node tex image.
04:17:47 | INFO: Primitives created: 1
04:17:47 | INFO: Extracting primitive: n2039.001
04:17:47 | INFO: Primitives created: 3
04:17:47 | INFO: Extracting primitive: n2041.001
04:17:47 | INFO: Primitives created: 1
04:17:47 | INFO: Extracting primitive: n2043.001
04:17:47 | INFO: Primitives created: 1
04:17:47 | INFO: Extracting primitive: n2045.001
04:17:47 | INFO: Primitives created: 1
04:17:47 | INFO: Extracting primitive: n2047.001
04:17:47 | INFO: Primitives created: 1
04:17:47 | INFO: Extracting primitive: n2049.001
04:17:47 | INFO: Primitives created: 1
04:17:47 | INFO: Extracting primitive: n2051.001
04:17:47 | INFO: Primitives created: 1
04:17:47 | INFO: Extracting primitive: n2052.001
04:17:47 | WARNING: More than one shader node tex image used for a texture. The resulting glTF sampler will behave like the first shader node tex image.
04:17:47 | INFO: Primitives created: 1
04:17:47 | INFO: Extracting primitive: n3021.001
04:17:47 | INFO: Primitives created: 1
04:17:47 | INFO: Extracting primitive: n3023.001
04:17:47 | INFO: Primitives created: 1
04:17:47 | INFO: Extracting primitive: n3025.001
04:17:47 | INFO: Primitives created: 2
04:17:47 | INFO: Extracting primitive: n3027.001
04:17:47 | INFO: Primitives created: 2
04:17:47 | INFO: Extracting primitive: n3029.001
04:17:47 | INFO: Primitives created: 2
04:17:47 | INFO: Extracting primitive: n3031.001
04:17:47 | INFO: Primitives created: 2
04:17:47 | INFO: Extracting primitive: n3033.001
04:17:47 | INFO: Primitives created: 2
04:17:47 | INFO: Extracting primitive: n3035.001
04:17:47 | WARNING: More than one shader node tex image used for a texture. The resulting glTF sampler will behave like the first shader node tex image.
04:17:47 | INFO: Primitives created: 1
04:17:47 | INFO: Extracting primitive: n3037.001
04:17:47 | INFO: Primitives created: 1
04:17:47 | INFO: Extracting primitive: n3039.001
04:17:47 | INFO: Primitives created: 1
04:17:47 | INFO: Extracting primitive: n3041.001
04:17:47 | INFO: Primitives created: 2
04:17:47 | INFO: Extracting primitive: n3043.001
04:17:47 | INFO: Primitives created: 2
04:17:47 | INFO: Extracting primitive: n3045.001
04:17:47 | INFO: Primitives created: 2
04:17:47 | INFO: Extracting primitive: n3047.001
04:17:47 | INFO: Primitives created: 2
04:17:47 | INFO: Extracting primitive: n3049.001
04:17:47 | INFO: Primitives created: 2
04:17:47 | INFO: Extracting primitive: n3051.001
04:17:47 | WARNING: More than one shader node tex image used for a texture. The resulting glTF sampler will behave like the first shader node tex image.
04:17:47 | INFO: Primitives created: 1
04:17:47 | INFO: Extracting primitive: n3053.001
04:17:47 | INFO: Primitives created: 1
04:17:47 | INFO: Extracting primitive: n3055.001
04:17:47 | INFO: Primitives created: 1
04:17:47 | INFO: Extracting primitive: n3057.001
04:17:47 | INFO: Primitives created: 2
04:17:47 | INFO: Extracting primitive: n3059.001
04:17:47 | INFO: Primitives created: 2
04:17:47 | INFO: Extracting primitive: n3061.001
04:17:47 | INFO: Primitives created: 2
04:17:47 | INFO: Extracting primitive: n3063.001
04:17:47 | INFO: Primitives created: 2
04:17:47 | INFO: Extracting primitive: n3065.001
04:17:47 | INFO: Primitives created: 2
04:17:47 | INFO: Extracting primitive: n3067.001
04:17:47 | WARNING: More than one shader node tex image used for a texture. The resulting glTF sampler will behave like the first shader node tex image.
04:17:47 | INFO: Primitives created: 1
04:17:47 | INFO: Extracting primitive: n3069.001
04:17:47 | INFO: Primitives created: 1
04:17:47 | INFO: Extracting primitive: n3070.001
04:17:47 | INFO: Primitives created: 1
04:17:47 | INFO: Extracting primitive: n3072.001
04:17:47 | WARNING: More than one shader node tex image used for a texture. The resulting glTF sampler will behave like the first shader node tex image.
04:17:47 | INFO: Primitives created: 1
04:17:47 | INFO: Extracting primitive: n3074.001
04:17:47 | INFO: Primitives created: 1
04:17:47 | INFO: Extracting primitive: n3075.001
04:17:47 | INFO: Primitives created: 1
04:17:47 | INFO: Extracting primitive: n3077.001
04:17:47 | WARNING: More than one shader node tex image used for a texture. The resulting glTF sampler will behave like the first shader node tex image.
04:17:47 | INFO: Primitives created: 1
04:17:47 | INFO: Extracting primitive: n3079.001
04:17:47 | INFO: Primitives created: 1
04:17:47 | INFO: Extracting primitive: n3080.001
04:17:47 | INFO: Primitives created: 1
04:17:47 | INFO: Extracting primitive: n3082.001
04:17:47 | WARNING: More than one shader node tex image used for a texture. The resulting glTF sampler will behave like the first shader node tex image.
04:17:47 | INFO: Primitives created: 1
04:17:47 | INFO: Extracting primitive: swamp-lake-floor.001
04:17:47 | INFO: Primitives created: 3
04:17:47 | INFO: Extracting primitive: n2936.001
04:17:47 | INFO: Primitives created: 1
04:17:47 | INFO: Extracting primitive: n2938.001
04:17:47 | INFO: Primitives created: 1
04:17:47 | INFO: Extracting primitive: n2940.001
04:17:47 | INFO: Primitives created: 1
04:17:47 | INFO: Extracting primitive: n2942.001
04:17:47 | INFO: Primitives created: 1
04:17:47 | INFO: Extracting primitive: n2944.001
04:17:47 | INFO: Primitives created: 1
04:17:47 | INFO: Extracting primitive: n2946.001
04:17:47 | INFO: Primitives created: 3
04:17:47 | INFO: Extracting primitive: n2948.001
04:17:47 | INFO: Primitives created: 3
04:17:47 | INFO: Extracting primitive: n2950.001
04:17:47 | INFO: Primitives created: 3
04:17:47 | INFO: Extracting primitive: n2952.001
04:17:47 | INFO: Primitives created: 3
04:17:47 | INFO: Extracting primitive: n2954.001
04:17:47 | INFO: Primitives created: 1
04:17:47 | INFO: Extracting primitive: n2957.001
04:17:47 | INFO: Primitives created: 1
04:17:47 | INFO: Extracting primitive: n2959.001
04:17:47 | INFO: Primitives created: 1
04:17:47 | INFO: Extracting primitive: n2961.001
04:17:47 | INFO: Primitives created: 1
04:17:47 | INFO: Extracting primitive: n2963.001
04:17:47 | INFO: Primitives created: 1
04:17:47 | INFO: Extracting primitive: n2965.001
04:17:47 | INFO: Primitives created: 1
04:17:47 | INFO: Extracting primitive: n2967.001
04:17:47 | INFO: Primitives created: 3
04:17:47 | INFO: Extracting primitive: n2969.001
04:17:47 | INFO: Primitives created: 3
04:17:47 | INFO: Extracting primitive: n2971.001
04:17:47 | INFO: Primitives created: 3
04:17:47 | INFO: Extracting primitive: n2973.001
04:17:47 | INFO: Primitives created: 3
04:17:47 | INFO: Extracting primitive: n2975.001
04:17:47 | INFO: Primitives created: 1
04:17:47 | INFO: Extracting primitive: n2978.001
04:17:47 | INFO: Primitives created: 1
04:17:47 | INFO: Extracting primitive: n2980.001
04:17:47 | INFO: Primitives created: 1
04:17:47 | INFO: Extracting primitive: n2982.001
04:17:47 | INFO: Primitives created: 1
04:17:47 | INFO: Extracting primitive: n2984.001
04:17:47 | INFO: Primitives created: 1
04:17:47 | INFO: Extracting primitive: n2986.001
04:17:47 | INFO: Primitives created: 1
04:17:47 | INFO: Extracting primitive: n2988.001
04:17:47 | INFO: Primitives created: 3
04:17:47 | INFO: Extracting primitive: n2990.001
04:17:47 | INFO: Primitives created: 3
04:17:47 | INFO: Extracting primitive: n2992.001
04:17:47 | INFO: Primitives created: 3
04:17:47 | INFO: Extracting primitive: n2994.001
04:17:47 | INFO: Primitives created: 3
04:17:47 | INFO: Extracting primitive: n2996.001
04:17:47 | INFO: Primitives created: 1
04:17:47 | INFO: Extracting primitive: n2507.001
04:17:47 | INFO: Primitives created: 1
04:17:47 | INFO: Extracting primitive: n2508.001
04:17:47 | INFO: Primitives created: 3
04:17:47 | INFO: Extracting primitive: n2549.001
04:17:47 | INFO: Primitives created: 3
04:17:47 | INFO: Extracting primitive: n2511.001
04:17:47 | INFO: Primitives created: 2
04:17:47 | INFO: Extracting primitive: n2513.001
04:17:47 | INFO: Primitives created: 1
04:17:47 | INFO: Extracting primitive: n2515.001
04:17:47 | INFO: Primitives created: 1
04:17:47 | INFO: Extracting primitive: n2517.001
04:17:47 | INFO: Primitives created: 1
04:17:47 | INFO: Extracting primitive: n2519.001
04:17:47 | INFO: Primitives created: 1
04:17:47 | INFO: Extracting primitive: n2521.001
04:17:47 | INFO: Primitives created: 1
04:17:47 | INFO: Extracting primitive: n2524.001
04:17:47 | INFO: Primitives created: 2
04:17:47 | INFO: Extracting primitive: n2526.001
04:17:47 | INFO: Primitives created: 1
04:17:47 | INFO: Extracting primitive: n2528.001
04:17:47 | INFO: Primitives created: 1
04:17:47 | INFO: Extracting primitive: n2530.001
04:17:47 | INFO: Primitives created: 1
04:17:47 | INFO: Extracting primitive: n2532.001
04:17:47 | INFO: Primitives created: 1
04:17:47 | INFO: Extracting primitive: n2534.001
04:17:47 | INFO: Primitives created: 1
04:17:47 | INFO: Extracting primitive: n2537.001
04:17:47 | INFO: Primitives created: 2
04:17:47 | INFO: Extracting primitive: n2539.001
04:17:47 | INFO: Primitives created: 1
04:17:47 | INFO: Extracting primitive: n2541.001
04:17:47 | INFO: Primitives created: 1
04:17:47 | INFO: Extracting primitive: n2543.001
04:17:47 | INFO: Primitives created: 1
04:17:47 | INFO: Extracting primitive: n2545.001
04:17:47 | INFO: Primitives created: 1
04:17:47 | INFO: Extracting primitive: n2547.001
04:17:47 | INFO: Primitives created: 1
04:17:47 | INFO: Extracting primitive: n2557.001
04:17:47 | INFO: Primitives created: 2
04:17:47 | INFO: Extracting primitive: n2559.001
04:17:47 | INFO: Primitives created: 1
04:17:47 | INFO: Extracting primitive: n2561.001
04:17:47 | INFO: Primitives created: 1
04:17:47 | INFO: Extracting primitive: n2563.001
04:17:47 | INFO: Primitives created: 1
04:17:47 | INFO: Extracting primitive: n2565.001
04:17:47 | INFO: Primitives created: 1
04:17:47 | INFO: Extracting primitive: n2567.001
04:17:47 | INFO: Primitives created: 1
04:17:47 | INFO: Extracting primitive: n2569.001
04:17:47 | INFO: Primitives created: 3
04:17:47 | INFO: Extracting primitive: n2571.001
04:17:47 | INFO: Primitives created: 3
04:17:47 | INFO: Extracting primitive: n2552.001
04:17:47 | INFO: Primitives created: 2
04:17:47 | INFO: Extracting primitive: n2554.001
04:17:47 | INFO: Primitives created: 1
04:17:47 | INFO: Extracting primitive: n2555.001
04:17:47 | WARNING: More than one shader node tex image used for a texture. The resulting glTF sampler will behave like the first shader node tex image.
04:17:47 | INFO: Primitives created: 1
04:17:47 | INFO: Extracting primitive: n2591.001
04:17:47 | INFO: Primitives created: 1
04:17:47 | INFO: Extracting primitive: n2592.001
04:17:47 | INFO: Primitives created: 3
04:17:47 | INFO: Extracting primitive: n2633.001
04:17:47 | INFO: Primitives created: 3
04:17:47 | INFO: Extracting primitive: n2595.001
04:17:47 | INFO: Primitives created: 2
04:17:47 | INFO: Extracting primitive: n2597.001
04:17:47 | INFO: Primitives created: 1
04:17:47 | INFO: Extracting primitive: n2599.001
04:17:47 | INFO: Primitives created: 1
04:17:47 | INFO: Extracting primitive: n2601.001
04:17:47 | INFO: Primitives created: 1
04:17:47 | INFO: Extracting primitive: n2603.001
04:17:47 | INFO: Primitives created: 1
04:17:47 | INFO: Extracting primitive: n2605.001
04:17:47 | INFO: Primitives created: 1
04:17:47 | INFO: Extracting primitive: n2608.001
04:17:47 | INFO: Primitives created: 2
04:17:47 | INFO: Extracting primitive: n2610.001
04:17:47 | INFO: Primitives created: 1
04:17:47 | INFO: Extracting primitive: n2612.001
04:17:47 | INFO: Primitives created: 1
04:17:47 | INFO: Extracting primitive: n2614.001
04:17:47 | INFO: Primitives created: 1
04:17:47 | INFO: Extracting primitive: n2616.001
04:17:47 | INFO: Primitives created: 1
04:17:47 | INFO: Extracting primitive: n2618.001
04:17:47 | INFO: Primitives created: 1
04:17:47 | INFO: Extracting primitive: n2621.001
04:17:47 | INFO: Primitives created: 2
04:17:47 | INFO: Extracting primitive: n2623.001
04:17:47 | INFO: Primitives created: 1
04:17:47 | INFO: Extracting primitive: n2625.001
04:17:47 | INFO: Primitives created: 1
04:17:47 | INFO: Extracting primitive: n2627.001
04:17:47 | INFO: Primitives created: 1
04:17:47 | INFO: Extracting primitive: n2629.001
04:17:47 | INFO: Primitives created: 1
04:17:47 | INFO: Extracting primitive: n2631.001
04:17:47 | INFO: Primitives created: 1
04:17:47 | INFO: Extracting primitive: n2636.001
04:17:47 | INFO: Primitives created: 2
04:17:47 | INFO: Extracting primitive: n2638.001
04:17:47 | INFO: Primitives created: 1
04:17:47 | INFO: Extracting primitive: n2639.001
04:17:47 | WARNING: More than one shader node tex image used for a texture. The resulting glTF sampler will behave like the first shader node tex image.
04:17:47 | INFO: Primitives created: 1
04:17:47 | INFO: Extracting primitive: n2643.001
04:17:47 | INFO: Primitives created: 1
04:17:47 | INFO: Extracting primitive: n2644.001
04:17:47 | INFO: Primitives created: 3
04:17:47 | INFO: Extracting primitive: n2672.001
04:17:47 | INFO: Primitives created: 3
04:17:47 | INFO: Extracting primitive: n2647.001
04:17:47 | INFO: Primitives created: 2
04:17:47 | INFO: Extracting primitive: n2649.001
04:17:47 | INFO: Primitives created: 1
04:17:47 | INFO: Extracting primitive: n2651.001
04:17:47 | INFO: Primitives created: 1
04:17:47 | INFO: Extracting primitive: n2653.001
04:17:47 | INFO: Primitives created: 1
04:17:47 | INFO: Extracting primitive: n2655.001
04:17:47 | INFO: Primitives created: 1
04:17:47 | INFO: Extracting primitive: n2657.001
04:17:47 | INFO: Primitives created: 1
04:17:47 | INFO: Extracting primitive: n2660.001
04:17:47 | INFO: Primitives created: 2
04:17:47 | INFO: Extracting primitive: n2662.001
04:17:47 | INFO: Primitives created: 1
04:17:47 | INFO: Extracting primitive: n2664.001
04:17:47 | INFO: Primitives created: 1
04:17:47 | INFO: Extracting primitive: n2666.001
04:17:47 | INFO: Primitives created: 1
04:17:47 | INFO: Extracting primitive: n2668.001
04:17:47 | INFO: Primitives created: 1
04:17:47 | INFO: Extracting primitive: n2670.001
04:17:47 | INFO: Primitives created: 1
04:17:47 | INFO: Extracting primitive: n2675.001
04:17:47 | INFO: Primitives created: 2
04:17:47 | INFO: Extracting primitive: n2677.001
04:17:47 | INFO: Primitives created: 1
04:17:47 | INFO: Extracting primitive: n2678.001
04:17:47 | WARNING: More than one shader node tex image used for a texture. The resulting glTF sampler will behave like the first shader node tex image.
04:17:47 | INFO: Primitives created: 1
04:17:47 | INFO: Extracting primitive: n2682.001
04:17:47 | INFO: Primitives created: 1
04:17:47 | INFO: Extracting primitive: n2683.001
04:17:47 | INFO: Primitives created: 3
04:17:47 | INFO: Extracting primitive: n2711.001
04:17:47 | INFO: Primitives created: 3
04:17:47 | INFO: Extracting primitive: n2686.001
04:17:47 | INFO: Primitives created: 2
04:17:47 | INFO: Extracting primitive: n2688.001
04:17:47 | INFO: Primitives created: 1
04:17:47 | INFO: Extracting primitive: n2690.001
04:17:47 | INFO: Primitives created: 1
04:17:47 | INFO: Extracting primitive: n2692.001
04:17:47 | INFO: Primitives created: 1
04:17:47 | INFO: Extracting primitive: n2694.001
04:17:47 | INFO: Primitives created: 1
04:17:47 | INFO: Extracting primitive: n2696.001
04:17:47 | INFO: Primitives created: 1
04:17:47 | INFO: Extracting primitive: n2699.001
04:17:47 | INFO: Primitives created: 2
04:17:47 | INFO: Extracting primitive: n2701.001
04:17:47 | INFO: Primitives created: 1
04:17:47 | INFO: Extracting primitive: n2703.001
04:17:47 | INFO: Primitives created: 1
04:17:47 | INFO: Extracting primitive: n2705.001
04:17:47 | INFO: Primitives created: 1
04:17:47 | INFO: Extracting primitive: n2707.001
04:17:47 | INFO: Primitives created: 1
04:17:47 | INFO: Extracting primitive: n2709.001
04:17:47 | INFO: Primitives created: 1
04:17:47 | INFO: Extracting primitive: n2714.001
04:17:47 | INFO: Primitives created: 2
04:17:47 | INFO: Extracting primitive: n2716.001
04:17:47 | INFO: Primitives created: 1
04:17:47 | INFO: Extracting primitive: n2717.001
04:17:47 | WARNING: More than one shader node tex image used for a texture. The resulting glTF sampler will behave like the first shader node tex image.
04:17:47 | INFO: Primitives created: 1
04:17:47 | INFO: Extracting primitive: n2721.001
04:17:47 | INFO: Primitives created: 1
04:17:47 | INFO: Extracting primitive: n2722.001
04:17:47 | INFO: Primitives created: 3
04:17:47 | INFO: Extracting primitive: n2750.001
04:17:47 | INFO: Primitives created: 3
04:17:47 | INFO: Extracting primitive: n2725.001
04:17:47 | INFO: Primitives created: 2
04:17:47 | INFO: Extracting primitive: n2727.001
04:17:47 | INFO: Primitives created: 1
04:17:47 | INFO: Extracting primitive: n2729.001
04:17:47 | INFO: Primitives created: 1
04:17:47 | INFO: Extracting primitive: n2731.001
04:17:47 | INFO: Primitives created: 1
04:17:47 | INFO: Extracting primitive: n2733.001
04:17:47 | INFO: Primitives created: 1
04:17:47 | INFO: Extracting primitive: n2735.001
04:17:47 | INFO: Primitives created: 1
04:17:47 | INFO: Extracting primitive: n2738.001
04:17:47 | INFO: Primitives created: 2
04:17:47 | INFO: Extracting primitive: n2740.001
04:17:47 | INFO: Primitives created: 1
04:17:47 | INFO: Extracting primitive: n2742.001
04:17:47 | INFO: Primitives created: 1
04:17:47 | INFO: Extracting primitive: n2744.001
04:17:47 | INFO: Primitives created: 1
04:17:47 | INFO: Extracting primitive: n2746.001
04:17:47 | INFO: Primitives created: 1
04:17:47 | INFO: Extracting primitive: n2748.001
04:17:47 | INFO: Primitives created: 1
04:17:47 | INFO: Extracting primitive: n2753.001
04:17:47 | INFO: Primitives created: 2
04:17:47 | INFO: Extracting primitive: n2755.001
04:17:47 | INFO: Primitives created: 1
04:17:47 | INFO: Extracting primitive: n2756.001
04:17:47 | WARNING: More than one shader node tex image used for a texture. The resulting glTF sampler will behave like the first shader node tex image.
04:17:47 | INFO: Primitives created: 1
04:17:47 | INFO: Extracting primitive: n2825.001
04:17:47 | INFO: Primitives created: 3
04:17:47 | INFO: Extracting primitive: n2827.001
04:17:47 | INFO: Primitives created: 1
04:17:47 | INFO: Extracting primitive: n2829.001
04:17:47 | INFO: Primitives created: 3
04:17:47 | INFO: Extracting primitive: n2831.001
04:17:47 | INFO: Primitives created: 1
04:17:47 | INFO: Extracting primitive: n2834.001
04:17:47 | INFO: Primitives created: 3
04:17:47 | INFO: Extracting primitive: n2836.001
04:17:47 | INFO: Primitives created: 1
04:17:47 | INFO: Extracting primitive: n2838.001
04:17:47 | INFO: Primitives created: 3
04:17:47 | INFO: Extracting primitive: n2840.001
04:17:47 | INFO: Primitives created: 1
04:17:47 | INFO: Extracting primitive: n2843.001
04:17:47 | INFO: Primitives created: 3
04:17:47 | INFO: Extracting primitive: n2845.001
04:17:47 | INFO: Primitives created: 1
04:17:47 | INFO: Extracting primitive: n2847.001
04:17:47 | INFO: Primitives created: 3
04:17:47 | INFO: Extracting primitive: n2849.001
04:17:47 | INFO: Primitives created: 1
04:17:47 | INFO: Extracting primitive: n2852.001
04:17:47 | INFO: Primitives created: 3
04:17:47 | INFO: Extracting primitive: n2854.001
04:17:47 | INFO: Primitives created: 1
04:17:47 | INFO: Extracting primitive: n2857.001
04:17:47 | INFO: Primitives created: 3
04:17:47 | INFO: Extracting primitive: n2859.001
04:17:47 | INFO: Primitives created: 1
04:17:47 | INFO: Extracting primitive: n2861.001
04:17:47 | INFO: Primitives created: 3
04:17:47 | INFO: Extracting primitive: n2863.001
04:17:47 | INFO: Primitives created: 1
04:17:47 | INFO: Extracting primitive: n2866.001
04:17:47 | INFO: Primitives created: 3
04:17:47 | INFO: Extracting primitive: n2868.001
04:17:47 | INFO: Primitives created: 1
04:17:47 | INFO: Extracting primitive: n2870.001
04:17:47 | INFO: Primitives created: 3
04:17:47 | INFO: Extracting primitive: n2872.001
04:17:47 | INFO: Primitives created: 1
04:17:47 | INFO: Extracting primitive: n2578.001
04:17:47 | INFO: Primitives created: 2
04:17:47 | INFO: Extracting primitive: n2580.001
04:17:47 | INFO: Primitives created: 1
04:17:47 | INFO: Extracting primitive: n2582.001
04:17:47 | INFO: Primitives created: 1
04:17:47 | INFO: Extracting primitive: n2584.001
04:17:47 | INFO: Primitives created: 1
04:17:47 | INFO: Extracting primitive: n2586.001
04:17:47 | INFO: Primitives created: 1
04:17:47 | INFO: Extracting primitive: n2588.001
04:17:47 | INFO: Primitives created: 1
04:17:47 | INFO: Extracting primitive: n2875.001
04:17:47 | INFO: Primitives created: 1
04:17:47 | INFO: Extracting primitive: n2877.001
04:17:47 | INFO: Primitives created: 1
04:17:47 | INFO: Extracting primitive: n2879.001
04:17:47 | INFO: Primitives created: 1
04:17:47 | INFO: Extracting primitive: n2880.001
04:17:47 | INFO: Primitives created: 1
04:17:47 | INFO: Extracting primitive: n2882.001
04:17:47 | INFO: Primitives created: 1
04:17:47 | INFO: Extracting primitive: n2884.001
04:17:47 | INFO: Primitives created: 1
04:17:47 | INFO: Extracting primitive: n2886.001
04:17:47 | INFO: Primitives created: 1
04:17:47 | INFO: Extracting primitive: n2887.001
04:17:47 | INFO: Primitives created: 1
04:17:47 | INFO: Extracting primitive: n2889.001
04:17:47 | INFO: Primitives created: 1
04:17:47 | INFO: Extracting primitive: n2891.001
04:17:47 | INFO: Primitives created: 1
04:17:47 | INFO: Extracting primitive: n2893.001
04:17:47 | INFO: Primitives created: 1
04:17:47 | INFO: Extracting primitive: n2894.001
04:17:47 | INFO: Primitives created: 1
04:17:47 | INFO: Extracting primitive: n3501.001
04:17:47 | INFO: Primitives created: 6
04:17:47 | INFO: Extracting primitive: n3503.001
04:17:47 | INFO: Primitives created: 6
04:17:47 | INFO: Extracting primitive: n3505.001
04:17:47 | INFO: Primitives created: 6
04:17:47 | INFO: Extracting primitive: n3507.001
04:17:47 | INFO: Primitives created: 3
04:17:47 | INFO: Extracting primitive: n3509.001
04:17:47 | INFO: Primitives created: 3
04:17:47 | INFO: Extracting primitive: n3971.001
04:17:47 | INFO: Primitives created: 3
04:17:47 | INFO: Extracting primitive: n3973.001
04:17:47 | INFO: Primitives created: 1
04:17:47 | INFO: Extracting primitive: n3975.001
04:17:47 | INFO: Primitives created: 1
04:17:47 | INFO: Extracting primitive: n3977.001
04:17:47 | INFO: Primitives created: 1
04:17:47 | INFO: Extracting primitive: n3979.001
04:17:47 | INFO: Primitives created: 1
04:17:47 | INFO: Extracting primitive: n3981.001
04:17:47 | INFO: Primitives created: 1
04:17:47 | INFO: Extracting primitive: n3983.001
04:17:47 | INFO: Primitives created: 1
04:17:47 | INFO: Extracting primitive: n3986.001
04:17:47 | INFO: Primitives created: 3
04:17:47 | INFO: Extracting primitive: n3988.001
04:17:47 | INFO: Primitives created: 1
04:17:47 | INFO: Extracting primitive: n3990.001
04:17:47 | INFO: Primitives created: 1
04:17:47 | INFO: Extracting primitive: n3992.001
04:17:47 | INFO: Primitives created: 1
04:17:47 | INFO: Extracting primitive: n3994.001
04:17:47 | INFO: Primitives created: 1
04:17:47 | INFO: Extracting primitive: n3996.001
04:17:47 | INFO: Primitives created: 1
04:17:47 | INFO: Extracting primitive: n3998.001
04:17:47 | INFO: Primitives created: 1
04:17:47 | INFO: Extracting primitive: n4000.001
04:17:47 | INFO: Primitives created: 1
04:17:47 | INFO: Extracting primitive: n4002.001
04:17:47 | INFO: Primitives created: 1
04:17:47 | INFO: Extracting primitive: n3956.001
04:17:47 | INFO: Primitives created: 1
04:17:47 | INFO: Extracting primitive: n3958.001
04:17:47 | INFO: Primitives created: 1
04:17:47 | INFO: Extracting primitive: n3961.001
04:17:47 | INFO: Primitives created: 1
04:17:47 | INFO: Extracting primitive: n3963.001
04:17:47 | INFO: Primitives created: 1
04:17:47 | INFO: Extracting primitive: n3966.001
04:17:47 | INFO: Primitives created: 1
04:17:47 | INFO: Extracting primitive: n3968.001
04:17:47 | INFO: Primitives created: 1
04:17:47 | INFO: Extracting primitive: swamp-sinkhole-wall.001
04:17:47 | INFO: Primitives created: 1
04:17:47 | INFO: Extracting primitive: n21.001
04:17:47 | INFO: Primitives created: 3
04:17:47 | INFO: Extracting primitive: n23.001
04:17:47 | INFO: Primitives created: 3
04:17:47 | INFO: Extracting primitive: n25.001
04:17:47 | INFO: Primitives created: 3
04:17:47 | INFO: Extracting primitive: n27.001
04:17:47 | INFO: Primitives created: 3
04:17:47 | INFO: Extracting primitive: n29.001
04:17:47 | INFO: Primitives created: 3
04:17:47 | INFO: Extracting primitive: n31.001
04:17:47 | INFO: Primitives created: 3
04:17:47 | INFO: Extracting primitive: n33.001
04:17:47 | INFO: Primitives created: 6
04:17:47 | INFO: Extracting primitive: n35.001
04:17:47 | INFO: Primitives created: 6
04:17:47 | INFO: Extracting primitive: n37.001
04:17:47 | INFO: Primitives created: 6
04:17:47 | INFO: Extracting primitive: n39.001
04:17:47 | INFO: Primitives created: 6
04:17:47 | INFO: Extracting primitive: n41.001
04:17:47 | INFO: Primitives created: 6
04:17:47 | INFO: Extracting primitive: n43.001
04:17:47 | INFO: Primitives created: 6
04:17:47 | INFO: Extracting primitive: n45.001
04:17:47 | INFO: Primitives created: 3
04:17:47 | INFO: Extracting primitive: n47.001
04:17:47 | INFO: Primitives created: 3
04:17:47 | INFO: Extracting primitive: n49.001
04:17:47 | INFO: Primitives created: 1
04:17:47 | INFO: Extracting primitive: n51.001
04:17:47 | INFO: Primitives created: 1
04:17:47 | INFO: Extracting primitive: n53.001
04:17:47 | INFO: Primitives created: 1
04:17:47 | INFO: Extracting primitive: n55.001
04:17:47 | INFO: Primitives created: 3
04:17:47 | INFO: Extracting primitive: n57.001
04:17:47 | INFO: Primitives created: 1
04:17:47 | INFO: Extracting primitive: n59.001
04:17:47 | INFO: Primitives created: 1
04:17:47 | INFO: Extracting primitive: n61.001
04:17:47 | INFO: Primitives created: 3
04:17:47 | INFO: Extracting primitive: n63.001
04:17:47 | INFO: Primitives created: 3
04:17:47 | INFO: Extracting primitive: n65.001
04:17:47 | INFO: Primitives created: 1
04:17:47 | INFO: Extracting primitive: n67.001
04:17:47 | INFO: Primitives created: 1
04:17:47 | INFO: Extracting primitive: n69.001
04:17:47 | INFO: Primitives created: 3
04:17:47 | INFO: Extracting primitive: n71.001
04:17:47 | INFO: Primitives created: 1
04:17:47 | INFO: Extracting primitive: n73.001
04:17:47 | INFO: Primitives created: 1
04:17:47 | INFO: Extracting primitive: n75.001
04:17:47 | INFO: Primitives created: 1
04:17:47 | INFO: Extracting primitive: n77.001
04:17:47 | INFO: Primitives created: 3
04:17:47 | INFO: Extracting primitive: n79.001
04:17:47 | INFO: Primitives created: 3
04:17:47 | INFO: Extracting primitive: n81.001
04:17:47 | INFO: Primitives created: 1
04:17:47 | INFO: Extracting primitive: n83.001
04:17:47 | INFO: Primitives created: 1
04:17:47 | INFO: Extracting primitive: n85.001
04:17:47 | INFO: Primitives created: 1
04:17:47 | INFO: Extracting primitive: n87.001
04:17:47 | INFO: Primitives created: 3
04:17:47 | INFO: Extracting primitive: n89.001
04:17:47 | INFO: Primitives created: 1
04:17:47 | INFO: Extracting primitive: n91.001
04:17:47 | INFO: Primitives created: 1
04:17:47 | INFO: Extracting primitive: n93.001
04:17:47 | INFO: Primitives created: 1
04:17:47 | INFO: Extracting primitive: n95.001
04:17:47 | INFO: Primitives created: 3
04:17:47 | INFO: Extracting primitive: n97.001
04:17:47 | INFO: Primitives created: 3
04:17:47 | INFO: Extracting primitive: n99.001
04:17:47 | INFO: Primitives created: 1
04:17:47 | INFO: Extracting primitive: n101.001
04:17:47 | INFO: Primitives created: 1
04:17:47 | INFO: Extracting primitive: n103.001
04:17:47 | INFO: Primitives created: 3
04:17:47 | INFO: Extracting primitive: n105.001
04:17:47 | INFO: Primitives created: 3
04:17:47 | INFO: Extracting primitive: n107.001
04:17:47 | INFO: Primitives created: 1
04:17:47 | INFO: Extracting primitive: n109.001
04:17:47 | INFO: Primitives created: 1
04:17:47 | INFO: Extracting primitive: n111.001
04:17:47 | INFO: Primitives created: 3
04:17:47 | INFO: Extracting primitive: n113.001
04:17:47 | INFO: Primitives created: 1
04:17:47 | INFO: Extracting primitive: n115.001
04:17:47 | INFO: Primitives created: 1
04:17:47 | INFO: Extracting primitive: n117.001
04:17:47 | INFO: Primitives created: 1
04:17:47 | INFO: Extracting primitive: n119.001
04:17:47 | INFO: Primitives created: 3
04:17:47 | INFO: Extracting primitive: n121.001
04:17:47 | INFO: Primitives created: 3
04:17:47 | INFO: Extracting primitive: n123.001
04:17:47 | INFO: Primitives created: 1
04:17:47 | INFO: Extracting primitive: n125.001
04:17:47 | INFO: Primitives created: 1
04:17:47 | INFO: Extracting primitive: n127.001
04:17:47 | INFO: Primitives created: 3
04:17:47 | INFO: Extracting primitive: n129.001
04:17:47 | INFO: Primitives created: 1
04:17:47 | INFO: Extracting primitive: n131.001
04:17:47 | INFO: Primitives created: 1
04:17:47 | INFO: Extracting primitive: n133.001
04:17:47 | INFO: Primitives created: 1
04:17:47 | INFO: Extracting primitive: n135.001
04:17:47 | INFO: Primitives created: 3
04:17:47 | INFO: Extracting primitive: n137.001
04:17:47 | INFO: Primitives created: 3
04:17:47 | INFO: Extracting primitive: n139.001
04:17:47 | INFO: Primitives created: 1
04:17:47 | INFO: Extracting primitive: n141.001
04:17:47 | INFO: Primitives created: 1
04:17:47 | INFO: Extracting primitive: n143.001
04:17:47 | INFO: Primitives created: 3
04:17:47 | INFO: Extracting primitive: n145.001
04:17:47 | INFO: Primitives created: 3
04:17:47 | INFO: Extracting primitive: n147.001
04:17:47 | INFO: Primitives created: 1
04:17:47 | INFO: Extracting primitive: n149.001
04:17:47 | INFO: Primitives created: 1
04:17:47 | INFO: Extracting primitive: n151.001
04:17:47 | INFO: Primitives created: 3
04:17:47 | INFO: Extracting primitive: n153.001
04:17:47 | INFO: Primitives created: 3
04:17:47 | INFO: Extracting primitive: n155.001
04:17:47 | INFO: Primitives created: 1
04:17:47 | INFO: Extracting primitive: n157.001
04:17:47 | INFO: Primitives created: 1
04:17:47 | INFO: Extracting primitive: n159.001
04:17:47 | INFO: Primitives created: 3
04:17:47 | INFO: Extracting primitive: n161.001
04:17:47 | INFO: Primitives created: 1
04:17:47 | INFO: Extracting primitive: n163.001
04:17:47 | INFO: Primitives created: 1
04:17:47 | INFO: Extracting primitive: n165.001
04:17:47 | INFO: Primitives created: 3
04:17:47 | INFO: Extracting primitive: n167.001
04:17:47 | INFO: Primitives created: 3
04:17:47 | INFO: Extracting primitive: n169.001
04:17:47 | INFO: Primitives created: 1
04:17:47 | INFO: Extracting primitive: n171.001
04:17:47 | INFO: Primitives created: 1
04:17:47 | INFO: Extracting primitive: n173.001
04:17:47 | INFO: Primitives created: 1
04:17:47 | INFO: Extracting primitive: n175.001
04:17:47 | INFO: Primitives created: 3
04:17:47 | INFO: Extracting primitive: n177.001
04:17:47 | INFO: Primitives created: 1
04:17:47 | INFO: Extracting primitive: n179.001
04:17:47 | INFO: Primitives created: 1
04:17:47 | INFO: Extracting primitive: n181.001
04:17:47 | INFO: Primitives created: 3
04:17:47 | INFO: Extracting primitive: n183.001
04:17:47 | INFO: Primitives created: 1
04:17:47 | INFO: Extracting primitive: n185.001
04:17:47 | INFO: Primitives created: 1
04:17:47 | INFO: Extracting primitive: n187.001
04:17:47 | INFO: Primitives created: 1
04:17:47 | INFO: Extracting primitive: n189.001
04:17:47 | INFO: Primitives created: 1
04:17:47 | INFO: Extracting primitive: n191.001
04:17:47 | INFO: Primitives created: 1
04:17:47 | INFO: Extracting primitive: n194.001
04:17:47 | INFO: Primitives created: 3
04:17:47 | INFO: Extracting primitive: n196.001
04:17:47 | INFO: Primitives created: 3
04:17:47 | INFO: Extracting primitive: n198.001
04:17:47 | INFO: Primitives created: 3
04:17:47 | INFO: Extracting primitive: n200.001
04:17:47 | INFO: Primitives created: 3
04:17:47 | INFO: Extracting primitive: n202.001
04:17:47 | INFO: Primitives created: 3
04:17:47 | INFO: Extracting primitive: n204.001
04:17:47 | INFO: Primitives created: 3
04:17:47 | INFO: Extracting primitive: n206.001
04:17:47 | INFO: Primitives created: 6
04:17:47 | INFO: Extracting primitive: n208.001
04:17:47 | INFO: Primitives created: 6
04:17:47 | INFO: Extracting primitive: n210.001
04:17:47 | INFO: Primitives created: 6
04:17:47 | INFO: Extracting primitive: n212.001
04:17:47 | INFO: Primitives created: 6
04:17:47 | INFO: Extracting primitive: n214.001
04:17:47 | INFO: Primitives created: 6
04:17:47 | INFO: Extracting primitive: n216.001
04:17:47 | INFO: Primitives created: 6
04:17:47 | INFO: Extracting primitive: n218.001
04:17:47 | INFO: Primitives created: 3
04:17:47 | INFO: Extracting primitive: n220.001
04:17:47 | INFO: Primitives created: 3
04:17:47 | INFO: Extracting primitive: n222.001
04:17:47 | INFO: Primitives created: 1
04:17:47 | INFO: Extracting primitive: n224.001
04:17:47 | INFO: Primitives created: 1
04:17:47 | INFO: Extracting primitive: n226.001
04:17:47 | INFO: Primitives created: 1
04:17:47 | INFO: Extracting primitive: n228.001
04:17:47 | INFO: Primitives created: 3
04:17:47 | INFO: Extracting primitive: n230.001
04:17:47 | INFO: Primitives created: 1
04:17:47 | INFO: Extracting primitive: n232.001
04:17:47 | INFO: Primitives created: 1
04:17:47 | INFO: Extracting primitive: n234.001
04:17:47 | INFO: Primitives created: 3
04:17:47 | INFO: Extracting primitive: n236.001
04:17:47 | INFO: Primitives created: 3
04:17:47 | INFO: Extracting primitive: n238.001
04:17:47 | INFO: Primitives created: 1
04:17:47 | INFO: Extracting primitive: n240.001
04:17:47 | INFO: Primitives created: 1
04:17:47 | INFO: Extracting primitive: n242.001
04:17:47 | INFO: Primitives created: 3
04:17:47 | INFO: Extracting primitive: n244.001
04:17:47 | INFO: Primitives created: 1
04:17:47 | INFO: Extracting primitive: n246.001
04:17:47 | INFO: Primitives created: 1
04:17:47 | INFO: Extracting primitive: n248.001
04:17:47 | INFO: Primitives created: 3
04:17:47 | INFO: Extracting primitive: n250.001
04:17:47 | INFO: Primitives created: 3
04:17:47 | INFO: Extracting primitive: n252.001
04:17:47 | INFO: Primitives created: 1
04:17:47 | INFO: Extracting primitive: n254.001
04:17:47 | INFO: Primitives created: 1
04:17:47 | INFO: Extracting primitive: n256.001
04:17:47 | INFO: Primitives created: 3
04:17:47 | INFO: Extracting primitive: n258.001
04:17:47 | INFO: Primitives created: 1
04:17:47 | INFO: Extracting primitive: n260.001
04:17:47 | INFO: Primitives created: 1
04:17:47 | INFO: Extracting primitive: n262.001
04:17:47 | INFO: Primitives created: 1
04:17:47 | INFO: Extracting primitive: n264.001
04:17:47 | INFO: Primitives created: 3
04:17:47 | INFO: Extracting primitive: n266.001
04:17:47 | INFO: Primitives created: 3
04:17:47 | INFO: Extracting primitive: n268.001
04:17:47 | INFO: Primitives created: 1
04:17:47 | INFO: Extracting primitive: n270.001
04:17:47 | INFO: Primitives created: 1
04:17:47 | INFO: Extracting primitive: n272.001
04:17:47 | INFO: Primitives created: 1
04:17:47 | INFO: Extracting primitive: n274.001
04:17:47 | INFO: Primitives created: 3
04:17:47 | INFO: Extracting primitive: n276.001
04:17:47 | INFO: Primitives created: 3
04:17:47 | INFO: Extracting primitive: n278.001
04:17:47 | INFO: Primitives created: 1
04:17:47 | INFO: Extracting primitive: n280.001
04:17:47 | INFO: Primitives created: 1
04:17:47 | INFO: Extracting primitive: n282.001
04:17:47 | INFO: Primitives created: 3
04:17:47 | INFO: Extracting primitive: n284.001
04:17:47 | INFO: Primitives created: 3
04:17:47 | INFO: Extracting primitive: n286.001
04:17:47 | INFO: Primitives created: 1
04:17:47 | INFO: Extracting primitive: n288.001
04:17:47 | INFO: Primitives created: 1
04:17:47 | INFO: Extracting primitive: n290.001
04:17:47 | INFO: Primitives created: 1
04:17:47 | INFO: Extracting primitive: n292.001
04:17:47 | INFO: Primitives created: 3
04:17:47 | INFO: Extracting primitive: n294.001
04:17:47 | INFO: Primitives created: 1
04:17:47 | INFO: Extracting primitive: n296.001
04:17:47 | INFO: Primitives created: 1
04:17:47 | INFO: Extracting primitive: n298.001
04:17:47 | INFO: Primitives created: 1
04:17:47 | INFO: Extracting primitive: n300.001
04:17:47 | INFO: Primitives created: 3
04:17:47 | INFO: Extracting primitive: n302.001
04:17:47 | INFO: Primitives created: 3
04:17:47 | INFO: Extracting primitive: n304.001
04:17:47 | INFO: Primitives created: 1
04:17:47 | INFO: Extracting primitive: n306.001
04:17:47 | INFO: Primitives created: 1
04:17:47 | INFO: Extracting primitive: n308.001
04:17:47 | INFO: Primitives created: 1
04:17:47 | INFO: Extracting primitive: n310.001
04:17:47 | INFO: Primitives created: 3
04:17:47 | INFO: Extracting primitive: n312.001
04:17:47 | INFO: Primitives created: 1
04:17:47 | INFO: Extracting primitive: n314.001
04:17:47 | INFO: Primitives created: 1
04:17:47 | INFO: Extracting primitive: n316.001
04:17:47 | INFO: Primitives created: 3
04:17:47 | INFO: Extracting primitive: n318.001
04:17:47 | INFO: Primitives created: 3
04:17:47 | INFO: Extracting primitive: n320.001
04:17:47 | INFO: Primitives created: 1
04:17:47 | INFO: Extracting primitive: n322.001
04:17:47 | INFO: Primitives created: 1
04:17:47 | INFO: Extracting primitive: n324.001
04:17:47 | INFO: Primitives created: 3
04:17:47 | INFO: Extracting primitive: n326.001
04:17:47 | INFO: Primitives created: 1
04:17:47 | INFO: Extracting primitive: n328.001
04:17:47 | INFO: Primitives created: 1
04:17:47 | INFO: Extracting primitive: n330.001
04:17:47 | INFO: Primitives created: 1
04:17:47 | INFO: Extracting primitive: n332.001
04:17:47 | INFO: Primitives created: 3
04:17:47 | INFO: Extracting primitive: n334.001
04:17:47 | INFO: Primitives created: 3
04:17:47 | INFO: Extracting primitive: n336.001
04:17:47 | INFO: Primitives created: 1
04:17:47 | INFO: Extracting primitive: n338.001
04:17:47 | INFO: Primitives created: 1
04:17:47 | INFO: Extracting primitive: n340.001
04:17:47 | INFO: Primitives created: 3
04:17:47 | INFO: Extracting primitive: n342.001
04:17:47 | INFO: Primitives created: 1
04:17:47 | INFO: Extracting primitive: n344.001
04:17:47 | INFO: Primitives created: 1
04:17:47 | INFO: Extracting primitive: n346.001
04:17:47 | INFO: Primitives created: 3
04:17:47 | INFO: Extracting primitive: n348.001
04:17:47 | INFO: Primitives created: 1
04:17:47 | INFO: Extracting primitive: n350.001
04:17:47 | INFO: Primitives created: 1
04:17:47 | INFO: Extracting primitive: n352.001
04:17:47 | INFO: Primitives created: 3
04:17:47 | INFO: Extracting primitive: n354.001
04:17:47 | INFO: Primitives created: 1
04:17:47 | INFO: Extracting primitive: n356.001
04:17:47 | INFO: Primitives created: 1
04:17:47 | INFO: Extracting primitive: n358.001
04:17:47 | INFO: Primitives created: 1
04:17:47 | INFO: Extracting primitive: n360.001
04:17:47 | INFO: Primitives created: 1
04:17:47 | INFO: Extracting primitive: n363.001
04:17:47 | INFO: Primitives created: 3
04:17:47 | INFO: Extracting primitive: n365.001
04:17:47 | INFO: Primitives created: 3
04:17:47 | INFO: Extracting primitive: n367.001
04:17:47 | INFO: Primitives created: 3
04:17:47 | INFO: Extracting primitive: n369.001
04:17:47 | INFO: Primitives created: 3
04:17:47 | INFO: Extracting primitive: n371.001
04:17:47 | INFO: Primitives created: 3
04:17:47 | INFO: Extracting primitive: n373.001
04:17:47 | INFO: Primitives created: 3
04:17:47 | INFO: Extracting primitive: n375.001
04:17:47 | INFO: Primitives created: 6
04:17:47 | INFO: Extracting primitive: n377.001
04:17:47 | INFO: Primitives created: 6
04:17:47 | INFO: Extracting primitive: n379.001
04:17:47 | INFO: Primitives created: 6
04:17:47 | INFO: Extracting primitive: n381.001
04:17:47 | INFO: Primitives created: 6
04:17:47 | INFO: Extracting primitive: n383.001
04:17:47 | INFO: Primitives created: 6
04:17:47 | INFO: Extracting primitive: n385.001
04:17:47 | INFO: Primitives created: 6
04:17:47 | INFO: Extracting primitive: n387.001
04:17:47 | INFO: Primitives created: 3
04:17:47 | INFO: Extracting primitive: n389.001
04:17:47 | INFO: Primitives created: 3
04:17:47 | INFO: Extracting primitive: n391.001
04:17:47 | INFO: Primitives created: 1
04:17:47 | INFO: Extracting primitive: n393.001
04:17:47 | INFO: Primitives created: 1
04:17:47 | INFO: Extracting primitive: n395.001
04:17:47 | INFO: Primitives created: 3
04:17:47 | INFO: Extracting primitive: n397.001
04:17:47 | INFO: Primitives created: 1
04:17:47 | INFO: Extracting primitive: n399.001
04:17:47 | INFO: Primitives created: 1
04:17:47 | INFO: Extracting primitive: n401.001
04:17:47 | INFO: Primitives created: 3
04:17:47 | INFO: Extracting primitive: n403.001
04:17:47 | INFO: Primitives created: 3
04:17:47 | INFO: Extracting primitive: n405.001
04:17:47 | INFO: Primitives created: 1
04:17:47 | INFO: Extracting primitive: n407.001
04:17:47 | INFO: Primitives created: 1
04:17:47 | INFO: Extracting primitive: n409.001
04:17:47 | INFO: Primitives created: 1
04:17:47 | INFO: Extracting primitive: n411.001
04:17:47 | INFO: Primitives created: 3
04:17:47 | INFO: Extracting primitive: n413.001
04:17:47 | INFO: Primitives created: 1
04:17:47 | INFO: Extracting primitive: n415.001
04:17:47 | INFO: Primitives created: 1
04:17:47 | INFO: Extracting primitive: n417.001
04:17:47 | INFO: Primitives created: 1
04:17:47 | INFO: Extracting primitive: n419.001
04:17:47 | INFO: Primitives created: 3
04:17:47 | INFO: Extracting primitive: n421.001
04:17:47 | INFO: Primitives created: 3
04:17:47 | INFO: Extracting primitive: n423.001
04:17:47 | INFO: Primitives created: 1
04:17:47 | INFO: Extracting primitive: n425.001
04:17:47 | INFO: Primitives created: 1
04:17:47 | INFO: Extracting primitive: n427.001
04:17:47 | INFO: Primitives created: 3
04:17:47 | INFO: Extracting primitive: n429.001
04:17:47 | INFO: Primitives created: 1
04:17:47 | INFO: Extracting primitive: n431.001
04:17:47 | INFO: Primitives created: 1
04:17:47 | INFO: Extracting primitive: n433.001
04:17:47 | INFO: Primitives created: 3
04:17:47 | INFO: Extracting primitive: n435.001
04:17:47 | INFO: Primitives created: 3
04:17:47 | INFO: Extracting primitive: n437.001
04:17:47 | INFO: Primitives created: 1
04:17:47 | INFO: Extracting primitive: n439.001
04:17:47 | INFO: Primitives created: 1
04:17:47 | INFO: Extracting primitive: n441.001
04:17:47 | INFO: Primitives created: 3
04:17:47 | INFO: Extracting primitive: n443.001
04:17:47 | INFO: Primitives created: 3
04:17:47 | INFO: Extracting primitive: n445.001
04:17:47 | INFO: Primitives created: 1
04:17:47 | INFO: Extracting primitive: n447.001
04:17:47 | INFO: Primitives created: 1
04:17:47 | INFO: Extracting primitive: n449.001
04:17:47 | INFO: Primitives created: 1
04:17:47 | INFO: Extracting primitive: n451.001
04:17:47 | INFO: Primitives created: 3
04:17:47 | INFO: Extracting primitive: n453.001
04:17:47 | INFO: Primitives created: 1
04:17:47 | INFO: Extracting primitive: n455.001
04:17:47 | INFO: Primitives created: 1
04:17:47 | INFO: Extracting primitive: n457.001
04:17:47 | INFO: Primitives created: 1
04:17:47 | INFO: Extracting primitive: n459.001
04:17:47 | INFO: Primitives created: 3
04:17:47 | INFO: Extracting primitive: n461.001
04:17:47 | INFO: Primitives created: 3
04:17:47 | INFO: Extracting primitive: n463.001
04:17:47 | INFO: Primitives created: 1
04:17:47 | INFO: Extracting primitive: n465.001
04:17:47 | INFO: Primitives created: 1
04:17:47 | INFO: Extracting primitive: n467.001
04:17:47 | INFO: Primitives created: 1
04:17:47 | INFO: Extracting primitive: n469.001
04:17:47 | INFO: Primitives created: 3
04:17:47 | INFO: Extracting primitive: n471.001
04:17:47 | INFO: Primitives created: 3
04:17:47 | INFO: Extracting primitive: n473.001
04:17:47 | INFO: Primitives created: 1
04:17:47 | INFO: Extracting primitive: n475.001
04:17:47 | INFO: Primitives created: 1
04:17:47 | INFO: Extracting primitive: n477.001
04:17:47 | INFO: Primitives created: 3
04:17:47 | INFO: Extracting primitive: n479.001
04:17:47 | INFO: Primitives created: 1
04:17:47 | INFO: Extracting primitive: n481.001
04:17:47 | INFO: Primitives created: 1
04:17:47 | INFO: Extracting primitive: n483.001
04:17:47 | INFO: Primitives created: 3
04:17:47 | INFO: Extracting primitive: n485.001
04:17:47 | INFO: Primitives created: 3
04:17:47 | INFO: Extracting primitive: n487.001
04:17:47 | INFO: Primitives created: 1
04:17:47 | INFO: Extracting primitive: n489.001
04:17:47 | INFO: Primitives created: 1
04:17:47 | INFO: Extracting primitive: n491.001
04:17:47 | INFO: Primitives created: 3
04:17:47 | INFO: Extracting primitive: n493.001
04:17:47 | INFO: Primitives created: 1
04:17:47 | INFO: Extracting primitive: n495.001
04:17:47 | INFO: Primitives created: 1
04:17:47 | INFO: Extracting primitive: n497.001
04:17:47 | INFO: Primitives created: 1
04:17:47 | INFO: Extracting primitive: n499.001
04:17:47 | INFO: Primitives created: 3
04:17:47 | INFO: Extracting primitive: n501.001
04:17:47 | INFO: Primitives created: 1
04:17:47 | INFO: Extracting primitive: n503.001
04:17:47 | INFO: Primitives created: 1
04:17:47 | INFO: Extracting primitive: n505.001
04:17:47 | INFO: Primitives created: 3
04:17:47 | INFO: Extracting primitive: n507.001
04:17:47 | INFO: Primitives created: 1
04:17:47 | INFO: Extracting primitive: n509.001
04:17:47 | INFO: Primitives created: 1
04:17:47 | INFO: Extracting primitive: n511.001
04:17:47 | INFO: Primitives created: 1
04:17:47 | INFO: Extracting primitive: n513.001
04:17:47 | INFO: Primitives created: 1
04:17:47 | INFO: Extracting primitive: n515.001
04:17:47 | INFO: Primitives created: 1
04:17:47 | INFO: Extracting primitive: n518.001
04:17:47 | INFO: Primitives created: 3
04:17:47 | INFO: Extracting primitive: n520.001
04:17:47 | INFO: Primitives created: 3
04:17:47 | INFO: Extracting primitive: n522.001
04:17:47 | INFO: Primitives created: 3
04:17:47 | INFO: Extracting primitive: n524.001
04:17:47 | INFO: Primitives created: 3
04:17:47 | INFO: Extracting primitive: n526.001
04:17:47 | INFO: Primitives created: 3
04:17:47 | INFO: Extracting primitive: n528.001
04:17:47 | INFO: Primitives created: 3
04:17:47 | INFO: Extracting primitive: n530.001
04:17:47 | INFO: Primitives created: 6
04:17:47 | INFO: Extracting primitive: n532.001
04:17:47 | INFO: Primitives created: 6
04:17:47 | INFO: Extracting primitive: n534.001
04:17:47 | INFO: Primitives created: 6
04:17:47 | INFO: Extracting primitive: n536.001
04:17:47 | INFO: Primitives created: 6
04:17:47 | INFO: Extracting primitive: n538.001
04:17:47 | INFO: Primitives created: 6
04:17:47 | INFO: Extracting primitive: n540.001
04:17:47 | INFO: Primitives created: 6
04:17:47 | INFO: Extracting primitive: n542.001
04:17:47 | INFO: Primitives created: 3
04:17:47 | INFO: Extracting primitive: n544.001
04:17:47 | INFO: Primitives created: 3
04:17:47 | INFO: Extracting primitive: n546.001
04:17:47 | INFO: Primitives created: 1
04:17:47 | INFO: Extracting primitive: n548.001
04:17:47 | INFO: Primitives created: 1
04:17:47 | INFO: Extracting primitive: n550.001
04:17:47 | INFO: Primitives created: 3
04:17:47 | INFO: Extracting primitive: n552.001
04:17:47 | INFO: Primitives created: 3
04:17:47 | INFO: Extracting primitive: n554.001
04:17:47 | INFO: Primitives created: 1
04:17:47 | INFO: Extracting primitive: n556.001
04:17:47 | INFO: Primitives created: 1
04:17:47 | INFO: Extracting primitive: n558.001
04:17:47 | INFO: Primitives created: 1
04:17:47 | INFO: Extracting primitive: n560.001
04:17:47 | INFO: Primitives created: 3
04:17:47 | INFO: Extracting primitive: n562.001
04:17:47 | INFO: Primitives created: 1
04:17:47 | INFO: Extracting primitive: n564.001
04:17:47 | INFO: Primitives created: 1
04:17:47 | INFO: Extracting primitive: n566.001
04:17:47 | INFO: Primitives created: 1
04:17:47 | INFO: Extracting primitive: n568.001
04:17:47 | INFO: Primitives created: 3
04:17:47 | INFO: Extracting primitive: n570.001
04:17:47 | INFO: Primitives created: 3
04:17:47 | INFO: Extracting primitive: n572.001
04:17:47 | INFO: Primitives created: 1
04:17:47 | INFO: Extracting primitive: n574.001
04:17:47 | INFO: Primitives created: 1
04:17:47 | INFO: Extracting primitive: n576.001
04:17:47 | INFO: Primitives created: 1
04:17:47 | INFO: Extracting primitive: n578.001
04:17:47 | INFO: Primitives created: 3
04:17:47 | INFO: Extracting primitive: n580.001
04:17:47 | INFO: Primitives created: 1
04:17:47 | INFO: Extracting primitive: n582.001
04:17:47 | INFO: Primitives created: 1
04:17:47 | INFO: Extracting primitive: n584.001
04:17:47 | INFO: Primitives created: 1
04:17:47 | INFO: Extracting primitive: n586.001
04:17:47 | INFO: Primitives created: 3
04:17:47 | INFO: Extracting primitive: n588.001
04:17:47 | INFO: Primitives created: 3
04:17:47 | INFO: Extracting primitive: n590.001
04:17:47 | INFO: Primitives created: 1
04:17:47 | INFO: Extracting primitive: n592.001
04:17:47 | INFO: Primitives created: 1
04:17:47 | INFO: Extracting primitive: n594.001
04:17:47 | INFO: Primitives created: 1
04:17:47 | INFO: Extracting primitive: n596.001
04:17:47 | INFO: Primitives created: 3
04:17:47 | INFO: Extracting primitive: n598.001
04:17:47 | INFO: Primitives created: 1
04:17:47 | INFO: Extracting primitive: n600.001
04:17:47 | INFO: Primitives created: 1
04:17:47 | INFO: Extracting primitive: n602.001
04:17:47 | INFO: Primitives created: 1
04:17:47 | INFO: Extracting primitive: n604.001
04:17:47 | INFO: Primitives created: 3
04:17:47 | INFO: Extracting primitive: n606.001
04:17:47 | INFO: Primitives created: 3
04:17:47 | INFO: Extracting primitive: n608.001
04:17:47 | INFO: Primitives created: 1
04:17:47 | INFO: Extracting primitive: n610.001
04:17:47 | INFO: Primitives created: 1
04:17:47 | INFO: Extracting primitive: n612.001
04:17:47 | INFO: Primitives created: 1
04:17:47 | INFO: Extracting primitive: n614.001
04:17:47 | INFO: Primitives created: 3
04:17:47 | INFO: Extracting primitive: n616.001
04:17:47 | INFO: Primitives created: 1
04:17:47 | INFO: Extracting primitive: n618.001
04:17:47 | INFO: Primitives created: 1
04:17:47 | INFO: Extracting primitive: n620.001
04:17:47 | INFO: Primitives created: 3
04:17:47 | INFO: Extracting primitive: n622.001
04:17:47 | INFO: Primitives created: 3
04:17:47 | INFO: Extracting primitive: n624.001
04:17:47 | INFO: Primitives created: 1
04:17:47 | INFO: Extracting primitive: n626.001
04:17:47 | INFO: Primitives created: 1
04:17:47 | INFO: Extracting primitive: n628.001
04:17:47 | INFO: Primitives created: 1
04:17:47 | INFO: Extracting primitive: n630.001
04:17:47 | INFO: Primitives created: 3
04:17:47 | INFO: Extracting primitive: n632.001
04:17:47 | INFO: Primitives created: 3
04:17:47 | INFO: Extracting primitive: n634.001
04:17:47 | INFO: Primitives created: 1
04:17:47 | INFO: Extracting primitive: n636.001
04:17:47 | INFO: Primitives created: 1
04:17:47 | INFO: Extracting primitive: n638.001
04:17:47 | INFO: Primitives created: 1
04:17:47 | INFO: Extracting primitive: n640.001
04:17:47 | INFO: Primitives created: 3
04:17:47 | INFO: Extracting primitive: n642.001
04:17:47 | INFO: Primitives created: 1
04:17:47 | INFO: Extracting primitive: n644.001
04:17:47 | INFO: Primitives created: 1
04:17:47 | INFO: Extracting primitive: n646.001
04:17:47 | INFO: Primitives created: 3
04:17:47 | INFO: Extracting primitive: n648.001
04:17:47 | INFO: Primitives created: 3
04:17:47 | INFO: Extracting primitive: n650.001
04:17:47 | INFO: Primitives created: 1
04:17:47 | INFO: Extracting primitive: n652.001
04:17:47 | INFO: Primitives created: 1
04:17:47 | INFO: Extracting primitive: n654.001
04:17:47 | INFO: Primitives created: 1
04:17:47 | INFO: Extracting primitive: n656.001
04:17:47 | INFO: Primitives created: 3
04:17:47 | INFO: Extracting primitive: n658.001
04:17:47 | INFO: Primitives created: 1
04:17:47 | INFO: Extracting primitive: n660.001
04:17:47 | INFO: Primitives created: 1
04:17:47 | INFO: Extracting primitive: n662.001
04:17:47 | INFO: Primitives created: 3
04:17:47 | INFO: Extracting primitive: n664.001
04:17:47 | INFO: Primitives created: 1
04:17:47 | INFO: Extracting primitive: n666.001
04:17:47 | INFO: Primitives created: 1
04:17:47 | INFO: Extracting primitive: n668.001
04:17:47 | INFO: Primitives created: 1
04:17:47 | INFO: Extracting primitive: n670.001
04:17:47 | INFO: Primitives created: 1
04:17:47 | INFO: Extracting primitive: n672.001
04:17:47 | INFO: Primitives created: 1
04:17:47 | INFO: Extracting primitive: n675.001
04:17:47 | INFO: Primitives created: 3
04:17:47 | INFO: Extracting primitive: n677.001
04:17:47 | INFO: Primitives created: 3
04:17:47 | INFO: Extracting primitive: n679.001
04:17:47 | INFO: Primitives created: 3
04:17:47 | INFO: Extracting primitive: n681.001
04:17:47 | INFO: Primitives created: 3
04:17:47 | INFO: Extracting primitive: n683.001
04:17:47 | INFO: Primitives created: 3
04:17:47 | INFO: Extracting primitive: n685.001
04:17:47 | INFO: Primitives created: 3
04:17:47 | INFO: Extracting primitive: n687.001
04:17:47 | INFO: Primitives created: 6
04:17:47 | INFO: Extracting primitive: n689.001
04:17:47 | INFO: Primitives created: 6
04:17:47 | INFO: Extracting primitive: n691.001
04:17:47 | INFO: Primitives created: 6
04:17:47 | INFO: Extracting primitive: n693.001
04:17:47 | INFO: Primitives created: 6
04:17:47 | INFO: Extracting primitive: n695.001
04:17:47 | INFO: Primitives created: 6
04:17:47 | INFO: Extracting primitive: n697.001
04:17:47 | INFO: Primitives created: 6
04:17:47 | INFO: Extracting primitive: n699.001
04:17:47 | INFO: Primitives created: 3
04:17:47 | INFO: Extracting primitive: n701.001
04:17:47 | INFO: Primitives created: 3
04:17:47 | INFO: Extracting primitive: n703.001
04:17:47 | INFO: Primitives created: 1
04:17:47 | INFO: Extracting primitive: n705.001
04:17:47 | INFO: Primitives created: 1
04:17:47 | INFO: Extracting primitive: n707.001
04:17:47 | INFO: Primitives created: 3
04:17:47 | INFO: Extracting primitive: n709.001
04:17:47 | INFO: Primitives created: 1
04:17:47 | INFO: Extracting primitive: n711.001
04:17:47 | INFO: Primitives created: 1
04:17:47 | INFO: Extracting primitive: n713.001
04:17:47 | INFO: Primitives created: 1
04:17:47 | INFO: Extracting primitive: n715.001
04:17:47 | INFO: Primitives created: 3
04:17:47 | INFO: Extracting primitive: n717.001
04:17:47 | INFO: Primitives created: 3
04:17:47 | INFO: Extracting primitive: n719.001
04:17:47 | INFO: Primitives created: 1
04:17:47 | INFO: Extracting primitive: n721.001
04:17:47 | INFO: Primitives created: 1
04:17:47 | INFO: Extracting primitive: n723.001
04:17:47 | INFO: Primitives created: 1
04:17:47 | INFO: Extracting primitive: n725.001
04:17:47 | INFO: Primitives created: 3
04:17:47 | INFO: Extracting primitive: n727.001
04:17:47 | INFO: Primitives created: 3
04:17:47 | INFO: Extracting primitive: n729.001
04:17:47 | INFO: Primitives created: 1
04:17:47 | INFO: Extracting primitive: n731.001
04:17:47 | INFO: Primitives created: 1
04:17:47 | INFO: Extracting primitive: n733.001
04:17:47 | INFO: Primitives created: 1
04:17:47 | INFO: Extracting primitive: n735.001
04:17:47 | INFO: Primitives created: 3
04:17:47 | INFO: Extracting primitive: n737.001
04:17:47 | INFO: Primitives created: 1
04:17:47 | INFO: Extracting primitive: n739.001
04:17:47 | INFO: Primitives created: 1
04:17:47 | INFO: Extracting primitive: n741.001
04:17:47 | INFO: Primitives created: 1
04:17:47 | INFO: Extracting primitive: n743.001
04:17:47 | INFO: Primitives created: 3
04:17:47 | INFO: Extracting primitive: n745.001
04:17:47 | INFO: Primitives created: 3
04:17:47 | INFO: Extracting primitive: n747.001
04:17:47 | INFO: Primitives created: 1
04:17:47 | INFO: Extracting primitive: n749.001
04:17:47 | INFO: Primitives created: 1
04:17:47 | INFO: Extracting primitive: n751.001
04:17:47 | INFO: Primitives created: 1
04:17:47 | INFO: Extracting primitive: n753.001
04:17:47 | INFO: Primitives created: 3
04:17:47 | INFO: Extracting primitive: n755.001
04:17:47 | INFO: Primitives created: 3
04:17:47 | INFO: Extracting primitive: n757.001
04:17:47 | INFO: Primitives created: 1
04:17:47 | INFO: Extracting primitive: n759.001
04:17:47 | INFO: Primitives created: 1
04:17:47 | INFO: Extracting primitive: n761.001
04:17:47 | INFO: Primitives created: 1
04:17:47 | INFO: Extracting primitive: n763.001
04:17:47 | INFO: Primitives created: 3
04:17:47 | INFO: Extracting primitive: n765.001
04:17:47 | INFO: Primitives created: 1
04:17:47 | INFO: Extracting primitive: n767.001
04:17:47 | INFO: Primitives created: 1
04:17:47 | INFO: Extracting primitive: n769.001
04:17:47 | INFO: Primitives created: 1
04:17:47 | INFO: Extracting primitive: n771.001
04:17:47 | INFO: Primitives created: 3
04:17:47 | INFO: Extracting primitive: n773.001
04:17:47 | INFO: Primitives created: 3
04:17:47 | INFO: Extracting primitive: n775.001
04:17:47 | INFO: Primitives created: 1
04:17:47 | INFO: Extracting primitive: n777.001
04:17:47 | INFO: Primitives created: 1
04:17:47 | INFO: Extracting primitive: n779.001
04:17:47 | INFO: Primitives created: 1
04:17:47 | INFO: Extracting primitive: n781.001
04:17:47 | INFO: Primitives created: 3
04:17:47 | INFO: Extracting primitive: n783.001
04:17:47 | INFO: Primitives created: 1
04:17:47 | INFO: Extracting primitive: n785.001
04:17:47 | INFO: Primitives created: 1
04:17:47 | INFO: Extracting primitive: n787.001
04:17:47 | INFO: Primitives created: 1
04:17:47 | INFO: Extracting primitive: n789.001
04:17:47 | INFO: Primitives created: 3
04:17:47 | INFO: Extracting primitive: n791.001
04:17:47 | INFO: Primitives created: 3
04:17:47 | INFO: Extracting primitive: n793.001
04:17:47 | INFO: Primitives created: 1
04:17:47 | INFO: Extracting primitive: n795.001
04:17:47 | INFO: Primitives created: 1
04:17:47 | INFO: Extracting primitive: n797.001
04:17:47 | INFO: Primitives created: 3
04:17:47 | INFO: Extracting primitive: n799.001
04:17:47 | INFO: Primitives created: 1
04:17:47 | INFO: Extracting primitive: n801.001
04:17:47 | INFO: Primitives created: 1
04:17:47 | INFO: Extracting primitive: n803.001
04:17:47 | INFO: Primitives created: 3
04:17:47 | INFO: Extracting primitive: n805.001
04:17:47 | INFO: Primitives created: 3
04:17:47 | INFO: Extracting primitive: n807.001
04:17:47 | INFO: Primitives created: 1
04:17:47 | INFO: Extracting primitive: n809.001
04:17:47 | INFO: Primitives created: 1
04:17:47 | INFO: Extracting primitive: n811.001
04:17:47 | INFO: Primitives created: 1
04:17:47 | INFO: Extracting primitive: n813.001
04:17:47 | INFO: Primitives created: 3
04:17:47 | INFO: Extracting primitive: n815.001
04:17:47 | INFO: Primitives created: 1
04:17:47 | INFO: Extracting primitive: n817.001
04:17:47 | INFO: Primitives created: 1
04:17:47 | INFO: Extracting primitive: n819.001
04:17:47 | INFO: Primitives created: 1
04:17:47 | INFO: Extracting primitive: n821.001
04:17:47 | INFO: Primitives created: 3
04:17:47 | INFO: Extracting primitive: n823.001
04:17:47 | INFO: Primitives created: 1
04:17:47 | INFO: Extracting primitive: n825.001
04:17:47 | INFO: Primitives created: 1
04:17:47 | INFO: Extracting primitive: n827.001
04:17:47 | INFO: Primitives created: 1
04:17:47 | INFO: Extracting primitive: n829.001
04:17:47 | INFO: Primitives created: 3
04:17:47 | INFO: Extracting primitive: n831.001
04:17:47 | INFO: Primitives created: 1
04:17:47 | INFO: Extracting primitive: n833.001
04:17:47 | INFO: Primitives created: 1
04:17:47 | INFO: Extracting primitive: n835.001
04:17:47 | INFO: Primitives created: 1
04:17:47 | INFO: Extracting primitive: n837.001
04:17:47 | INFO: Primitives created: 1
04:17:47 | INFO: Extracting primitive: n839.001
04:17:47 | INFO: Primitives created: 1
04:17:47 | INFO: Extracting primitive: n841.001
04:17:47 | INFO: Primitives created: 1
04:17:47 | INFO: Extracting primitive: n844.001
04:17:47 | INFO: Primitives created: 3
04:17:47 | INFO: Extracting primitive: n846.001
04:17:47 | INFO: Primitives created: 3
04:17:47 | INFO: Extracting primitive: n848.001
04:17:47 | INFO: Primitives created: 3
04:17:47 | INFO: Extracting primitive: n850.001
04:17:47 | INFO: Primitives created: 3
04:17:47 | INFO: Extracting primitive: n852.001
04:17:47 | INFO: Primitives created: 3
04:17:47 | INFO: Extracting primitive: n854.001
04:17:47 | INFO: Primitives created: 3
04:17:47 | INFO: Extracting primitive: n856.001
04:17:47 | INFO: Primitives created: 6
04:17:47 | INFO: Extracting primitive: n858.001
04:17:47 | INFO: Primitives created: 6
04:17:47 | INFO: Extracting primitive: n860.001
04:17:47 | INFO: Primitives created: 6
04:17:47 | INFO: Extracting primitive: n862.001
04:17:47 | INFO: Primitives created: 6
04:17:47 | INFO: Extracting primitive: n864.001
04:17:47 | INFO: Primitives created: 6
04:17:47 | INFO: Extracting primitive: n866.001
04:17:47 | INFO: Primitives created: 6
04:17:47 | INFO: Extracting primitive: n868.001
04:17:47 | INFO: Primitives created: 3
04:17:47 | INFO: Extracting primitive: n870.001
04:17:47 | INFO: Primitives created: 3
04:17:47 | INFO: Extracting primitive: n872.001
04:17:47 | INFO: Primitives created: 1
04:17:47 | INFO: Extracting primitive: n874.001
04:17:47 | INFO: Primitives created: 1
04:17:47 | INFO: Extracting primitive: n876.001
04:17:47 | INFO: Primitives created: 3
04:17:47 | INFO: Extracting primitive: n878.001
04:17:47 | INFO: Primitives created: 1
04:17:47 | INFO: Extracting primitive: n880.001
04:17:47 | INFO: Primitives created: 1
04:17:47 | INFO: Extracting primitive: n882.001
04:17:47 | INFO: Primitives created: 1
04:17:47 | INFO: Extracting primitive: n884.001
04:17:47 | INFO: Primitives created: 3
04:17:47 | INFO: Extracting primitive: n886.001
04:17:47 | INFO: Primitives created: 3
04:17:47 | INFO: Extracting primitive: n888.001
04:17:47 | INFO: Primitives created: 1
04:17:47 | INFO: Extracting primitive: n890.001
04:17:47 | INFO: Primitives created: 1
04:17:47 | INFO: Extracting primitive: n892.001
04:17:47 | INFO: Primitives created: 3
04:17:47 | INFO: Extracting primitive: n894.001
04:17:47 | INFO: Primitives created: 1
04:17:47 | INFO: Extracting primitive: n896.001
04:17:47 | INFO: Primitives created: 1
04:17:47 | INFO: Extracting primitive: n898.001
04:17:47 | INFO: Primitives created: 1
04:17:47 | INFO: Extracting primitive: n900.001
04:17:47 | INFO: Primitives created: 3
04:17:47 | INFO: Extracting primitive: n902.001
04:17:47 | INFO: Primitives created: 3
04:17:47 | INFO: Extracting primitive: n904.001
04:17:47 | INFO: Primitives created: 1
04:17:47 | INFO: Extracting primitive: n906.001
04:17:47 | INFO: Primitives created: 1
04:17:47 | INFO: Extracting primitive: n908.001
04:17:47 | INFO: Primitives created: 3
04:17:47 | INFO: Extracting primitive: n910.001
04:17:47 | INFO: Primitives created: 3
04:17:47 | INFO: Extracting primitive: n912.001
04:17:47 | INFO: Primitives created: 1
04:17:47 | INFO: Extracting primitive: n914.001
04:17:47 | INFO: Primitives created: 1
04:17:47 | INFO: Extracting primitive: n916.001
04:17:47 | INFO: Primitives created: 1
04:17:47 | INFO: Extracting primitive: n918.001
04:17:47 | INFO: Primitives created: 3
04:17:47 | INFO: Extracting primitive: n920.001
04:17:47 | INFO: Primitives created: 1
04:17:47 | INFO: Extracting primitive: n922.001
04:17:47 | INFO: Primitives created: 1
04:17:47 | INFO: Extracting primitive: n924.001
04:17:47 | INFO: Primitives created: 3
04:17:47 | INFO: Extracting primitive: n926.001
04:17:47 | INFO: Primitives created: 3
04:17:47 | INFO: Extracting primitive: n928.001
04:17:47 | INFO: Primitives created: 1
04:17:47 | INFO: Extracting primitive: n930.001
04:17:47 | INFO: Primitives created: 1
04:17:47 | INFO: Extracting primitive: n932.001
04:17:47 | INFO: Primitives created: 3
04:17:47 | INFO: Extracting primitive: n934.001
04:17:47 | INFO: Primitives created: 1
04:17:47 | INFO: Extracting primitive: n936.001
04:17:47 | INFO: Primitives created: 1
04:17:47 | INFO: Extracting primitive: n938.001
04:17:47 | INFO: Primitives created: 1
04:17:47 | INFO: Extracting primitive: n940.001
04:17:47 | INFO: Primitives created: 3
04:17:47 | INFO: Extracting primitive: n942.001
04:17:47 | INFO: Primitives created: 3
04:17:47 | INFO: Extracting primitive: n944.001
04:17:47 | INFO: Primitives created: 1
04:17:47 | INFO: Extracting primitive: n946.001
04:17:47 | INFO: Primitives created: 1
04:17:47 | INFO: Extracting primitive: n948.001
04:17:47 | INFO: Primitives created: 3
04:17:47 | INFO: Extracting primitive: n950.001
04:17:47 | INFO: Primitives created: 1
04:17:47 | INFO: Extracting primitive: n952.001
04:17:47 | INFO: Primitives created: 1
04:17:47 | INFO: Extracting primitive: n954.001
04:17:47 | INFO: Primitives created: 3
04:17:47 | INFO: Extracting primitive: n956.001
04:17:47 | INFO: Primitives created: 3
04:17:47 | INFO: Extracting primitive: n958.001
04:17:47 | INFO: Primitives created: 1
04:17:47 | INFO: Extracting primitive: n960.001
04:17:47 | INFO: Primitives created: 1
04:17:47 | INFO: Extracting primitive: n962.001
04:17:47 | INFO: Primitives created: 1
04:17:47 | INFO: Extracting primitive: n964.001
04:17:47 | INFO: Primitives created: 3
04:17:47 | INFO: Extracting primitive: n966.001
04:17:47 | INFO: Primitives created: 1
04:17:47 | INFO: Extracting primitive: n968.001
04:17:47 | INFO: Primitives created: 1
04:17:47 | INFO: Extracting primitive: n970.001
04:17:47 | INFO: Primitives created: 3
04:17:47 | INFO: Extracting primitive: n972.001
04:17:47 | INFO: Primitives created: 1
04:17:47 | INFO: Extracting primitive: n974.001
04:17:47 | INFO: Primitives created: 1
04:17:47 | INFO: Extracting primitive: n976.001
04:17:47 | INFO: Primitives created: 1
04:17:47 | INFO: Extracting primitive: n978.001
04:17:47 | INFO: Primitives created: 3
04:17:47 | INFO: Extracting primitive: n980.001
04:17:47 | INFO: Primitives created: 1
04:17:47 | INFO: Extracting primitive: n982.001
04:17:47 | INFO: Primitives created: 1
04:17:47 | INFO: Extracting primitive: n984.001
04:17:47 | INFO: Primitives created: 1
04:17:47 | INFO: Extracting primitive: n986.001
04:17:47 | INFO: Primitives created: 1
04:17:47 | INFO: Extracting primitive: n989.001
04:17:47 | INFO: Primitives created: 3
04:17:47 | INFO: Extracting primitive: n991.001
04:17:47 | INFO: Primitives created: 3
04:17:47 | INFO: Extracting primitive: n993.001
04:17:47 | INFO: Primitives created: 3
04:17:47 | INFO: Extracting primitive: n995.001
04:17:47 | INFO: Primitives created: 3
04:17:47 | INFO: Extracting primitive: n997.001
04:17:47 | INFO: Primitives created: 3
04:17:47 | INFO: Extracting primitive: n999.001
04:17:47 | INFO: Primitives created: 3
04:17:47 | INFO: Extracting primitive: n1001.001
04:17:47 | INFO: Primitives created: 6
04:17:47 | INFO: Extracting primitive: n1003.001
04:17:47 | INFO: Primitives created: 6
04:17:47 | INFO: Extracting primitive: n1005.001
04:17:47 | INFO: Primitives created: 6
04:17:47 | INFO: Extracting primitive: n1007.001
04:17:47 | INFO: Primitives created: 6
04:17:47 | INFO: Extracting primitive: n1009.001
04:17:47 | INFO: Primitives created: 6
04:17:47 | INFO: Extracting primitive: n1011.001
04:17:47 | INFO: Primitives created: 6
04:17:47 | INFO: Extracting primitive: n1013.001
04:17:47 | INFO: Primitives created: 3
04:17:47 | INFO: Extracting primitive: n1015.001
04:17:47 | INFO: Primitives created: 3
04:17:47 | INFO: Extracting primitive: n1017.001
04:17:47 | INFO: Primitives created: 1
04:17:47 | INFO: Extracting primitive: n1019.001
04:17:47 | INFO: Primitives created: 1
04:17:47 | INFO: Extracting primitive: n1021.001
04:17:47 | INFO: Primitives created: 1
04:17:47 | INFO: Extracting primitive: n1023.001
04:17:47 | INFO: Primitives created: 3
04:17:47 | INFO: Extracting primitive: n1025.001
04:17:47 | INFO: Primitives created: 3
04:17:47 | INFO: Extracting primitive: n1027.001
04:17:47 | INFO: Primitives created: 1
04:17:47 | INFO: Extracting primitive: n1029.001
04:17:47 | INFO: Primitives created: 1
04:17:47 | INFO: Extracting primitive: n1031.001
04:17:47 | INFO: Primitives created: 3
04:17:47 | INFO: Extracting primitive: n1033.001
04:17:47 | INFO: Primitives created: 1
04:17:47 | INFO: Extracting primitive: n1035.001
04:17:47 | INFO: Primitives created: 1
04:17:47 | INFO: Extracting primitive: n1037.001
04:17:47 | INFO: Primitives created: 1
04:17:47 | INFO: Extracting primitive: n1039.001
04:17:47 | INFO: Primitives created: 3
04:17:47 | INFO: Extracting primitive: n1041.001
04:17:47 | INFO: Primitives created: 3
04:17:47 | INFO: Extracting primitive: n1043.001
04:17:47 | INFO: Primitives created: 1
04:17:47 | INFO: Extracting primitive: n1045.001
04:17:47 | INFO: Primitives created: 1
04:17:47 | INFO: Extracting primitive: n1047.001
04:17:47 | INFO: Primitives created: 1
04:17:47 | INFO: Extracting primitive: n1049.001
04:17:47 | INFO: Primitives created: 3
04:17:47 | INFO: Extracting primitive: n1051.001
04:17:47 | INFO: Primitives created: 1
04:17:47 | INFO: Extracting primitive: n1053.001
04:17:47 | INFO: Primitives created: 1
04:17:47 | INFO: Extracting primitive: n1055.001
04:17:47 | INFO: Primitives created: 1
04:17:47 | INFO: Extracting primitive: n1057.001
04:17:47 | INFO: Primitives created: 3
04:17:47 | INFO: Extracting primitive: n1059.001
04:17:47 | INFO: Primitives created: 3
04:17:47 | INFO: Extracting primitive: n1061.001
04:17:47 | INFO: Primitives created: 1
04:17:47 | INFO: Extracting primitive: n1063.001
04:17:47 | INFO: Primitives created: 1
04:17:47 | INFO: Extracting primitive: n1065.001
04:17:47 | INFO: Primitives created: 1
04:17:47 | INFO: Extracting primitive: n1067.001
04:17:47 | INFO: Primitives created: 3
04:17:47 | INFO: Extracting primitive: n1069.001
04:17:47 | INFO: Primitives created: 1
04:17:47 | INFO: Extracting primitive: n1071.001
04:17:47 | INFO: Primitives created: 1
04:17:47 | INFO: Extracting primitive: n1073.001
04:17:47 | INFO: Primitives created: 3
04:17:47 | INFO: Extracting primitive: n1075.001
04:17:47 | INFO: Primitives created: 3
04:17:47 | INFO: Extracting primitive: n1077.001
04:17:47 | INFO: Primitives created: 1
04:17:47 | INFO: Extracting primitive: n1079.001
04:17:47 | INFO: Primitives created: 1
04:17:47 | INFO: Extracting primitive: n1081.001
04:17:47 | INFO: Primitives created: 3
04:17:47 | INFO: Extracting primitive: n1083.001
04:17:47 | INFO: Primitives created: 3
04:17:47 | INFO: Extracting primitive: n1085.001
04:17:47 | INFO: Primitives created: 1
04:17:47 | INFO: Extracting primitive: n1087.001
04:17:47 | INFO: Primitives created: 1
04:17:47 | INFO: Extracting primitive: n1089.001
04:17:47 | INFO: Primitives created: 3
04:17:47 | INFO: Extracting primitive: n1091.001
04:17:47 | INFO: Primitives created: 1
04:17:47 | INFO: Extracting primitive: n1093.001
04:17:47 | INFO: Primitives created: 1
04:17:47 | INFO: Extracting primitive: n1095.001
04:17:47 | INFO: Primitives created: 1
04:17:47 | INFO: Extracting primitive: n1097.001
04:17:47 | INFO: Primitives created: 3
04:17:47 | INFO: Extracting primitive: n1099.001
04:17:47 | INFO: Primitives created: 3
04:17:47 | INFO: Extracting primitive: n1101.001
04:17:47 | INFO: Primitives created: 1
04:17:47 | INFO: Extracting primitive: n1103.001
04:17:47 | INFO: Primitives created: 1
04:17:47 | INFO: Extracting primitive: n1105.001
04:17:47 | INFO: Primitives created: 3
04:17:47 | INFO: Extracting primitive: n1107.001
04:17:47 | INFO: Primitives created: 1
04:17:47 | INFO: Extracting primitive: n1109.001
04:17:47 | INFO: Primitives created: 1
04:17:47 | INFO: Extracting primitive: n1111.001
04:17:47 | INFO: Primitives created: 1
04:17:47 | INFO: Extracting primitive: n1113.001
04:17:47 | INFO: Primitives created: 3
04:17:47 | INFO: Extracting primitive: n1115.001
04:17:47 | INFO: Primitives created: 3
04:17:47 | INFO: Extracting primitive: n1117.001
04:17:47 | INFO: Primitives created: 1
04:17:47 | INFO: Extracting primitive: n1119.001
04:17:47 | INFO: Primitives created: 1
04:17:47 | INFO: Extracting primitive: n1121.001
04:17:47 | INFO: Primitives created: 1
04:17:47 | INFO: Extracting primitive: n1123.001
04:17:47 | INFO: Primitives created: 3
04:17:47 | INFO: Extracting primitive: n1125.001
04:17:47 | INFO: Primitives created: 1
04:17:47 | INFO: Extracting primitive: n1127.001
04:17:47 | INFO: Primitives created: 1
04:17:47 | INFO: Extracting primitive: n1129.001
04:17:47 | INFO: Primitives created: 1
04:17:47 | INFO: Extracting primitive: n1131.001
04:17:47 | INFO: Primitives created: 3
04:17:47 | INFO: Extracting primitive: n1133.001
04:17:47 | INFO: Primitives created: 3
04:17:47 | INFO: Extracting primitive: n1135.001
04:17:47 | INFO: Primitives created: 1
04:17:47 | INFO: Extracting primitive: n1137.001
04:17:47 | INFO: Primitives created: 1
04:17:47 | INFO: Extracting primitive: n1139.001
04:17:47 | INFO: Primitives created: 1
04:17:47 | INFO: Extracting primitive: n1141.001
04:17:47 | INFO: Primitives created: 3
04:17:47 | INFO: Extracting primitive: n1143.001
04:17:47 | INFO: Primitives created: 1
04:17:47 | INFO: Extracting primitive: n1145.001
04:17:47 | INFO: Primitives created: 1
04:17:47 | INFO: Extracting primitive: n1147.001
04:17:47 | INFO: Primitives created: 1
04:17:47 | INFO: Extracting primitive: n1149.001
04:17:47 | INFO: Primitives created: 3
04:17:47 | INFO: Extracting primitive: n1151.001
04:17:47 | INFO: Primitives created: 3
04:17:47 | INFO: Extracting primitive: n1153.001
04:17:47 | INFO: Primitives created: 1
04:17:47 | INFO: Extracting primitive: n1155.001
04:17:47 | INFO: Primitives created: 1
04:17:47 | INFO: Extracting primitive: n1157.001
04:17:47 | INFO: Primitives created: 1
04:17:47 | INFO: Extracting primitive: n1159.001
04:17:47 | INFO: Primitives created: 3
04:17:47 | INFO: Extracting primitive: n1161.001
04:17:47 | INFO: Primitives created: 1
04:17:47 | INFO: Extracting primitive: n1163.001
04:17:47 | INFO: Primitives created: 1
04:17:47 | INFO: Extracting primitive: n1165.001
04:17:47 | INFO: Primitives created: 3
04:17:47 | INFO: Extracting primitive: n1167.001
04:17:47 | INFO: Primitives created: 1
04:17:47 | INFO: Extracting primitive: n1169.001
04:17:47 | INFO: Primitives created: 1
04:17:47 | INFO: Extracting primitive: n1171.001
04:17:47 | INFO: Primitives created: 1
04:17:47 | INFO: Extracting primitive: n1173.001
04:17:47 | INFO: Primitives created: 1
04:17:47 | INFO: Extracting primitive: n1175.001
04:17:47 | INFO: Primitives created: 1
04:17:47 | INFO: Extracting primitive: n1178.001
04:17:47 | INFO: Primitives created: 3
04:17:47 | INFO: Extracting primitive: n1180.001
04:17:47 | INFO: Primitives created: 3
04:17:47 | INFO: Extracting primitive: n1182.001
04:17:47 | INFO: Primitives created: 3
04:17:47 | INFO: Extracting primitive: n1184.001
04:17:47 | INFO: Primitives created: 3
04:17:47 | INFO: Extracting primitive: n1186.001
04:17:47 | INFO: Primitives created: 3
04:17:47 | INFO: Extracting primitive: n1188.001
04:17:47 | INFO: Primitives created: 3
04:17:47 | INFO: Extracting primitive: n1190.001
04:17:47 | INFO: Primitives created: 6
04:17:47 | INFO: Extracting primitive: n1192.001
04:17:47 | INFO: Primitives created: 6
04:17:47 | INFO: Extracting primitive: n1194.001
04:17:47 | INFO: Primitives created: 6
04:17:47 | INFO: Extracting primitive: n1196.001
04:17:47 | INFO: Primitives created: 6
04:17:47 | INFO: Extracting primitive: n1198.001
04:17:47 | INFO: Primitives created: 6
04:17:47 | INFO: Extracting primitive: n1200.001
04:17:47 | INFO: Primitives created: 6
04:17:47 | INFO: Extracting primitive: n1202.001
04:17:47 | INFO: Primitives created: 3
04:17:47 | INFO: Extracting primitive: n1204.001
04:17:47 | INFO: Primitives created: 3
04:17:47 | INFO: Extracting primitive: n1206.001
04:17:47 | INFO: Primitives created: 1
04:17:47 | INFO: Extracting primitive: n1208.001
04:17:47 | INFO: Primitives created: 1
04:17:47 | INFO: Extracting primitive: n1210.001
04:17:47 | INFO: Primitives created: 3
04:17:47 | INFO: Extracting primitive: n1212.001
04:17:47 | INFO: Primitives created: 1
04:17:47 | INFO: Extracting primitive: n1214.001
04:17:47 | INFO: Primitives created: 1
04:17:47 | INFO: Extracting primitive: n1216.001
04:17:47 | INFO: Primitives created: 1
04:17:47 | INFO: Extracting primitive: n1218.001
04:17:47 | INFO: Primitives created: 3
04:17:47 | INFO: Extracting primitive: n1220.001
04:17:47 | INFO: Primitives created: 3
04:17:47 | INFO: Extracting primitive: n1222.001
04:17:47 | INFO: Primitives created: 1
04:17:47 | INFO: Extracting primitive: n1224.001
04:17:47 | INFO: Primitives created: 1
04:17:47 | INFO: Extracting primitive: n1226.001
04:17:47 | INFO: Primitives created: 3
04:17:47 | INFO: Extracting primitive: n1228.001
04:17:47 | INFO: Primitives created: 1
04:17:47 | INFO: Extracting primitive: n1230.001
04:17:47 | INFO: Primitives created: 1
04:17:47 | INFO: Extracting primitive: n1232.001
04:17:47 | INFO: Primitives created: 3
04:17:47 | INFO: Extracting primitive: n1234.001
04:17:47 | INFO: Primitives created: 3
04:17:47 | INFO: Extracting primitive: n1236.001
04:17:47 | INFO: Primitives created: 1
04:17:47 | INFO: Extracting primitive: n1238.001
04:17:47 | INFO: Primitives created: 1
04:17:47 | INFO: Extracting primitive: n1240.001
04:17:47 | INFO: Primitives created: 3
04:17:47 | INFO: Extracting primitive: n1242.001
04:17:47 | INFO: Primitives created: 3
04:17:47 | INFO: Extracting primitive: n1244.001
04:17:47 | INFO: Primitives created: 1
04:17:47 | INFO: Extracting primitive: n1246.001
04:17:47 | INFO: Primitives created: 1
04:17:47 | INFO: Extracting primitive: n1248.001
04:17:47 | INFO: Primitives created: 3
04:17:47 | INFO: Extracting primitive: n1250.001
04:17:47 | INFO: Primitives created: 1
04:17:47 | INFO: Extracting primitive: n1252.001
04:17:47 | INFO: Primitives created: 1
04:17:47 | INFO: Extracting primitive: n1254.001
04:17:47 | INFO: Primitives created: 3
04:17:47 | INFO: Extracting primitive: n1256.001
04:17:47 | INFO: Primitives created: 3
04:17:47 | INFO: Extracting primitive: n1258.001
04:17:47 | INFO: Primitives created: 1
04:17:47 | INFO: Extracting primitive: n1260.001
04:17:47 | INFO: Primitives created: 1
04:17:47 | INFO: Extracting primitive: n1262.001
04:17:47 | INFO: Primitives created: 3
04:17:47 | INFO: Extracting primitive: n1264.001
04:17:47 | INFO: Primitives created: 1
04:17:47 | INFO: Extracting primitive: n1266.001
04:17:47 | INFO: Primitives created: 1
04:17:47 | INFO: Extracting primitive: n1268.001
04:17:47 | INFO: Primitives created: 3
04:17:47 | INFO: Extracting primitive: n1270.001
04:17:47 | INFO: Primitives created: 3
04:17:47 | INFO: Extracting primitive: n1272.001
04:17:47 | INFO: Primitives created: 1
04:17:47 | INFO: Extracting primitive: n1274.001
04:17:47 | INFO: Primitives created: 1
04:17:47 | INFO: Extracting primitive: n1276.001
04:17:47 | INFO: Primitives created: 3
04:17:47 | INFO: Extracting primitive: n1278.001
04:17:47 | INFO: Primitives created: 3
04:17:47 | INFO: Extracting primitive: n1280.001
04:17:47 | INFO: Primitives created: 1
04:17:47 | INFO: Extracting primitive: n1282.001
04:17:47 | INFO: Primitives created: 1
04:17:47 | INFO: Extracting primitive: n1284.001
04:17:47 | INFO: Primitives created: 3
04:17:47 | INFO: Extracting primitive: n1286.001
04:17:47 | INFO: Primitives created: 1
04:17:47 | INFO: Extracting primitive: n1288.001
04:17:47 | INFO: Primitives created: 1
04:17:47 | INFO: Extracting primitive: n1290.001
04:17:47 | INFO: Primitives created: 3
04:17:47 | INFO: Extracting primitive: n1292.001
04:17:47 | INFO: Primitives created: 3
04:17:47 | INFO: Extracting primitive: n1294.001
04:17:47 | INFO: Primitives created: 1
04:17:47 | INFO: Extracting primitive: n1296.001
04:17:47 | INFO: Primitives created: 1
04:17:47 | INFO: Extracting primitive: n1298.001
04:17:47 | INFO: Primitives created: 3
04:17:47 | INFO: Extracting primitive: n1300.001
04:17:47 | INFO: Primitives created: 3
04:17:47 | INFO: Extracting primitive: n1302.001
04:17:47 | INFO: Primitives created: 1
04:17:47 | INFO: Extracting primitive: n1304.001
04:17:47 | INFO: Primitives created: 1
04:17:47 | INFO: Extracting primitive: n1306.001
04:17:47 | INFO: Primitives created: 1
04:17:47 | INFO: Extracting primitive: n1308.001
04:17:47 | INFO: Primitives created: 3
04:17:47 | INFO: Extracting primitive: n1310.001
04:17:47 | INFO: Primitives created: 1
04:17:47 | INFO: Extracting primitive: n1312.001
04:17:47 | INFO: Primitives created: 1
04:17:47 | INFO: Extracting primitive: n1314.001
04:17:47 | INFO: Primitives created: 1
04:17:47 | INFO: Extracting primitive: n1316.001
04:17:47 | INFO: Primitives created: 3
04:17:47 | INFO: Extracting primitive: n1318.001
04:17:47 | INFO: Primitives created: 1
04:17:47 | INFO: Extracting primitive: n1320.001
04:17:47 | INFO: Primitives created: 1
04:17:47 | INFO: Extracting primitive: n1322.001
04:17:47 | INFO: Primitives created: 1
04:17:47 | INFO: Extracting primitive: n1324.001
04:17:47 | INFO: Primitives created: 1
04:17:47 | INFO: Extracting primitive: n1326.001
04:17:47 | INFO: Primitives created: 1
04:17:47 | INFO: Extracting primitive: n1328.001
04:17:47 | INFO: Primitives created: 1
04:17:47 | INFO: Extracting primitive: n1331.001
04:17:47 | INFO: Primitives created: 3
04:17:47 | INFO: Extracting primitive: n1333.001
04:17:47 | INFO: Primitives created: 3
04:17:47 | INFO: Extracting primitive: n1335.001
04:17:47 | INFO: Primitives created: 3
04:17:47 | INFO: Extracting primitive: n1337.001
04:17:47 | INFO: Primitives created: 3
04:17:47 | INFO: Extracting primitive: n1339.001
04:17:47 | INFO: Primitives created: 3
04:17:47 | INFO: Extracting primitive: n1341.001
04:17:47 | INFO: Primitives created: 3
04:17:47 | INFO: Extracting primitive: n1343.001
04:17:47 | INFO: Primitives created: 6
04:17:47 | INFO: Extracting primitive: n1345.001
04:17:47 | INFO: Primitives created: 6
04:17:47 | INFO: Extracting primitive: n1347.001
04:17:47 | INFO: Primitives created: 6
04:17:47 | INFO: Extracting primitive: n1349.001
04:17:47 | INFO: Primitives created: 6
04:17:47 | INFO: Extracting primitive: n1351.001
04:17:47 | INFO: Primitives created: 6
04:17:47 | INFO: Extracting primitive: n1353.001
04:17:47 | INFO: Primitives created: 6
04:17:47 | INFO: Extracting primitive: n1355.001
04:17:47 | INFO: Primitives created: 3
04:17:47 | INFO: Extracting primitive: n1357.001
04:17:47 | INFO: Primitives created: 3
04:17:47 | INFO: Extracting primitive: n1359.001
04:17:47 | INFO: Primitives created: 1
04:17:47 | INFO: Extracting primitive: n1361.001
04:17:47 | INFO: Primitives created: 1
04:17:47 | INFO: Extracting primitive: n1363.001
04:17:47 | INFO: Primitives created: 1
04:17:47 | INFO: Extracting primitive: n1365.001
04:17:47 | INFO: Primitives created: 3
04:17:47 | INFO: Extracting primitive: n1367.001
04:17:47 | INFO: Primitives created: 3
04:17:47 | INFO: Extracting primitive: n1369.001
04:17:47 | INFO: Primitives created: 1
04:17:47 | INFO: Extracting primitive: n1371.001
04:17:47 | INFO: Primitives created: 1
04:17:47 | INFO: Extracting primitive: n1373.001
04:17:47 | INFO: Primitives created: 3
04:17:47 | INFO: Extracting primitive: n1375.001
04:17:47 | INFO: Primitives created: 1
04:17:47 | INFO: Extracting primitive: n1377.001
04:17:47 | INFO: Primitives created: 1
04:17:47 | INFO: Extracting primitive: n1379.001
04:17:47 | INFO: Primitives created: 1
04:17:47 | INFO: Extracting primitive: n1381.001
04:17:47 | INFO: Primitives created: 3
04:17:47 | INFO: Extracting primitive: n1383.001
04:17:47 | INFO: Primitives created: 3
04:17:47 | INFO: Extracting primitive: n1385.001
04:17:47 | INFO: Primitives created: 1
04:17:47 | INFO: Extracting primitive: n1387.001
04:17:47 | INFO: Primitives created: 1
04:17:47 | INFO: Extracting primitive: n1389.001
04:17:47 | INFO: Primitives created: 1
04:17:47 | INFO: Extracting primitive: n1391.001
04:17:47 | INFO: Primitives created: 3
04:17:47 | INFO: Extracting primitive: n1393.001
04:17:47 | INFO: Primitives created: 1
04:17:47 | INFO: Extracting primitive: n1395.001
04:17:47 | INFO: Primitives created: 1
04:17:47 | INFO: Extracting primitive: n1397.001
04:17:47 | INFO: Primitives created: 3
04:17:47 | INFO: Extracting primitive: n1399.001
04:17:47 | INFO: Primitives created: 3
04:17:47 | INFO: Extracting primitive: n1401.001
04:17:47 | INFO: Primitives created: 1
04:17:47 | INFO: Extracting primitive: n1403.001
04:17:47 | INFO: Primitives created: 1
04:17:47 | INFO: Extracting primitive: n1405.001
04:17:47 | INFO: Primitives created: 1
04:17:47 | INFO: Extracting primitive: n1407.001
04:17:47 | INFO: Primitives created: 3
04:17:47 | INFO: Extracting primitive: n1409.001
04:17:47 | INFO: Primitives created: 1
04:17:47 | INFO: Extracting primitive: n1411.001
04:17:47 | INFO: Primitives created: 1
04:17:47 | INFO: Extracting primitive: n1413.001
04:17:47 | INFO: Primitives created: 3
04:17:47 | INFO: Extracting primitive: n1415.001
04:17:47 | INFO: Primitives created: 3
04:17:47 | INFO: Extracting primitive: n1417.001
04:17:47 | INFO: Primitives created: 1
04:17:47 | INFO: Extracting primitive: n1419.001
04:17:47 | INFO: Primitives created: 1
04:17:47 | INFO: Extracting primitive: n1421.001
04:17:47 | INFO: Primitives created: 1
04:17:47 | INFO: Extracting primitive: n1423.001
04:17:47 | INFO: Primitives created: 3
04:17:47 | INFO: Extracting primitive: n1425.001
04:17:47 | INFO: Primitives created: 1
04:17:47 | INFO: Extracting primitive: n1427.001
04:17:47 | INFO: Primitives created: 1
04:17:47 | INFO: Extracting primitive: n1429.001
04:17:47 | INFO: Primitives created: 3
04:17:47 | INFO: Extracting primitive: n1431.001
04:17:47 | INFO: Primitives created: 3
04:17:47 | INFO: Extracting primitive: n1433.001
04:17:47 | INFO: Primitives created: 1
04:17:47 | INFO: Extracting primitive: n1435.001
04:17:47 | INFO: Primitives created: 1
04:17:47 | INFO: Extracting primitive: n1437.001
04:17:47 | INFO: Primitives created: 3
04:17:47 | INFO: Extracting primitive: n1439.001
04:17:47 | INFO: Primitives created: 1
04:17:47 | INFO: Extracting primitive: n1441.001
04:17:47 | INFO: Primitives created: 1
04:17:47 | INFO: Extracting primitive: n1443.001
04:17:47 | INFO: Primitives created: 3
04:17:47 | INFO: Extracting primitive: n1445.001
04:17:47 | INFO: Primitives created: 3
04:17:47 | INFO: Extracting primitive: n1447.001
04:17:47 | INFO: Primitives created: 1
04:17:47 | INFO: Extracting primitive: n1449.001
04:17:47 | INFO: Primitives created: 1
04:17:47 | INFO: Extracting primitive: n1451.001
04:17:47 | INFO: Primitives created: 3
04:17:47 | INFO: Extracting primitive: n1453.001
04:17:47 | INFO: Primitives created: 1
04:17:47 | INFO: Extracting primitive: n1455.001
04:17:47 | INFO: Primitives created: 1
04:17:47 | INFO: Extracting primitive: n1457.001
04:17:47 | INFO: Primitives created: 3
04:17:47 | INFO: Extracting primitive: n1459.001
04:17:47 | INFO: Primitives created: 1
04:17:47 | INFO: Extracting primitive: n1461.001
04:17:47 | INFO: Primitives created: 1
04:17:47 | INFO: Extracting primitive: n1463.001
04:17:47 | INFO: Primitives created: 1
04:17:47 | INFO: Extracting primitive: n1465.001
04:17:47 | INFO: Primitives created: 1
04:17:47 | INFO: Extracting primitive: n1467.001
04:17:47 | INFO: Primitives created: 1
04:17:47 | INFO: Extracting primitive: n2779.001
04:17:47 | INFO: Primitives created: 3
04:17:47 | INFO: Extracting primitive: n2781.001
04:17:47 | INFO: Primitives created: 1
04:17:47 | INFO: Extracting primitive: n2783.001
04:17:47 | INFO: Primitives created: 3
04:17:47 | INFO: Extracting primitive: n2785.001
04:17:47 | INFO: Primitives created: 1
04:17:47 | INFO: Extracting primitive: n2787.001
04:17:47 | INFO: Primitives created: 3
04:17:47 | INFO: Extracting primitive: n2789.001
04:17:47 | INFO: Primitives created: 1
04:17:47 | INFO: Extracting primitive: n2791.001
04:17:47 | INFO: Primitives created: 3
04:17:47 | INFO: Extracting primitive: n2793.001
04:17:47 | INFO: Primitives created: 1
04:17:47 | INFO: Extracting primitive: n2795.001
04:17:47 | INFO: Primitives created: 3
04:17:47 | INFO: Extracting primitive: n2797.001
04:17:47 | INFO: Primitives created: 1
04:17:47 | INFO: Extracting primitive: n2799.001
04:17:47 | INFO: Primitives created: 3
04:17:47 | INFO: Extracting primitive: n2801.001
04:17:47 | INFO: Primitives created: 1
04:17:47 | INFO: Extracting primitive: n2804.001
04:17:47 | INFO: Primitives created: 3
04:17:47 | INFO: Extracting primitive: n2806.001
04:17:47 | INFO: Primitives created: 1
04:17:47 | INFO: Extracting primitive: n2808.001
04:17:47 | INFO: Primitives created: 3
04:17:47 | INFO: Extracting primitive: n2810.001
04:17:47 | INFO: Primitives created: 1
04:17:47 | INFO: Extracting primitive: n2812.001
04:17:47 | INFO: Primitives created: 3
04:17:47 | INFO: Extracting primitive: n2814.001
04:17:47 | INFO: Primitives created: 1
04:17:47 | INFO: Extracting primitive: n2816.001
04:17:47 | INFO: Primitives created: 3
04:17:47 | INFO: Extracting primitive: n2818.001
04:17:47 | INFO: Primitives created: 1
04:17:47 | INFO: Extracting primitive: n2820.001
04:17:47 | INFO: Primitives created: 3
04:17:47 | INFO: Extracting primitive: n2822.001
04:17:47 | INFO: Primitives created: 1
04:17:47 | INFO: Extracting primitive: swamp-underground-waterline.001
04:17:47 | INFO: Primitives created: 1
04:17:47 | INFO: Extracting primitive: n2355.001
04:17:47 | INFO: Primitives created: 1
04:17:47 | INFO: Extracting primitive: n2356.001
04:17:47 | INFO: Primitives created: 1
04:17:47 | INFO: Extracting primitive: hull-low.003
04:17:47 | INFO: Primitives created: 2
04:17:47 | INFO: Extracting primitive: hull-prow.003
04:17:47 | INFO: Primitives created: 2
04:17:47 | INFO: Extracting primitive: mast.002
04:17:47 | INFO: Primitives created: 3
04:17:47 | INFO: Extracting primitive: n3518.001
04:17:47 | INFO: Primitives created: 6
04:17:47 | INFO: Extracting primitive: n3520.001
04:17:47 | INFO: Primitives created: 6
04:17:47 | INFO: Extracting primitive: n3522.001
04:17:47 | INFO: Primitives created: 6
04:17:47 | INFO: Extracting primitive: n3524.001
04:17:47 | INFO: Primitives created: 6
04:17:47 | INFO: Extracting primitive: n3526.001
04:17:47 | INFO: Primitives created: 6
04:17:47 | INFO: Extracting primitive: n3528.001
04:17:47 | INFO: Primitives created: 6
04:17:47 | INFO: Extracting primitive: n3530.001
04:17:47 | INFO: Primitives created: 6
04:17:47 | INFO: Extracting primitive: n3532.001
04:17:47 | INFO: Primitives created: 6
04:17:47 | INFO: Extracting primitive: n3534.001
04:17:47 | INFO: Primitives created: 6
04:17:47 | INFO: Extracting primitive: n3536.001
04:17:47 | INFO: Primitives created: 6
04:17:47 | INFO: Extracting primitive: n3538.001
04:17:47 | INFO: Primitives created: 3
04:17:47 | INFO: Extracting primitive: n3540.001
04:17:47 | INFO: Primitives created: 3
04:17:47 | INFO: Extracting primitive: n3542.001
04:17:47 | INFO: Primitives created: 6
04:17:47 | INFO: Extracting primitive: n3544.001
04:17:47 | INFO: Primitives created: 6
04:17:47 | INFO: Extracting primitive: n3546.001
04:17:47 | INFO: Primitives created: 6
04:17:47 | INFO: Extracting primitive: n3548.001
04:17:47 | INFO: Primitives created: 6
04:17:47 | INFO: Extracting primitive: n3550.001
04:17:47 | INFO: Primitives created: 6
04:17:47 | INFO: Extracting primitive: n3552.001
04:17:47 | INFO: Primitives created: 6
04:17:47 | INFO: Extracting primitive: n3554.001
04:17:47 | INFO: Primitives created: 6
04:17:47 | INFO: Extracting primitive: n3556.001
04:17:47 | INFO: Primitives created: 6
04:17:47 | INFO: Extracting primitive: n3558.001
04:17:47 | INFO: Primitives created: 6
04:17:47 | INFO: Extracting primitive: n3560.001
04:17:47 | INFO: Primitives created: 6
04:17:47 | INFO: Extracting primitive: n3562.001
04:17:47 | INFO: Primitives created: 3
04:17:47 | INFO: Extracting primitive: n3564.001
04:17:47 | INFO: Primitives created: 3
04:17:47 | INFO: Extracting primitive: n3568.001
04:17:47 | INFO: Primitives created: 2
04:17:47 | INFO: Extracting primitive: n3570.001
04:17:47 | INFO: Primitives created: 6
04:17:47 | INFO: Extracting primitive: n3572.001
04:17:47 | INFO: Primitives created: 6
04:17:47 | INFO: Extracting primitive: n3574.001
04:17:47 | INFO: Primitives created: 1
04:17:47 | INFO: Extracting primitive: n3576.001
04:17:47 | INFO: Primitives created: 6
04:17:47 | INFO: Extracting primitive: n3746.001
04:17:47 | INFO: Primitives created: 6
04:17:47 | INFO: Extracting primitive: n3748.001
04:17:47 | INFO: Primitives created: 6
04:17:47 | INFO: Extracting primitive: n3750.001
04:17:47 | INFO: Primitives created: 6
04:17:47 | INFO: Extracting primitive: n3752.001
04:17:47 | INFO: Primitives created: 6
04:17:47 | INFO: Extracting primitive: n3754.001
04:17:47 | INFO: Primitives created: 6
04:17:47 | INFO: Extracting primitive: n3756.001
04:17:47 | INFO: Primitives created: 6
04:17:47 | INFO: Extracting primitive: n3758.001
04:17:47 | INFO: Primitives created: 6
04:17:47 | INFO: Extracting primitive: n3760.001
04:17:47 | INFO: Primitives created: 6
04:17:47 | INFO: Extracting primitive: n3762.001
04:17:47 | INFO: Primitives created: 6
04:17:47 | INFO: Extracting primitive: n3764.001
04:17:47 | INFO: Primitives created: 6
04:17:47 | INFO: Extracting primitive: n3766.001
04:17:47 | INFO: Primitives created: 6
04:17:47 | INFO: Extracting primitive: n3768.001
04:17:47 | INFO: Primitives created: 6
04:17:47 | INFO: Extracting primitive: n3770.001
04:17:47 | INFO: Primitives created: 6
04:17:47 | INFO: Extracting primitive: n3772.001
04:17:47 | INFO: Primitives created: 6
04:17:47 | INFO: Extracting primitive: n3774.001
04:17:47 | INFO: Primitives created: 6
04:17:47 | INFO: Extracting primitive: n3776.001
04:17:47 | INFO: Primitives created: 6
04:17:47 | INFO: Extracting primitive: n3778.001
04:17:47 | INFO: Primitives created: 6
04:17:47 | INFO: Extracting primitive: n3780.001
04:17:47 | INFO: Primitives created: 6
04:17:47 | INFO: Extracting primitive: n3782.001
04:17:47 | INFO: Primitives created: 6
04:17:47 | INFO: Extracting primitive: n3784.001
04:17:47 | INFO: Primitives created: 6
04:17:47 | INFO: Extracting primitive: n3786.001
04:17:47 | INFO: Primitives created: 6
04:17:47 | INFO: Extracting primitive: n3788.001
04:17:47 | INFO: Primitives created: 6
04:17:47 | INFO: Extracting primitive: n3790.001
04:17:47 | INFO: Primitives created: 6
04:17:47 | INFO: Extracting primitive: n3792.001
04:17:47 | INFO: Primitives created: 6
04:17:47 | INFO: Extracting primitive: n3794.001
04:17:47 | INFO: Primitives created: 6
04:17:47 | INFO: Extracting primitive: n3796.001
04:17:47 | INFO: Primitives created: 6
04:17:47 | INFO: Extracting primitive: n3798.001
04:17:47 | INFO: Primitives created: 6
04:17:47 | INFO: Extracting primitive: n3802.001
04:17:47 | INFO: Primitives created: 3
04:17:47 | INFO: Extracting primitive: n3804.001
04:17:47 | INFO: Primitives created: 3
04:17:47 | INFO: Extracting primitive: n3808.001
04:17:47 | INFO: Primitives created: 1
04:17:47 | INFO: Extracting primitive: n3810.001
04:17:47 | INFO: Primitives created: 1
04:17:47 | INFO: Extracting primitive: n3812.001
04:17:47 | INFO: Primitives created: 1
04:17:47 | INFO: Extracting primitive: n3814.001
04:17:47 | INFO: Primitives created: 1
04:17:47 | INFO: Extracting primitive: n3816.001
04:17:47 | INFO: Primitives created: 3
04:17:47 | INFO: Extracting primitive: n3818.001
04:17:47 | INFO: Primitives created: 3
04:17:47 | INFO: Extracting primitive: n3820.001
04:17:47 | INFO: Primitives created: 3
04:17:47 | INFO: Extracting primitive: n3822.001
04:17:47 | INFO: Primitives created: 3
04:17:47 | INFO: Extracting primitive: n3824.001
04:17:47 | INFO: Primitives created: 3
04:17:47 | INFO: Extracting primitive: n3826.001
04:17:47 | INFO: Primitives created: 3
04:17:47 | INFO: Extracting primitive: n3828.001
04:17:47 | INFO: Primitives created: 6
04:17:47 | INFO: Extracting primitive: n3830.001
04:17:47 | INFO: Primitives created: 6
04:17:47 | INFO: Extracting primitive: n3832.001
04:17:47 | INFO: Primitives created: 6
04:17:47 | INFO: Extracting primitive: n3834.001
04:17:47 | INFO: Primitives created: 6
04:17:47 | INFO: Extracting primitive: n3836.001
04:17:47 | INFO: Primitives created: 6
04:17:47 | INFO: Extracting primitive: n3838.001
04:17:47 | INFO: Primitives created: 3
04:17:47 | INFO: Extracting primitive: n3840.001
04:17:47 | INFO: Primitives created: 3
04:17:47 | INFO: Extracting primitive: n3842.001
04:17:47 | INFO: Primitives created: 2
04:17:47 | INFO: Extracting primitive: n3844.001
04:17:47 | INFO: Primitives created: 2
04:17:47 | INFO: Extracting primitive: n3846.001
04:17:47 | INFO: Primitives created: 2
04:17:47 | INFO: Extracting primitive: n3848.001
04:17:47 | INFO: Primitives created: 2
04:17:47 | INFO: Extracting primitive: n3850.001
04:17:47 | INFO: Primitives created: 2
04:17:47 | INFO: Extracting primitive: night-lantern-mast.002
04:17:47 | INFO: Primitives created: 6
04:17:47 | INFO: Extracting primitive: night-lantern-stern.002
04:17:47 | INFO: Primitives created: 6
04:17:47 | INFO: Extracting primitive: oar-blade.078
04:17:47 | INFO: Primitives created: 6
04:17:47 | INFO: Extracting primitive: oar-shaft.078
04:17:47 | INFO: Primitives created: 3
04:17:47 | INFO: Extracting primitive: oar-blade.079
04:17:47 | INFO: Primitives created: 6
04:17:47 | INFO: Extracting primitive: oar-shaft.079
04:17:47 | INFO: Primitives created: 3
04:17:47 | INFO: Extracting primitive: oar-blade.080
04:17:47 | INFO: Primitives created: 6
04:17:47 | INFO: Extracting primitive: oar-shaft.080
04:17:47 | INFO: Primitives created: 3
04:17:47 | INFO: Extracting primitive: oar-blade.081
04:17:47 | INFO: Primitives created: 6
04:17:47 | INFO: Extracting primitive: oar-shaft.081
04:17:47 | INFO: Primitives created: 3
04:17:47 | INFO: Extracting primitive: oar-blade.082
04:17:47 | INFO: Primitives created: 6
04:17:47 | INFO: Extracting primitive: oar-shaft.082
04:17:47 | INFO: Primitives created: 3
04:17:47 | INFO: Extracting primitive: oar-blade.083
04:17:47 | INFO: Primitives created: 6
04:17:47 | INFO: Extracting primitive: oar-shaft.083
04:17:47 | INFO: Primitives created: 3
04:17:47 | INFO: Extracting primitive: oar-blade.084
04:17:47 | INFO: Primitives created: 6
04:17:47 | INFO: Extracting primitive: oar-shaft.084
04:17:47 | INFO: Primitives created: 3
04:17:47 | INFO: Extracting primitive: oar-blade.085
04:17:47 | INFO: Primitives created: 6
04:17:47 | INFO: Extracting primitive: oar-shaft.085
04:17:47 | INFO: Primitives created: 3
04:17:47 | INFO: Extracting primitive: oar-blade.086
04:17:47 | INFO: Primitives created: 6
04:17:47 | INFO: Extracting primitive: oar-shaft.086
04:17:47 | INFO: Primitives created: 3
04:17:47 | INFO: Extracting primitive: oar-blade.087
04:17:47 | INFO: Primitives created: 6
04:17:47 | INFO: Extracting primitive: oar-shaft.087
04:17:47 | INFO: Primitives created: 3
04:17:47 | INFO: Extracting primitive: oar-blade.088
04:17:47 | INFO: Primitives created: 6
04:17:47 | INFO: Extracting primitive: oar-shaft.088
04:17:47 | INFO: Primitives created: 3
04:17:47 | INFO: Extracting primitive: oar-blade.089
04:17:47 | INFO: Primitives created: 6
04:17:47 | INFO: Extracting primitive: oar-shaft.089
04:17:47 | INFO: Primitives created: 3
04:17:47 | INFO: Extracting primitive: oar-blade.090
04:17:47 | INFO: Primitives created: 6
04:17:47 | INFO: Extracting primitive: oar-shaft.090
04:17:47 | INFO: Primitives created: 3
04:17:47 | INFO: Extracting primitive: oar-blade.091
04:17:47 | INFO: Primitives created: 6
04:17:47 | INFO: Extracting primitive: oar-shaft.091
04:17:47 | INFO: Primitives created: 3
04:17:47 | INFO: Extracting primitive: oar-blade.092
04:17:47 | INFO: Primitives created: 6
04:17:47 | INFO: Extracting primitive: oar-shaft.092
04:17:47 | INFO: Primitives created: 3
04:17:47 | INFO: Extracting primitive: oar-blade.093
04:17:47 | INFO: Primitives created: 6
04:17:47 | INFO: Extracting primitive: oar-shaft.093
04:17:47 | INFO: Primitives created: 3
04:17:47 | INFO: Extracting primitive: oar-blade.094
04:17:47 | INFO: Primitives created: 6
04:17:47 | INFO: Extracting primitive: oar-shaft.094
04:17:47 | INFO: Primitives created: 3
04:17:47 | INFO: Extracting primitive: oar-blade.095
04:17:47 | INFO: Primitives created: 6
04:17:47 | INFO: Extracting primitive: oar-shaft.095
04:17:47 | INFO: Primitives created: 3
04:17:47 | INFO: Extracting primitive: oar-blade.096
04:17:47 | INFO: Primitives created: 6
04:17:47 | INFO: Extracting primitive: oar-shaft.096
04:17:47 | INFO: Primitives created: 3
04:17:47 | INFO: Extracting primitive: oar-blade.097
04:17:47 | INFO: Primitives created: 6
04:17:47 | INFO: Extracting primitive: oar-shaft.097
04:17:47 | INFO: Primitives created: 3
04:17:47 | INFO: Extracting primitive: oar-blade.098
04:17:47 | INFO: Primitives created: 6
04:17:47 | INFO: Extracting primitive: oar-shaft.098
04:17:47 | INFO: Primitives created: 3
04:17:47 | INFO: Extracting primitive: oar-blade.099
04:17:47 | INFO: Primitives created: 6
04:17:47 | INFO: Extracting primitive: oar-shaft.099
04:17:47 | INFO: Primitives created: 3
04:17:47 | INFO: Extracting primitive: oar-blade.100
04:17:47 | INFO: Primitives created: 6
04:17:47 | INFO: Extracting primitive: oar-shaft.100
04:17:47 | INFO: Primitives created: 3
04:17:47 | INFO: Extracting primitive: oar-blade.101
04:17:47 | INFO: Primitives created: 6
04:17:47 | INFO: Extracting primitive: oar-shaft.101
04:17:47 | INFO: Primitives created: 3
04:17:47 | INFO: Extracting primitive: oar-blade.102
04:17:47 | INFO: Primitives created: 6
04:17:47 | INFO: Extracting primitive: oar-shaft.102
04:17:47 | INFO: Primitives created: 3
04:17:47 | INFO: Extracting primitive: oar-blade.103
04:17:47 | INFO: Primitives created: 6
04:17:47 | INFO: Extracting primitive: oar-shaft.103
04:17:47 | INFO: Primitives created: 3
04:17:47 | INFO: Extracting primitive: sail.002
04:17:47 | INFO: Primitives created: 1
04:17:47 | INFO: Extracting primitive: crew-armL.027
04:17:47 | INFO: Primitives created: 3
04:17:47 | INFO: Extracting primitive: crew-armL.028
04:17:47 | INFO: Primitives created: 3
04:17:47 | INFO: Extracting primitive: crew-armL.039
04:17:47 | INFO: Primitives created: 3
04:17:47 | INFO: Extracting primitive: crew-armL.046
04:17:47 | INFO: Primitives created: 3
04:17:47 | INFO: Extracting primitive: crew-armL.047
04:17:47 | INFO: Primitives created: 3
04:17:47 | INFO: Extracting primitive: crew-armL.048
04:17:47 | INFO: Primitives created: 3
04:17:47 | INFO: Extracting primitive: crew-armL.049
04:17:47 | INFO: Primitives created: 3
04:17:47 | INFO: Extracting primitive: crew-armL.050
04:17:47 | INFO: Primitives created: 3
04:17:47 | INFO: Extracting primitive: crew-armL.051
04:17:47 | INFO: Primitives created: 3
04:17:47 | INFO: Extracting primitive: crew-armL.052
04:17:47 | INFO: Primitives created: 3
04:17:47 | INFO: Extracting primitive: crew-armL.029
04:17:47 | INFO: Primitives created: 3
04:17:47 | INFO: Extracting primitive: crew-armL.030
04:17:47 | INFO: Primitives created: 3
04:17:47 | INFO: Extracting primitive: crew-armL.031
04:17:47 | INFO: Primitives created: 3
04:17:47 | INFO: Extracting primitive: crew-armL.032
04:17:47 | INFO: Primitives created: 3
04:17:47 | INFO: Extracting primitive: crew-armL.033
04:17:47 | INFO: Primitives created: 3
04:17:47 | INFO: Extracting primitive: crew-armL.034
04:17:47 | INFO: Primitives created: 3
04:17:47 | INFO: Extracting primitive: crew-armL.035
04:17:47 | INFO: Primitives created: 3
04:17:47 | INFO: Extracting primitive: crew-armL.036
04:17:47 | INFO: Primitives created: 3
04:17:47 | INFO: Extracting primitive: crew-armL.037
04:17:47 | INFO: Primitives created: 3
04:17:47 | INFO: Extracting primitive: crew-armL.038
04:17:47 | INFO: Primitives created: 3
04:17:47 | INFO: Extracting primitive: crew-armL.040
04:17:47 | INFO: Primitives created: 3
04:17:47 | INFO: Extracting primitive: crew-armL.041
04:17:47 | INFO: Primitives created: 3
04:17:47 | INFO: Extracting primitive: crew-armL.042
04:17:47 | INFO: Primitives created: 3
04:17:47 | INFO: Extracting primitive: crew-armL.043
04:17:48 | INFO: Primitives created: 3
04:17:48 | INFO: Extracting primitive: crew-armL.044
04:17:48 | INFO: Primitives created: 3
04:17:48 | INFO: Extracting primitive: crew-armL.045
04:17:48 | INFO: Primitives created: 3
04:17:48 | INFO: Extracting primitive: crew-armL.079
04:17:48 | INFO: Primitives created: 3
04:17:48 | INFO: Extracting primitive: crew-armL.080
04:17:48 | INFO: Primitives created: 3
04:17:48 | INFO: Extracting primitive: crew-armL.091
04:17:48 | INFO: Primitives created: 3
04:17:48 | INFO: Extracting primitive: crew-armL.098
04:17:48 | INFO: Primitives created: 3
04:17:48 | INFO: Extracting primitive: crew-armL.099
04:17:48 | INFO: Primitives created: 3
04:17:48 | INFO: Extracting primitive: crew-armL.100
04:17:48 | INFO: Primitives created: 3
04:17:48 | INFO: Extracting primitive: crew-armL.101
04:17:48 | INFO: Primitives created: 3
04:17:48 | INFO: Extracting primitive: crew-armL.102
04:17:48 | INFO: Primitives created: 3
04:17:48 | INFO: Extracting primitive: crew-armL.103
04:17:48 | INFO: Primitives created: 3
04:17:48 | INFO: Extracting primitive: crew-armL.104
04:17:48 | INFO: Primitives created: 3
04:17:48 | INFO: Extracting primitive: crew-armL.081
04:17:48 | INFO: Primitives created: 3
04:17:48 | INFO: Extracting primitive: crew-armL.082
04:17:48 | INFO: Primitives created: 3
04:17:48 | INFO: Extracting primitive: crew-armL.083
04:17:48 | INFO: Primitives created: 3
04:17:48 | INFO: Extracting primitive: crew-armL.084
04:17:48 | INFO: Primitives created: 3
04:17:48 | INFO: Extracting primitive: crew-armL.085
04:17:48 | INFO: Primitives created: 3
04:17:48 | INFO: Extracting primitive: crew-armL.086
04:17:48 | INFO: Primitives created: 3
04:17:48 | INFO: Extracting primitive: crew-armL.087
04:17:48 | INFO: Primitives created: 3
04:17:48 | INFO: Extracting primitive: crew-armL.088
04:17:48 | INFO: Primitives created: 3
04:17:48 | INFO: Extracting primitive: crew-armL.089
04:17:48 | INFO: Primitives created: 3
04:17:48 | INFO: Extracting primitive: crew-armL.090
04:17:48 | INFO: Primitives created: 3
04:17:48 | INFO: Extracting primitive: crew-armL.092
04:17:48 | INFO: Primitives created: 3
04:17:48 | INFO: Extracting primitive: crew-armL.093
04:17:48 | INFO: Primitives created: 3
04:17:48 | INFO: Extracting primitive: crew-armL.094
04:17:48 | INFO: Primitives created: 3
04:17:48 | INFO: Extracting primitive: crew-armL.095
04:17:48 | INFO: Primitives created: 3
04:17:48 | INFO: Extracting primitive: crew-armL.096
04:17:48 | INFO: Primitives created: 3
04:17:48 | INFO: Extracting primitive: crew-armL.097
04:17:48 | INFO: Primitives created: 3
04:17:48 | INFO: Extracting primitive: crew-crest.027
04:17:48 | INFO: Primitives created: 2
04:17:48 | INFO: Extracting primitive: crew-crest.028
04:17:48 | INFO: Primitives created: 2
04:17:48 | INFO: Extracting primitive: crew-crest.039
04:17:48 | INFO: Primitives created: 2
04:17:48 | INFO: Extracting primitive: crew-crest.046
04:17:48 | INFO: Primitives created: 2
04:17:48 | INFO: Extracting primitive: crew-crest.047
04:17:48 | INFO: Primitives created: 2
04:17:48 | INFO: Extracting primitive: crew-crest.048
04:17:48 | INFO: Primitives created: 2
04:17:48 | INFO: Extracting primitive: crew-crest.049
04:17:48 | INFO: Primitives created: 2
04:17:48 | INFO: Extracting primitive: crew-crest.050
04:17:48 | INFO: Primitives created: 2
04:17:48 | INFO: Extracting primitive: crew-crest.051
04:17:48 | INFO: Primitives created: 2
04:17:48 | INFO: Extracting primitive: crew-crest.052
04:17:48 | INFO: Primitives created: 2
04:17:48 | INFO: Extracting primitive: crew-crest.029
04:17:48 | INFO: Primitives created: 2
04:17:48 | INFO: Extracting primitive: crew-crest.030
04:17:48 | INFO: Primitives created: 2
04:17:48 | INFO: Extracting primitive: crew-crest.031
04:17:48 | INFO: Primitives created: 2
04:17:48 | INFO: Extracting primitive: crew-crest.032
04:17:48 | INFO: Primitives created: 2
04:17:48 | INFO: Extracting primitive: crew-crest.033
04:17:48 | INFO: Primitives created: 2
04:17:48 | INFO: Extracting primitive: crew-crest.034
04:17:48 | INFO: Primitives created: 2
04:17:48 | INFO: Extracting primitive: crew-crest.035
04:17:48 | INFO: Primitives created: 2
04:17:48 | INFO: Extracting primitive: crew-crest.036
04:17:48 | INFO: Primitives created: 2
04:17:48 | INFO: Extracting primitive: crew-crest.037
04:17:48 | INFO: Primitives created: 2
04:17:48 | INFO: Extracting primitive: crew-crest.038
04:17:48 | INFO: Primitives created: 2
04:17:48 | INFO: Extracting primitive: crew-crest.040
04:17:48 | INFO: Primitives created: 2
04:17:48 | INFO: Extracting primitive: crew-crest.041
04:17:48 | INFO: Primitives created: 2
04:17:48 | INFO: Extracting primitive: crew-crest.042
04:17:48 | INFO: Primitives created: 2
04:17:48 | INFO: Extracting primitive: crew-crest.043
04:17:48 | INFO: Primitives created: 2
04:17:48 | INFO: Extracting primitive: crew-crest.044
04:17:48 | INFO: Primitives created: 2
04:17:48 | INFO: Extracting primitive: crew-crest.045
04:17:48 | INFO: Primitives created: 2
04:17:48 | INFO: Extracting primitive: crew-crestFeathers.027
04:17:48 | INFO: Primitives created: 1
04:17:48 | INFO: Extracting primitive: crew-crestFeathers.028
04:17:48 | INFO: Primitives created: 1
04:17:48 | INFO: Extracting primitive: crew-crestFeathers.039
04:17:48 | INFO: Primitives created: 1
04:17:48 | INFO: Extracting primitive: crew-crestFeathers.046
04:17:48 | INFO: Primitives created: 1
04:17:48 | INFO: Extracting primitive: crew-crestFeathers.047
04:17:48 | INFO: Primitives created: 1
04:17:48 | INFO: Extracting primitive: crew-crestFeathers.048
04:17:48 | INFO: Primitives created: 1
04:17:48 | INFO: Extracting primitive: crew-crestFeathers.049
04:17:48 | INFO: Primitives created: 1
04:17:48 | INFO: Extracting primitive: crew-crestFeathers.050
04:17:48 | INFO: Primitives created: 1
04:17:48 | INFO: Extracting primitive: crew-crestFeathers.051
04:17:48 | INFO: Primitives created: 1
04:17:48 | INFO: Extracting primitive: crew-crestFeathers.052
04:17:48 | INFO: Primitives created: 1
04:17:48 | INFO: Extracting primitive: crew-crestFeathers.029
04:17:48 | INFO: Primitives created: 1
04:17:48 | INFO: Extracting primitive: crew-crestFeathers.030
04:17:48 | INFO: Primitives created: 1
04:17:48 | INFO: Extracting primitive: crew-crestFeathers.031
04:17:48 | INFO: Primitives created: 1
04:17:48 | INFO: Extracting primitive: crew-crestFeathers.032
04:17:48 | INFO: Primitives created: 1
04:17:48 | INFO: Extracting primitive: crew-crestFeathers.033
04:17:48 | INFO: Primitives created: 1
04:17:48 | INFO: Extracting primitive: crew-crestFeathers.034
04:17:48 | INFO: Primitives created: 1
04:17:48 | INFO: Extracting primitive: crew-crestFeathers.035
04:17:48 | INFO: Primitives created: 1
04:17:48 | INFO: Extracting primitive: crew-crestFeathers.036
04:17:48 | INFO: Primitives created: 1
04:17:48 | INFO: Extracting primitive: crew-crestFeathers.037
04:17:48 | INFO: Primitives created: 1
04:17:48 | INFO: Extracting primitive: crew-crestFeathers.038
04:17:48 | INFO: Primitives created: 1
04:17:48 | INFO: Extracting primitive: crew-crestFeathers.040
04:17:48 | INFO: Primitives created: 1
04:17:48 | INFO: Extracting primitive: crew-crestFeathers.041
04:17:48 | INFO: Primitives created: 1
04:17:48 | INFO: Extracting primitive: crew-crestFeathers.042
04:17:48 | INFO: Primitives created: 1
04:17:48 | INFO: Extracting primitive: crew-crestFeathers.043
04:17:48 | INFO: Primitives created: 1
04:17:48 | INFO: Extracting primitive: crew-crestFeathers.044
04:17:48 | INFO: Primitives created: 1
04:17:48 | INFO: Extracting primitive: crew-crestFeathers.045
04:17:48 | INFO: Primitives created: 1
04:17:48 | INFO: Extracting primitive: crew-crestStems.027
04:17:48 | INFO: Primitives created: 1
04:17:48 | INFO: Extracting primitive: crew-crestStems.028
04:17:48 | INFO: Primitives created: 1
04:17:48 | INFO: Extracting primitive: crew-crestStems.039
04:17:48 | INFO: Primitives created: 1
04:17:48 | INFO: Extracting primitive: crew-crestStems.046
04:17:48 | INFO: Primitives created: 1
04:17:48 | INFO: Extracting primitive: crew-crestStems.047
04:17:48 | INFO: Primitives created: 1
04:17:48 | INFO: Extracting primitive: crew-crestStems.048
04:17:48 | INFO: Primitives created: 1
04:17:48 | INFO: Extracting primitive: crew-crestStems.049
04:17:48 | INFO: Primitives created: 1
04:17:48 | INFO: Extracting primitive: crew-crestStems.050
04:17:48 | INFO: Primitives created: 1
04:17:48 | INFO: Extracting primitive: crew-crestStems.051
04:17:48 | INFO: Primitives created: 1
04:17:48 | INFO: Extracting primitive: crew-crestStems.052
04:17:48 | INFO: Primitives created: 1
04:17:48 | INFO: Extracting primitive: crew-crestStems.029
04:17:48 | INFO: Primitives created: 1
04:17:48 | INFO: Extracting primitive: crew-crestStems.030
04:17:48 | INFO: Primitives created: 1
04:17:48 | INFO: Extracting primitive: crew-crestStems.031
04:17:48 | INFO: Primitives created: 1
04:17:48 | INFO: Extracting primitive: crew-crestStems.032
04:17:48 | INFO: Primitives created: 1
04:17:48 | INFO: Extracting primitive: crew-crestStems.033
04:17:48 | INFO: Primitives created: 1
04:17:48 | INFO: Extracting primitive: crew-crestStems.034
04:17:48 | INFO: Primitives created: 1
04:17:48 | INFO: Extracting primitive: crew-crestStems.035
04:17:48 | INFO: Primitives created: 1
04:17:48 | INFO: Extracting primitive: crew-crestStems.036
04:17:48 | INFO: Primitives created: 1
04:17:48 | INFO: Extracting primitive: crew-crestStems.037
04:17:48 | INFO: Primitives created: 1
04:17:48 | INFO: Extracting primitive: crew-crestStems.038
04:17:48 | INFO: Primitives created: 1
04:17:48 | INFO: Extracting primitive: crew-crestStems.040
04:17:48 | INFO: Primitives created: 1
04:17:48 | INFO: Extracting primitive: crew-crestStems.041
04:17:48 | INFO: Primitives created: 1
04:17:48 | INFO: Extracting primitive: crew-crestStems.042
04:17:48 | INFO: Primitives created: 1
04:17:48 | INFO: Extracting primitive: crew-crestStems.043
04:17:48 | INFO: Primitives created: 1
04:17:48 | INFO: Extracting primitive: crew-crestStems.044
04:17:48 | INFO: Primitives created: 1
04:17:48 | INFO: Extracting primitive: crew-crestStems.045
04:17:48 | INFO: Primitives created: 1
04:17:48 | INFO: Extracting primitive: crew-head.027
04:17:48 | INFO: Primitives created: 1
04:17:48 | INFO: Extracting primitive: crew-head.028
04:17:48 | INFO: Primitives created: 1
04:17:48 | INFO: Extracting primitive: crew-head.039
04:17:48 | INFO: Primitives created: 1
04:17:48 | INFO: Extracting primitive: crew-head.046
04:17:48 | INFO: Primitives created: 1
04:17:48 | INFO: Extracting primitive: crew-head.047
04:17:48 | INFO: Primitives created: 1
04:17:48 | INFO: Extracting primitive: crew-head.048
04:17:48 | INFO: Primitives created: 1
04:17:48 | INFO: Extracting primitive: crew-head.049
04:17:48 | INFO: Primitives created: 1
04:17:48 | INFO: Extracting primitive: crew-head.050
04:17:48 | INFO: Primitives created: 1
04:17:48 | INFO: Extracting primitive: crew-head.051
04:17:48 | INFO: Primitives created: 1
04:17:48 | INFO: Extracting primitive: crew-head.052
04:17:48 | INFO: Primitives created: 1
04:17:48 | INFO: Extracting primitive: crew-head.029
04:17:48 | INFO: Primitives created: 1
04:17:48 | INFO: Extracting primitive: crew-head.030
04:17:48 | INFO: Primitives created: 1
04:17:48 | INFO: Extracting primitive: crew-head.031
04:17:48 | INFO: Primitives created: 1
04:17:48 | INFO: Extracting primitive: crew-head.032
04:17:48 | INFO: Primitives created: 1
04:17:48 | INFO: Extracting primitive: crew-head.033
04:17:48 | INFO: Primitives created: 1
04:17:48 | INFO: Extracting primitive: crew-head.034
04:17:48 | INFO: Primitives created: 1
04:17:48 | INFO: Extracting primitive: crew-head.035
04:17:48 | INFO: Primitives created: 1
04:17:48 | INFO: Extracting primitive: crew-head.036
04:17:48 | INFO: Primitives created: 1
04:17:48 | INFO: Extracting primitive: crew-head.037
04:17:48 | INFO: Primitives created: 1
04:17:48 | INFO: Extracting primitive: crew-head.038
04:17:48 | INFO: Primitives created: 1
04:17:48 | INFO: Extracting primitive: crew-head.040
04:17:48 | INFO: Primitives created: 1
04:17:48 | INFO: Extracting primitive: crew-head.041
04:17:48 | INFO: Primitives created: 1
04:17:48 | INFO: Extracting primitive: crew-head.042
04:17:48 | INFO: Primitives created: 1
04:17:48 | INFO: Extracting primitive: crew-head.043
04:17:48 | INFO: Primitives created: 1
04:17:48 | INFO: Extracting primitive: crew-head.044
04:17:48 | INFO: Primitives created: 1
04:17:48 | INFO: Extracting primitive: crew-head.045
04:17:48 | INFO: Primitives created: 1
04:17:48 | INFO: Extracting primitive: crew-helmet.027
04:17:48 | INFO: Primitives created: 1
04:17:48 | INFO: Extracting primitive: crew-helmet.028
04:17:48 | INFO: Primitives created: 1
04:17:48 | INFO: Extracting primitive: crew-helmet.039
04:17:48 | INFO: Primitives created: 1
04:17:48 | INFO: Extracting primitive: crew-helmet.046
04:17:48 | INFO: Primitives created: 1
04:17:48 | INFO: Extracting primitive: crew-helmet.047
04:17:48 | INFO: Primitives created: 1
04:17:48 | INFO: Extracting primitive: crew-helmet.048
04:17:48 | INFO: Primitives created: 1
04:17:48 | INFO: Extracting primitive: crew-helmet.049
04:17:48 | INFO: Primitives created: 1
04:17:48 | INFO: Extracting primitive: crew-helmet.050
04:17:48 | INFO: Primitives created: 1
04:17:48 | INFO: Extracting primitive: crew-helmet.051
04:17:48 | INFO: Primitives created: 1
04:17:48 | INFO: Extracting primitive: crew-helmet.052
04:17:48 | INFO: Primitives created: 1
04:17:48 | INFO: Extracting primitive: crew-helmet.029
04:17:48 | INFO: Primitives created: 1
04:17:48 | INFO: Extracting primitive: crew-helmet.030
04:17:48 | INFO: Primitives created: 1
04:17:48 | INFO: Extracting primitive: crew-helmet.031
04:17:48 | INFO: Primitives created: 1
04:17:48 | INFO: Extracting primitive: crew-helmet.032
04:17:48 | INFO: Primitives created: 1
04:17:48 | INFO: Extracting primitive: crew-helmet.033
04:17:48 | INFO: Primitives created: 1
04:17:48 | INFO: Extracting primitive: crew-helmet.034
04:17:48 | INFO: Primitives created: 1
04:17:48 | INFO: Extracting primitive: crew-helmet.035
04:17:48 | INFO: Primitives created: 1
04:17:48 | INFO: Extracting primitive: crew-helmet.036
04:17:48 | INFO: Primitives created: 1
04:17:48 | INFO: Extracting primitive: crew-helmet.037
04:17:48 | INFO: Primitives created: 1
04:17:48 | INFO: Extracting primitive: crew-helmet.038
04:17:48 | INFO: Primitives created: 1
04:17:48 | INFO: Extracting primitive: crew-helmet.040
04:17:48 | INFO: Primitives created: 1
04:17:48 | INFO: Extracting primitive: crew-helmet.041
04:17:48 | INFO: Primitives created: 1
04:17:48 | INFO: Extracting primitive: crew-helmet.042
04:17:48 | INFO: Primitives created: 1
04:17:48 | INFO: Extracting primitive: crew-helmet.043
04:17:48 | INFO: Primitives created: 1
04:17:48 | INFO: Extracting primitive: crew-helmet.044
04:17:48 | INFO: Primitives created: 1
04:17:48 | INFO: Extracting primitive: crew-helmet.045
04:17:48 | INFO: Primitives created: 1
04:17:48 | INFO: Extracting primitive: crew-legL.027
04:17:48 | INFO: Primitives created: 3
04:17:48 | INFO: Extracting primitive: crew-legL.028
04:17:48 | INFO: Primitives created: 3
04:17:48 | INFO: Extracting primitive: crew-legL.039
04:17:48 | INFO: Primitives created: 3
04:17:48 | INFO: Extracting primitive: crew-legL.046
04:17:48 | INFO: Primitives created: 3
04:17:48 | INFO: Extracting primitive: crew-legL.047
04:17:48 | INFO: Primitives created: 3
04:17:48 | INFO: Extracting primitive: crew-legL.048
04:17:48 | INFO: Primitives created: 3
04:17:48 | INFO: Extracting primitive: crew-legL.049
04:17:48 | INFO: Primitives created: 3
04:17:48 | INFO: Extracting primitive: crew-legL.050
04:17:48 | INFO: Primitives created: 3
04:17:48 | INFO: Extracting primitive: crew-legL.051
04:17:48 | INFO: Primitives created: 3
04:17:48 | INFO: Extracting primitive: crew-legL.052
04:17:48 | INFO: Primitives created: 3
04:17:48 | INFO: Extracting primitive: crew-legL.029
04:17:48 | INFO: Primitives created: 3
04:17:48 | INFO: Extracting primitive: crew-legL.030
04:17:48 | INFO: Primitives created: 3
04:17:48 | INFO: Extracting primitive: crew-legL.031
04:17:48 | INFO: Primitives created: 3
04:17:48 | INFO: Extracting primitive: crew-legL.032
04:17:48 | INFO: Primitives created: 3
04:17:48 | INFO: Extracting primitive: crew-legL.033
04:17:48 | INFO: Primitives created: 3
04:17:48 | INFO: Extracting primitive: crew-legL.034
04:17:48 | INFO: Primitives created: 3
04:17:48 | INFO: Extracting primitive: crew-legL.035
04:17:48 | INFO: Primitives created: 3
04:17:48 | INFO: Extracting primitive: crew-legL.036
04:17:48 | INFO: Primitives created: 3
04:17:48 | INFO: Extracting primitive: crew-legL.037
04:17:48 | INFO: Primitives created: 3
04:17:48 | INFO: Extracting primitive: crew-legL.038
04:17:48 | INFO: Primitives created: 3
04:17:48 | INFO: Extracting primitive: crew-legL.040
04:17:48 | INFO: Primitives created: 3
04:17:48 | INFO: Extracting primitive: crew-legL.041
04:17:48 | INFO: Primitives created: 3
04:17:48 | INFO: Extracting primitive: crew-legL.042
04:17:48 | INFO: Primitives created: 3
04:17:48 | INFO: Extracting primitive: crew-legL.043
04:17:48 | INFO: Primitives created: 3
04:17:48 | INFO: Extracting primitive: crew-legL.044
04:17:48 | INFO: Primitives created: 3
04:17:48 | INFO: Extracting primitive: crew-legL.045
04:17:48 | INFO: Primitives created: 3
04:17:48 | INFO: Extracting primitive: crew-legL.079
04:17:48 | INFO: Primitives created: 3
04:17:48 | INFO: Extracting primitive: crew-legL.080
04:17:48 | INFO: Primitives created: 3
04:17:48 | INFO: Extracting primitive: crew-legL.091
04:17:48 | INFO: Primitives created: 3
04:17:48 | INFO: Extracting primitive: crew-legL.098
04:17:48 | INFO: Primitives created: 3
04:17:48 | INFO: Extracting primitive: crew-legL.099
04:17:48 | INFO: Primitives created: 3
04:17:48 | INFO: Extracting primitive: crew-legL.100
04:17:48 | INFO: Primitives created: 3
04:17:48 | INFO: Extracting primitive: crew-legL.101
04:17:48 | INFO: Primitives created: 3
04:17:48 | INFO: Extracting primitive: crew-legL.102
04:17:48 | INFO: Primitives created: 3
04:17:48 | INFO: Extracting primitive: crew-legL.103
04:17:48 | INFO: Primitives created: 3
04:17:48 | INFO: Extracting primitive: crew-legL.104
04:17:48 | INFO: Primitives created: 3
04:17:48 | INFO: Extracting primitive: crew-legL.081
04:17:48 | INFO: Primitives created: 3
04:17:48 | INFO: Extracting primitive: crew-legL.082
04:17:48 | INFO: Primitives created: 3
04:17:48 | INFO: Extracting primitive: crew-legL.083
04:17:48 | INFO: Primitives created: 3
04:17:48 | INFO: Extracting primitive: crew-legL.084
04:17:48 | INFO: Primitives created: 3
04:17:48 | INFO: Extracting primitive: crew-legL.085
04:17:48 | INFO: Primitives created: 3
04:17:48 | INFO: Extracting primitive: crew-legL.086
04:17:48 | INFO: Primitives created: 3
04:17:48 | INFO: Extracting primitive: crew-legL.087
04:17:48 | INFO: Primitives created: 3
04:17:48 | INFO: Extracting primitive: crew-legL.088
04:17:48 | INFO: Primitives created: 3
04:17:48 | INFO: Extracting primitive: crew-legL.089
04:17:48 | INFO: Primitives created: 3
04:17:48 | INFO: Extracting primitive: crew-legL.090
04:17:48 | INFO: Primitives created: 3
04:17:48 | INFO: Extracting primitive: crew-legL.092
04:17:48 | INFO: Primitives created: 3
04:17:48 | INFO: Extracting primitive: crew-legL.093
04:17:48 | INFO: Primitives created: 3
04:17:48 | INFO: Extracting primitive: crew-legL.094
04:17:48 | INFO: Primitives created: 3
04:17:48 | INFO: Extracting primitive: crew-legL.095
04:17:48 | INFO: Primitives created: 3
04:17:48 | INFO: Extracting primitive: crew-legL.096
04:17:48 | INFO: Primitives created: 3
04:17:48 | INFO: Extracting primitive: crew-legL.097
04:17:48 | INFO: Primitives created: 3
04:17:48 | INFO: Extracting primitive: crew-skirt.027
04:17:48 | INFO: Primitives created: 1
04:17:48 | INFO: Extracting primitive: crew-skirt.028
04:17:48 | INFO: Primitives created: 1
04:17:48 | INFO: Extracting primitive: crew-skirt.039
04:17:48 | INFO: Primitives created: 1
04:17:48 | INFO: Extracting primitive: crew-skirt.046
04:17:48 | INFO: Primitives created: 1
04:17:48 | INFO: Extracting primitive: crew-skirt.047
04:17:48 | INFO: Primitives created: 1
04:17:48 | INFO: Extracting primitive: crew-skirt.048
04:17:48 | INFO: Primitives created: 1
04:17:48 | INFO: Extracting primitive: crew-skirt.049
04:17:48 | INFO: Primitives created: 1
04:17:48 | INFO: Extracting primitive: crew-skirt.050
04:17:48 | INFO: Primitives created: 1
04:17:48 | INFO: Extracting primitive: crew-skirt.051
04:17:48 | INFO: Primitives created: 1
04:17:48 | INFO: Extracting primitive: crew-skirt.052
04:17:48 | INFO: Primitives created: 1
04:17:48 | INFO: Extracting primitive: crew-skirt.029
04:17:48 | INFO: Primitives created: 1
04:17:48 | INFO: Extracting primitive: crew-skirt.030
04:17:48 | INFO: Primitives created: 1
04:17:48 | INFO: Extracting primitive: crew-skirt.031
04:17:48 | INFO: Primitives created: 1
04:17:48 | INFO: Extracting primitive: crew-skirt.032
04:17:48 | INFO: Primitives created: 1
04:17:48 | INFO: Extracting primitive: crew-skirt.033
04:17:48 | INFO: Primitives created: 1
04:17:48 | INFO: Extracting primitive: crew-skirt.034
04:17:48 | INFO: Primitives created: 1
04:17:48 | INFO: Extracting primitive: crew-skirt.035
04:17:48 | INFO: Primitives created: 1
04:17:48 | INFO: Extracting primitive: crew-skirt.036
04:17:48 | INFO: Primitives created: 1
04:17:48 | INFO: Extracting primitive: crew-skirt.037
04:17:48 | INFO: Primitives created: 1
04:17:48 | INFO: Extracting primitive: crew-skirt.038
04:17:48 | INFO: Primitives created: 1
04:17:48 | INFO: Extracting primitive: crew-skirt.040
04:17:48 | INFO: Primitives created: 1
04:17:48 | INFO: Extracting primitive: crew-skirt.041
04:17:48 | INFO: Primitives created: 1
04:17:48 | INFO: Extracting primitive: crew-skirt.042
04:17:48 | INFO: Primitives created: 1
04:17:48 | INFO: Extracting primitive: crew-skirt.043
04:17:48 | INFO: Primitives created: 1
04:17:48 | INFO: Extracting primitive: crew-skirt.044
04:17:48 | INFO: Primitives created: 1
04:17:48 | INFO: Extracting primitive: crew-skirt.045
04:17:48 | INFO: Primitives created: 1
04:17:48 | INFO: Extracting primitive: crew-torso.027
04:17:48 | INFO: Primitives created: 1
04:17:48 | INFO: Extracting primitive: crew-torso.028
04:17:48 | INFO: Primitives created: 1
04:17:48 | INFO: Extracting primitive: crew-torso.039
04:17:48 | INFO: Primitives created: 1
04:17:48 | INFO: Extracting primitive: crew-torso.046
04:17:48 | INFO: Primitives created: 1
04:17:48 | INFO: Extracting primitive: crew-torso.047
04:17:48 | INFO: Primitives created: 1
04:17:48 | INFO: Extracting primitive: crew-torso.048
04:17:48 | INFO: Primitives created: 1
04:17:48 | INFO: Extracting primitive: crew-torso.049
04:17:48 | INFO: Primitives created: 1
04:17:48 | INFO: Extracting primitive: crew-torso.050
04:17:48 | INFO: Primitives created: 1
04:17:48 | INFO: Extracting primitive: crew-torso.051
04:17:48 | INFO: Primitives created: 1
04:17:48 | INFO: Extracting primitive: crew-torso.052
04:17:48 | INFO: Primitives created: 1
04:17:48 | INFO: Extracting primitive: crew-torso.029
04:17:48 | INFO: Primitives created: 1
04:17:48 | INFO: Extracting primitive: crew-torso.030
04:17:48 | INFO: Primitives created: 1
04:17:48 | INFO: Extracting primitive: crew-torso.031
04:17:48 | INFO: Primitives created: 1
04:17:48 | INFO: Extracting primitive: crew-torso.032
04:17:48 | INFO: Primitives created: 1
04:17:48 | INFO: Extracting primitive: crew-torso.033
04:17:48 | INFO: Primitives created: 1
04:17:48 | INFO: Extracting primitive: crew-torso.034
04:17:48 | INFO: Primitives created: 1
04:17:48 | INFO: Extracting primitive: crew-torso.035
04:17:48 | INFO: Primitives created: 1
04:17:48 | INFO: Extracting primitive: crew-torso.036
04:17:48 | INFO: Primitives created: 1
04:17:48 | INFO: Extracting primitive: crew-torso.037
04:17:48 | INFO: Primitives created: 1
04:17:48 | INFO: Extracting primitive: crew-torso.038
04:17:48 | INFO: Primitives created: 1
04:17:48 | INFO: Extracting primitive: crew-torso.040
04:17:48 | INFO: Primitives created: 1
04:17:48 | INFO: Extracting primitive: crew-torso.041
04:17:48 | INFO: Primitives created: 1
04:17:48 | INFO: Extracting primitive: crew-torso.042
04:17:48 | INFO: Primitives created: 1
04:17:48 | INFO: Extracting primitive: crew-torso.043
04:17:48 | INFO: Primitives created: 1
04:17:48 | INFO: Extracting primitive: crew-torso.044
04:17:48 | INFO: Primitives created: 1
04:17:48 | INFO: Extracting primitive: crew-torso.045
04:17:48 | INFO: Primitives created: 1
04:17:48 | INFO: Extracting primitive: hull-low.002
04:17:48 | INFO: Primitives created: 2
04:17:48 | INFO: Extracting primitive: hull-prow.002
04:17:48 | INFO: Primitives created: 2
04:17:48 | INFO: Extracting primitive: n3086.001
04:17:48 | INFO: Primitives created: 6
04:17:48 | INFO: Extracting primitive: n3088.001
04:17:48 | INFO: Primitives created: 6
04:17:48 | INFO: Extracting primitive: n3090.001
04:17:48 | INFO: Primitives created: 6
04:17:48 | INFO: Extracting primitive: n3092.001
04:17:48 | INFO: Primitives created: 6
04:17:48 | INFO: Extracting primitive: n3094.001
04:17:48 | INFO: Primitives created: 6
04:17:48 | INFO: Extracting primitive: n3096.001
04:17:48 | INFO: Primitives created: 6
04:17:48 | INFO: Extracting primitive: n3098.001
04:17:48 | INFO: Primitives created: 6
04:17:48 | INFO: Extracting primitive: n3100.001
04:17:48 | INFO: Primitives created: 6
04:17:48 | INFO: Extracting primitive: n3102.001
04:17:48 | INFO: Primitives created: 6
04:17:48 | INFO: Extracting primitive: n3104.001
04:17:48 | INFO: Primitives created: 6
04:17:48 | INFO: Extracting primitive: n3106.001
04:17:48 | INFO: Primitives created: 3
04:17:48 | INFO: Extracting primitive: n3108.001
04:17:48 | INFO: Primitives created: 3
04:17:48 | INFO: Extracting primitive: n3110.001
04:17:48 | INFO: Primitives created: 6
04:17:48 | INFO: Extracting primitive: n3112.001
04:17:48 | INFO: Primitives created: 6
04:17:48 | INFO: Extracting primitive: n3114.001
04:17:48 | INFO: Primitives created: 6
04:17:48 | INFO: Extracting primitive: n3116.001
04:17:48 | INFO: Primitives created: 6
04:17:48 | INFO: Extracting primitive: n3118.001
04:17:48 | INFO: Primitives created: 6
04:17:48 | INFO: Extracting primitive: n3120.001
04:17:48 | INFO: Primitives created: 6
04:17:48 | INFO: Extracting primitive: n3122.001
04:17:48 | INFO: Primitives created: 6
04:17:48 | INFO: Extracting primitive: n3124.001
04:17:48 | INFO: Primitives created: 6
04:17:48 | INFO: Extracting primitive: n3126.001
04:17:48 | INFO: Primitives created: 6
04:17:48 | INFO: Extracting primitive: n3128.001
04:17:48 | INFO: Primitives created: 6
04:17:48 | INFO: Extracting primitive: n3130.001
04:17:48 | INFO: Primitives created: 3
04:17:48 | INFO: Extracting primitive: n3132.001
04:17:48 | INFO: Primitives created: 3
04:17:48 | INFO: Extracting primitive: n3136.001
04:17:48 | INFO: Primitives created: 2
04:17:48 | INFO: Extracting primitive: n3138.001
04:17:48 | INFO: Primitives created: 6
04:17:48 | INFO: Extracting primitive: n3140.001
04:17:48 | INFO: Primitives created: 6
04:17:48 | INFO: Extracting primitive: n3142.001
04:17:48 | INFO: Primitives created: 1
04:17:48 | INFO: Extracting primitive: n3314.001
04:17:48 | INFO: Primitives created: 6
04:17:48 | INFO: Extracting primitive: n3316.001
04:17:48 | INFO: Primitives created: 6
04:17:48 | INFO: Extracting primitive: n3318.001
04:17:48 | INFO: Primitives created: 6
04:17:48 | INFO: Extracting primitive: n3320.001
04:17:48 | INFO: Primitives created: 6
04:17:48 | INFO: Extracting primitive: n3322.001
04:17:48 | INFO: Primitives created: 6
04:17:48 | INFO: Extracting primitive: n3324.001
04:17:48 | INFO: Primitives created: 6
04:17:48 | INFO: Extracting primitive: n3326.001
04:17:48 | INFO: Primitives created: 6
04:17:48 | INFO: Extracting primitive: n3328.001
04:17:48 | INFO: Primitives created: 6
04:17:48 | INFO: Extracting primitive: n3330.001
04:17:48 | INFO: Primitives created: 6
04:17:48 | INFO: Extracting primitive: n3332.001
04:17:48 | INFO: Primitives created: 6
04:17:48 | INFO: Extracting primitive: n3334.001
04:17:48 | INFO: Primitives created: 6
04:17:48 | INFO: Extracting primitive: n3336.001
04:17:48 | INFO: Primitives created: 6
04:17:48 | INFO: Extracting primitive: n3338.001
04:17:48 | INFO: Primitives created: 6
04:17:48 | INFO: Extracting primitive: n3340.001
04:17:48 | INFO: Primitives created: 6
04:17:48 | INFO: Extracting primitive: n3342.001
04:17:48 | INFO: Primitives created: 6
04:17:48 | INFO: Extracting primitive: n3344.001
04:17:48 | INFO: Primitives created: 6
04:17:48 | INFO: Extracting primitive: n3346.001
04:17:48 | INFO: Primitives created: 6
04:17:48 | INFO: Extracting primitive: n3348.001
04:17:48 | INFO: Primitives created: 6
04:17:48 | INFO: Extracting primitive: n3350.001
04:17:48 | INFO: Primitives created: 6
04:17:48 | INFO: Extracting primitive: n3352.001
04:17:48 | INFO: Primitives created: 6
04:17:48 | INFO: Extracting primitive: n3354.001
04:17:48 | INFO: Primitives created: 6
04:17:48 | INFO: Extracting primitive: n3356.001
04:17:48 | INFO: Primitives created: 6
04:17:48 | INFO: Extracting primitive: n3358.001
04:17:48 | INFO: Primitives created: 6
04:17:48 | INFO: Extracting primitive: n3360.001
04:17:48 | INFO: Primitives created: 6
04:17:48 | INFO: Extracting primitive: n3362.001
04:17:48 | INFO: Primitives created: 6
04:17:48 | INFO: Extracting primitive: n3364.001
04:17:48 | INFO: Primitives created: 6
04:17:48 | INFO: Extracting primitive: n3366.001
04:17:48 | INFO: Primitives created: 6
04:17:48 | INFO: Extracting primitive: n3424.001
04:17:48 | INFO: Primitives created: 3
04:17:48 | INFO: Extracting primitive: n3426.001
04:17:48 | INFO: Primitives created: 3
04:17:48 | INFO: Extracting primitive: n3429.001
04:17:48 | INFO: Primitives created: 1
04:17:48 | INFO: Extracting primitive: n3431.001
04:17:48 | INFO: Primitives created: 1
04:17:48 | INFO: Extracting primitive: n3433.001
04:17:48 | INFO: Primitives created: 1
04:17:48 | INFO: Extracting primitive: n3435.001
04:17:48 | INFO: Primitives created: 1
04:17:48 | INFO: Extracting primitive: n3437.001
04:17:48 | INFO: Primitives created: 1
04:17:48 | INFO: Extracting primitive: n3439.001
04:17:48 | INFO: Primitives created: 3
04:17:48 | INFO: Extracting primitive: n3441.001
04:17:48 | INFO: Primitives created: 3
04:17:48 | INFO: Extracting primitive: n3443.001
04:17:48 | INFO: Primitives created: 3
04:17:48 | INFO: Extracting primitive: n3445.001
04:17:48 | INFO: Primitives created: 3
04:17:48 | INFO: Extracting primitive: n3447.001
04:17:48 | INFO: Primitives created: 1
04:17:48 | INFO: Extracting primitive: n3449.001
04:17:48 | INFO: Primitives created: 3
04:17:48 | INFO: Extracting primitive: n3451.001
04:17:48 | INFO: Primitives created: 3
04:17:48 | INFO: Extracting primitive: n3453.001
04:17:48 | INFO: Primitives created: 3
04:17:48 | INFO: Extracting primitive: n3455.001
04:17:48 | WARNING: More than one shader node tex image used for a texture. The resulting glTF sampler will behave like the first shader node tex image.
04:17:48 | INFO: Primitives created: 1
04:17:48 | INFO: Extracting primitive: oar-blade.052
04:17:48 | INFO: Primitives created: 6
04:17:48 | INFO: Extracting primitive: oar-shaft.052
04:17:48 | INFO: Primitives created: 3
04:17:48 | INFO: Extracting primitive: oar-blade.053
04:17:48 | INFO: Primitives created: 6
04:17:48 | INFO: Extracting primitive: oar-shaft.053
04:17:48 | INFO: Primitives created: 3
04:17:48 | INFO: Extracting primitive: oar-blade.054
04:17:48 | INFO: Primitives created: 6
04:17:48 | INFO: Extracting primitive: oar-shaft.054
04:17:48 | INFO: Primitives created: 3
04:17:48 | INFO: Extracting primitive: oar-blade.055
04:17:48 | INFO: Primitives created: 6
04:17:48 | INFO: Extracting primitive: oar-shaft.055
04:17:48 | INFO: Primitives created: 3
04:17:48 | INFO: Extracting primitive: oar-blade.056
04:17:48 | INFO: Primitives created: 6
04:17:48 | INFO: Extracting primitive: oar-shaft.056
04:17:48 | INFO: Primitives created: 3
04:17:48 | INFO: Extracting primitive: oar-blade.057
04:17:48 | INFO: Primitives created: 6
04:17:48 | INFO: Extracting primitive: oar-shaft.057
04:17:48 | INFO: Primitives created: 3
04:17:48 | INFO: Extracting primitive: oar-blade.058
04:17:48 | INFO: Primitives created: 6
04:17:48 | INFO: Extracting primitive: oar-shaft.058
04:17:48 | INFO: Primitives created: 3
04:17:48 | INFO: Extracting primitive: oar-blade.059
04:17:48 | INFO: Primitives created: 6
04:17:48 | INFO: Extracting primitive: oar-shaft.059
04:17:48 | INFO: Primitives created: 3
04:17:48 | INFO: Extracting primitive: oar-blade.060
04:17:48 | INFO: Primitives created: 6
04:17:48 | INFO: Extracting primitive: oar-shaft.060
04:17:48 | INFO: Primitives created: 3
04:17:48 | INFO: Extracting primitive: oar-blade.061
04:17:48 | INFO: Primitives created: 6
04:17:48 | INFO: Extracting primitive: oar-shaft.061
04:17:48 | INFO: Primitives created: 3
04:17:48 | INFO: Extracting primitive: oar-blade.062
04:17:48 | INFO: Primitives created: 6
04:17:48 | INFO: Extracting primitive: oar-shaft.062
04:17:48 | INFO: Primitives created: 3
04:17:48 | INFO: Extracting primitive: oar-blade.063
04:17:48 | INFO: Primitives created: 6
04:17:48 | INFO: Extracting primitive: oar-shaft.063
04:17:48 | INFO: Primitives created: 3
04:17:48 | INFO: Extracting primitive: oar-blade.064
04:17:48 | INFO: Primitives created: 6
04:17:48 | INFO: Extracting primitive: oar-shaft.064
04:17:48 | INFO: Primitives created: 3
04:17:48 | INFO: Extracting primitive: oar-blade.065
04:17:48 | INFO: Primitives created: 6
04:17:48 | INFO: Extracting primitive: oar-shaft.065
04:17:48 | INFO: Primitives created: 3
04:17:48 | INFO: Extracting primitive: oar-blade.066
04:17:48 | INFO: Primitives created: 6
04:17:48 | INFO: Extracting primitive: oar-shaft.066
04:17:48 | INFO: Primitives created: 3
04:17:48 | INFO: Extracting primitive: oar-blade.067
04:17:48 | INFO: Primitives created: 6
04:17:48 | INFO: Extracting primitive: oar-shaft.067
04:17:48 | INFO: Primitives created: 3
04:17:48 | INFO: Extracting primitive: oar-blade.068
04:17:48 | INFO: Primitives created: 6
04:17:48 | INFO: Extracting primitive: oar-shaft.068
04:17:48 | INFO: Primitives created: 3
04:17:48 | INFO: Extracting primitive: oar-blade.069
04:17:48 | INFO: Primitives created: 6
04:17:48 | INFO: Extracting primitive: oar-shaft.069
04:17:48 | INFO: Primitives created: 3
04:17:48 | INFO: Extracting primitive: oar-blade.070
04:17:48 | INFO: Primitives created: 6
04:17:48 | INFO: Extracting primitive: oar-shaft.070
04:17:48 | INFO: Primitives created: 3
04:17:48 | INFO: Extracting primitive: oar-blade.071
04:17:48 | INFO: Primitives created: 6
04:17:48 | INFO: Extracting primitive: oar-shaft.071
04:17:48 | INFO: Primitives created: 3
04:17:48 | INFO: Extracting primitive: oar-blade.072
04:17:48 | INFO: Primitives created: 6
04:17:48 | INFO: Extracting primitive: oar-shaft.072
04:17:48 | INFO: Primitives created: 3
04:17:48 | INFO: Extracting primitive: oar-blade.073
04:17:48 | INFO: Primitives created: 6
04:17:48 | INFO: Extracting primitive: oar-shaft.073
04:17:48 | INFO: Primitives created: 3
04:17:48 | INFO: Extracting primitive: oar-blade.074
04:17:48 | INFO: Primitives created: 6
04:17:48 | INFO: Extracting primitive: oar-shaft.074
04:17:48 | INFO: Primitives created: 3
04:17:48 | INFO: Extracting primitive: oar-blade.075
04:17:48 | INFO: Primitives created: 6
04:17:48 | INFO: Extracting primitive: oar-shaft.075
04:17:48 | INFO: Primitives created: 3
04:17:48 | INFO: Extracting primitive: oar-blade.076
04:17:48 | INFO: Primitives created: 6
04:17:48 | INFO: Extracting primitive: oar-shaft.076
04:17:48 | INFO: Primitives created: 3
04:17:48 | INFO: Extracting primitive: oar-blade.077
04:17:48 | INFO: Primitives created: 6
04:17:48 | INFO: Extracting primitive: oar-shaft.077
04:17:48 | INFO: Primitives created: 3
04:17:48 | INFO: Extracting primitive: n3478.001
04:17:48 | INFO: Primitives created: 1
04:17:48 | INFO: Extracting primitive: n3480.001
04:17:48 | INFO: Primitives created: 1
04:17:48 | INFO: Extracting primitive: n3482.001
04:17:48 | INFO: Primitives created: 2
04:17:48 | INFO: Extracting primitive: n3484.001
04:17:48 | INFO: Primitives created: 2
04:17:48 | INFO: Extracting primitive: n3486.001
04:17:48 | INFO: Primitives created: 2
04:17:48 | INFO: Extracting primitive: n3488.001
04:17:48 | INFO: Primitives created: 2
04:17:48 | INFO: Extracting primitive: n3490.001
04:17:48 | INFO: Primitives created: 2
04:17:48 | INFO: Extracting primitive: n3492.001
04:17:48 | WARNING: More than one shader node tex image used for a texture. The resulting glTF sampler will behave like the first shader node tex image.
04:17:48 | INFO: Primitives created: 1
04:17:48 | INFO: Extracting primitive: n3493.001
04:17:48 | INFO: Primitives created: 1
04:17:48 | INFO: Extracting primitive: n3457.001
04:17:48 | INFO: Primitives created: 1
04:17:48 | INFO: Extracting primitive: n3459.001
04:17:48 | INFO: Primitives created: 1
04:17:48 | INFO: Extracting primitive: n3461.001
04:17:48 | INFO: Primitives created: 1
04:17:48 | INFO: Extracting primitive: n3463.001
04:17:48 | INFO: Primitives created: 1
04:17:48 | INFO: Extracting primitive: n3465.001
04:17:48 | INFO: Primitives created: 1
04:17:48 | INFO: Extracting primitive: n3467.001
04:17:48 | INFO: Primitives created: 3
04:17:48 | INFO: Extracting primitive: n3469.001
04:17:48 | INFO: Primitives created: 3
04:17:48 | INFO: Extracting primitive: n3471.001
04:17:48 | INFO: Primitives created: 3
04:17:48 | INFO: Extracting primitive: n3473.001
04:17:48 | INFO: Primitives created: 3
04:17:48 | INFO: Extracting primitive: n3475.001
04:17:48 | INFO: Primitives created: 1
04:17:48 | INFO: Extracting primitive: crew-armL.001
04:17:48 | INFO: Primitives created: 3
04:17:48 | INFO: Extracting primitive: crew-armL.002
04:17:48 | INFO: Primitives created: 3
04:17:48 | INFO: Extracting primitive: crew-armL.013
04:17:48 | INFO: Primitives created: 3
04:17:48 | INFO: Extracting primitive: crew-armL.020
04:17:48 | INFO: Primitives created: 3
04:17:48 | INFO: Extracting primitive: crew-armL.021
04:17:48 | INFO: Primitives created: 3
04:17:48 | INFO: Extracting primitive: crew-armL.022
04:17:48 | INFO: Primitives created: 3
04:17:48 | INFO: Extracting primitive: crew-armL.023
04:17:48 | INFO: Primitives created: 3
04:17:48 | INFO: Extracting primitive: crew-armL.024
04:17:48 | INFO: Primitives created: 3
04:17:48 | INFO: Extracting primitive: crew-armL.025
04:17:48 | INFO: Primitives created: 3
04:17:48 | INFO: Extracting primitive: crew-armL.026
04:17:48 | INFO: Primitives created: 3
04:17:48 | INFO: Extracting primitive: crew-armL.003
04:17:48 | INFO: Primitives created: 3
04:17:48 | INFO: Extracting primitive: crew-armL.004
04:17:48 | INFO: Primitives created: 3
04:17:48 | INFO: Extracting primitive: crew-armL.005
04:17:48 | INFO: Primitives created: 3
04:17:48 | INFO: Extracting primitive: crew-armL.006
04:17:48 | INFO: Primitives created: 3
04:17:48 | INFO: Extracting primitive: crew-armL.007
04:17:48 | INFO: Primitives created: 3
04:17:48 | INFO: Extracting primitive: crew-armL.008
04:17:48 | INFO: Primitives created: 3
04:17:48 | INFO: Extracting primitive: crew-armL.009
04:17:48 | INFO: Primitives created: 3
04:17:48 | INFO: Extracting primitive: crew-armL.010
04:17:48 | INFO: Primitives created: 3
04:17:48 | INFO: Extracting primitive: crew-armL.011
04:17:48 | INFO: Primitives created: 3
04:17:48 | INFO: Extracting primitive: crew-armL.012
04:17:48 | INFO: Primitives created: 3
04:17:48 | INFO: Extracting primitive: crew-armL.014
04:17:48 | INFO: Primitives created: 3
04:17:48 | INFO: Extracting primitive: crew-armL.015
04:17:48 | INFO: Primitives created: 3
04:17:48 | INFO: Extracting primitive: crew-armL.016
04:17:48 | INFO: Primitives created: 3
04:17:48 | INFO: Extracting primitive: crew-armL.017
04:17:48 | INFO: Primitives created: 3
04:17:48 | INFO: Extracting primitive: crew-armL.018
04:17:48 | INFO: Primitives created: 3
04:17:48 | INFO: Extracting primitive: crew-armL.019
04:17:48 | INFO: Primitives created: 3
04:17:48 | INFO: Extracting primitive: crew-armL.053
04:17:48 | INFO: Primitives created: 3
04:17:48 | INFO: Extracting primitive: crew-armL.054
04:17:48 | INFO: Primitives created: 3
04:17:48 | INFO: Extracting primitive: crew-armL.065
04:17:48 | INFO: Primitives created: 3
04:17:48 | INFO: Extracting primitive: crew-armL.072
04:17:48 | INFO: Primitives created: 3
04:17:48 | INFO: Extracting primitive: crew-armL.073
04:17:48 | INFO: Primitives created: 3
04:17:48 | INFO: Extracting primitive: crew-armL.074
04:17:48 | INFO: Primitives created: 3
04:17:48 | INFO: Extracting primitive: crew-armL.075
04:17:48 | INFO: Primitives created: 3
04:17:48 | INFO: Extracting primitive: crew-armL.076
04:17:48 | INFO: Primitives created: 3
04:17:48 | INFO: Extracting primitive: crew-armL.077
04:17:48 | INFO: Primitives created: 3
04:17:48 | INFO: Extracting primitive: crew-armL.078
04:17:48 | INFO: Primitives created: 3
04:17:48 | INFO: Extracting primitive: crew-armL.055
04:17:48 | INFO: Primitives created: 3
04:17:48 | INFO: Extracting primitive: crew-armL.056
04:17:48 | INFO: Primitives created: 3
04:17:48 | INFO: Extracting primitive: crew-armL.057
04:17:48 | INFO: Primitives created: 3
04:17:48 | INFO: Extracting primitive: crew-armL.058
04:17:48 | INFO: Primitives created: 3
04:17:48 | INFO: Extracting primitive: crew-armL.059
04:17:48 | INFO: Primitives created: 3
04:17:48 | INFO: Extracting primitive: crew-armL.060
04:17:48 | INFO: Primitives created: 3
04:17:48 | INFO: Extracting primitive: crew-armL.061
04:17:48 | INFO: Primitives created: 3
04:17:48 | INFO: Extracting primitive: crew-armL.062
04:17:48 | INFO: Primitives created: 3
04:17:48 | INFO: Extracting primitive: crew-armL.063
04:17:48 | INFO: Primitives created: 3
04:17:48 | INFO: Extracting primitive: crew-armL.064
04:17:48 | INFO: Primitives created: 3
04:17:48 | INFO: Extracting primitive: crew-armL.066
04:17:48 | INFO: Primitives created: 3
04:17:48 | INFO: Extracting primitive: crew-armL.067
04:17:48 | INFO: Primitives created: 3
04:17:48 | INFO: Extracting primitive: crew-armL.068
04:17:48 | INFO: Primitives created: 3
04:17:48 | INFO: Extracting primitive: crew-armL.069
04:17:48 | INFO: Primitives created: 3
04:17:48 | INFO: Extracting primitive: crew-armL.070
04:17:48 | INFO: Primitives created: 3
04:17:48 | INFO: Extracting primitive: crew-armL.071
04:17:48 | INFO: Primitives created: 3
04:17:48 | INFO: Extracting primitive: crew-crest.001
04:17:48 | INFO: Primitives created: 2
04:17:48 | INFO: Extracting primitive: crew-crest.002
04:17:48 | INFO: Primitives created: 2
04:17:48 | INFO: Extracting primitive: crew-crest.013
04:17:48 | INFO: Primitives created: 2
04:17:48 | INFO: Extracting primitive: crew-crest.020
04:17:48 | INFO: Primitives created: 2
04:17:48 | INFO: Extracting primitive: crew-crest.021
04:17:48 | INFO: Primitives created: 2
04:17:48 | INFO: Extracting primitive: crew-crest.022
04:17:48 | INFO: Primitives created: 2
04:17:48 | INFO: Extracting primitive: crew-crest.023
04:17:48 | INFO: Primitives created: 2
04:17:48 | INFO: Extracting primitive: crew-crest.024
04:17:48 | INFO: Primitives created: 2
04:17:48 | INFO: Extracting primitive: crew-crest.025
04:17:48 | INFO: Primitives created: 2
04:17:48 | INFO: Extracting primitive: crew-crest.026
04:17:48 | INFO: Primitives created: 2
04:17:48 | INFO: Extracting primitive: crew-crest.003
04:17:48 | INFO: Primitives created: 2
04:17:48 | INFO: Extracting primitive: crew-crest.004
04:17:48 | INFO: Primitives created: 2
04:17:48 | INFO: Extracting primitive: crew-crest.005
04:17:48 | INFO: Primitives created: 2
04:17:48 | INFO: Extracting primitive: crew-crest.006
04:17:48 | INFO: Primitives created: 2
04:17:48 | INFO: Extracting primitive: crew-crest.007
04:17:48 | INFO: Primitives created: 2
04:17:48 | INFO: Extracting primitive: crew-crest.008
04:17:48 | INFO: Primitives created: 2
04:17:48 | INFO: Extracting primitive: crew-crest.009
04:17:48 | INFO: Primitives created: 2
04:17:48 | INFO: Extracting primitive: crew-crest.010
04:17:48 | INFO: Primitives created: 2
04:17:48 | INFO: Extracting primitive: crew-crest.011
04:17:48 | INFO: Primitives created: 2
04:17:48 | INFO: Extracting primitive: crew-crest.012
04:17:48 | INFO: Primitives created: 2
04:17:48 | INFO: Extracting primitive: crew-crest.014
04:17:48 | INFO: Primitives created: 2
04:17:48 | INFO: Extracting primitive: crew-crest.015
04:17:48 | INFO: Primitives created: 2
04:17:48 | INFO: Extracting primitive: crew-crest.016
04:17:48 | INFO: Primitives created: 2
04:17:48 | INFO: Extracting primitive: crew-crest.017
04:17:48 | INFO: Primitives created: 2
04:17:48 | INFO: Extracting primitive: crew-crest.018
04:17:48 | INFO: Primitives created: 2
04:17:48 | INFO: Extracting primitive: crew-crest.019
04:17:48 | INFO: Primitives created: 2
04:17:48 | INFO: Extracting primitive: crew-crestFeathers.001
04:17:48 | INFO: Primitives created: 1
04:17:48 | INFO: Extracting primitive: crew-crestFeathers.002
04:17:48 | INFO: Primitives created: 1
04:17:48 | INFO: Extracting primitive: crew-crestFeathers.013
04:17:48 | INFO: Primitives created: 1
04:17:48 | INFO: Extracting primitive: crew-crestFeathers.020
04:17:48 | INFO: Primitives created: 1
04:17:48 | INFO: Extracting primitive: crew-crestFeathers.021
04:17:48 | INFO: Primitives created: 1
04:17:48 | INFO: Extracting primitive: crew-crestFeathers.022
04:17:48 | INFO: Primitives created: 1
04:17:48 | INFO: Extracting primitive: crew-crestFeathers.023
04:17:48 | INFO: Primitives created: 1
04:17:48 | INFO: Extracting primitive: crew-crestFeathers.024
04:17:48 | INFO: Primitives created: 1
04:17:48 | INFO: Extracting primitive: crew-crestFeathers.025
04:17:48 | INFO: Primitives created: 1
04:17:48 | INFO: Extracting primitive: crew-crestFeathers.026
04:17:48 | INFO: Primitives created: 1
04:17:48 | INFO: Extracting primitive: crew-crestFeathers.003
04:17:48 | INFO: Primitives created: 1
04:17:48 | INFO: Extracting primitive: crew-crestFeathers.004
04:17:48 | INFO: Primitives created: 1
04:17:48 | INFO: Extracting primitive: crew-crestFeathers.005
04:17:48 | INFO: Primitives created: 1
04:17:48 | INFO: Extracting primitive: crew-crestFeathers.006
04:17:48 | INFO: Primitives created: 1
04:17:48 | INFO: Extracting primitive: crew-crestFeathers.007
04:17:48 | INFO: Primitives created: 1
04:17:48 | INFO: Extracting primitive: crew-crestFeathers.008
04:17:48 | INFO: Primitives created: 1
04:17:48 | INFO: Extracting primitive: crew-crestFeathers.009
04:17:48 | INFO: Primitives created: 1
04:17:48 | INFO: Extracting primitive: crew-crestFeathers.010
04:17:48 | INFO: Primitives created: 1
04:17:48 | INFO: Extracting primitive: crew-crestFeathers.011
04:17:48 | INFO: Primitives created: 1
04:17:48 | INFO: Extracting primitive: crew-crestFeathers.012
04:17:48 | INFO: Primitives created: 1
04:17:48 | INFO: Extracting primitive: crew-crestFeathers.014
04:17:48 | INFO: Primitives created: 1
04:17:48 | INFO: Extracting primitive: crew-crestFeathers.015
04:17:48 | INFO: Primitives created: 1
04:17:48 | INFO: Extracting primitive: crew-crestFeathers.016
04:17:48 | INFO: Primitives created: 1
04:17:48 | INFO: Extracting primitive: crew-crestFeathers.017
04:17:48 | INFO: Primitives created: 1
04:17:48 | INFO: Extracting primitive: crew-crestFeathers.018
04:17:48 | INFO: Primitives created: 1
04:17:48 | INFO: Extracting primitive: crew-crestFeathers.019
04:17:48 | INFO: Primitives created: 1
04:17:48 | INFO: Extracting primitive: crew-crestStems.001
04:17:48 | INFO: Primitives created: 1
04:17:48 | INFO: Extracting primitive: crew-crestStems.002
04:17:48 | INFO: Primitives created: 1
04:17:48 | INFO: Extracting primitive: crew-crestStems.013
04:17:48 | INFO: Primitives created: 1
04:17:48 | INFO: Extracting primitive: crew-crestStems.020
04:17:48 | INFO: Primitives created: 1
04:17:48 | INFO: Extracting primitive: crew-crestStems.021
04:17:48 | INFO: Primitives created: 1
04:17:48 | INFO: Extracting primitive: crew-crestStems.022
04:17:48 | INFO: Primitives created: 1
04:17:48 | INFO: Extracting primitive: crew-crestStems.023
04:17:48 | INFO: Primitives created: 1
04:17:48 | INFO: Extracting primitive: crew-crestStems.024
04:17:48 | INFO: Primitives created: 1
04:17:48 | INFO: Extracting primitive: crew-crestStems.025
04:17:48 | INFO: Primitives created: 1
04:17:48 | INFO: Extracting primitive: crew-crestStems.026
04:17:48 | INFO: Primitives created: 1
04:17:48 | INFO: Extracting primitive: crew-crestStems.003
04:17:48 | INFO: Primitives created: 1
04:17:48 | INFO: Extracting primitive: crew-crestStems.004
04:17:48 | INFO: Primitives created: 1
04:17:48 | INFO: Extracting primitive: crew-crestStems.005
04:17:48 | INFO: Primitives created: 1
04:17:48 | INFO: Extracting primitive: crew-crestStems.006
04:17:48 | INFO: Primitives created: 1
04:17:48 | INFO: Extracting primitive: crew-crestStems.007
04:17:48 | INFO: Primitives created: 1
04:17:48 | INFO: Extracting primitive: crew-crestStems.008
04:17:48 | INFO: Primitives created: 1
04:17:48 | INFO: Extracting primitive: crew-crestStems.009
04:17:48 | INFO: Primitives created: 1
04:17:48 | INFO: Extracting primitive: crew-crestStems.010
04:17:48 | INFO: Primitives created: 1
04:17:48 | INFO: Extracting primitive: crew-crestStems.011
04:17:48 | INFO: Primitives created: 1
04:17:48 | INFO: Extracting primitive: crew-crestStems.012
04:17:48 | INFO: Primitives created: 1
04:17:48 | INFO: Extracting primitive: crew-crestStems.014
04:17:48 | INFO: Primitives created: 1
04:17:48 | INFO: Extracting primitive: crew-crestStems.015
04:17:48 | INFO: Primitives created: 1
04:17:48 | INFO: Extracting primitive: crew-crestStems.016
04:17:48 | INFO: Primitives created: 1
04:17:48 | INFO: Extracting primitive: crew-crestStems.017
04:17:48 | INFO: Primitives created: 1
04:17:48 | INFO: Extracting primitive: crew-crestStems.018
04:17:48 | INFO: Primitives created: 1
04:17:48 | INFO: Extracting primitive: crew-crestStems.019
04:17:48 | INFO: Primitives created: 1
04:17:48 | INFO: Extracting primitive: crew-head.001
04:17:48 | INFO: Primitives created: 1
04:17:48 | INFO: Extracting primitive: crew-head.002
04:17:48 | INFO: Primitives created: 1
04:17:48 | INFO: Extracting primitive: crew-head.013
04:17:48 | INFO: Primitives created: 1
04:17:48 | INFO: Extracting primitive: crew-head.020
04:17:48 | INFO: Primitives created: 1
04:17:48 | INFO: Extracting primitive: crew-head.021
04:17:48 | INFO: Primitives created: 1
04:17:48 | INFO: Extracting primitive: crew-head.022
04:17:48 | INFO: Primitives created: 1
04:17:48 | INFO: Extracting primitive: crew-head.023
04:17:48 | INFO: Primitives created: 1
04:17:48 | INFO: Extracting primitive: crew-head.024
04:17:48 | INFO: Primitives created: 1
04:17:48 | INFO: Extracting primitive: crew-head.025
04:17:48 | INFO: Primitives created: 1
04:17:48 | INFO: Extracting primitive: crew-head.026
04:17:48 | INFO: Primitives created: 1
04:17:48 | INFO: Extracting primitive: crew-head.003
04:17:48 | INFO: Primitives created: 1
04:17:48 | INFO: Extracting primitive: crew-head.004
04:17:48 | INFO: Primitives created: 1
04:17:48 | INFO: Extracting primitive: crew-head.005
04:17:48 | INFO: Primitives created: 1
04:17:48 | INFO: Extracting primitive: crew-head.006
04:17:48 | INFO: Primitives created: 1
04:17:48 | INFO: Extracting primitive: crew-head.007
04:17:48 | INFO: Primitives created: 1
04:17:48 | INFO: Extracting primitive: crew-head.008
04:17:48 | INFO: Primitives created: 1
04:17:48 | INFO: Extracting primitive: crew-head.009
04:17:48 | INFO: Primitives created: 1
04:17:48 | INFO: Extracting primitive: crew-head.010
04:17:48 | INFO: Primitives created: 1
04:17:48 | INFO: Extracting primitive: crew-head.011
04:17:48 | INFO: Primitives created: 1
04:17:48 | INFO: Extracting primitive: crew-head.012
04:17:48 | INFO: Primitives created: 1
04:17:48 | INFO: Extracting primitive: crew-head.014
04:17:48 | INFO: Primitives created: 1
04:17:48 | INFO: Extracting primitive: crew-head.015
04:17:48 | INFO: Primitives created: 1
04:17:48 | INFO: Extracting primitive: crew-head.016
04:17:48 | INFO: Primitives created: 1
04:17:48 | INFO: Extracting primitive: crew-head.017
04:17:48 | INFO: Primitives created: 1
04:17:48 | INFO: Extracting primitive: crew-head.018
04:17:48 | INFO: Primitives created: 1
04:17:48 | INFO: Extracting primitive: crew-head.019
04:17:48 | INFO: Primitives created: 1
04:17:48 | INFO: Extracting primitive: crew-helmet.001
04:17:48 | INFO: Primitives created: 1
04:17:48 | INFO: Extracting primitive: crew-helmet.002
04:17:48 | INFO: Primitives created: 1
04:17:48 | INFO: Extracting primitive: crew-helmet.013
04:17:48 | INFO: Primitives created: 1
04:17:48 | INFO: Extracting primitive: crew-helmet.020
04:17:48 | INFO: Primitives created: 1
04:17:48 | INFO: Extracting primitive: crew-helmet.021
04:17:48 | INFO: Primitives created: 1
04:17:48 | INFO: Extracting primitive: crew-helmet.022
04:17:48 | INFO: Primitives created: 1
04:17:48 | INFO: Extracting primitive: crew-helmet.023
04:17:48 | INFO: Primitives created: 1
04:17:48 | INFO: Extracting primitive: crew-helmet.024
04:17:48 | INFO: Primitives created: 1
04:17:48 | INFO: Extracting primitive: crew-helmet.025
04:17:48 | INFO: Primitives created: 1
04:17:48 | INFO: Extracting primitive: crew-helmet.026
04:17:48 | INFO: Primitives created: 1
04:17:48 | INFO: Extracting primitive: crew-helmet.003
04:17:48 | INFO: Primitives created: 1
04:17:48 | INFO: Extracting primitive: crew-helmet.004
04:17:48 | INFO: Primitives created: 1
04:17:48 | INFO: Extracting primitive: crew-helmet.005
04:17:48 | INFO: Primitives created: 1
04:17:48 | INFO: Extracting primitive: crew-helmet.006
04:17:48 | INFO: Primitives created: 1
04:17:48 | INFO: Extracting primitive: crew-helmet.007
04:17:48 | INFO: Primitives created: 1
04:17:48 | INFO: Extracting primitive: crew-helmet.008
04:17:48 | INFO: Primitives created: 1
04:17:48 | INFO: Extracting primitive: crew-helmet.009
04:17:48 | INFO: Primitives created: 1
04:17:48 | INFO: Extracting primitive: crew-helmet.010
04:17:48 | INFO: Primitives created: 1
04:17:48 | INFO: Extracting primitive: crew-helmet.011
04:17:48 | INFO: Primitives created: 1
04:17:48 | INFO: Extracting primitive: crew-helmet.012
04:17:48 | INFO: Primitives created: 1
04:17:48 | INFO: Extracting primitive: crew-helmet.014
04:17:48 | INFO: Primitives created: 1
04:17:48 | INFO: Extracting primitive: crew-helmet.015
04:17:48 | INFO: Primitives created: 1
04:17:48 | INFO: Extracting primitive: crew-helmet.016
04:17:48 | INFO: Primitives created: 1
04:17:48 | INFO: Extracting primitive: crew-helmet.017
04:17:48 | INFO: Primitives created: 1
04:17:48 | INFO: Extracting primitive: crew-helmet.018
04:17:48 | INFO: Primitives created: 1
04:17:48 | INFO: Extracting primitive: crew-helmet.019
04:17:48 | INFO: Primitives created: 1
04:17:48 | INFO: Extracting primitive: crew-legL.001
04:17:48 | INFO: Primitives created: 3
04:17:48 | INFO: Extracting primitive: crew-legL.002
04:17:48 | INFO: Primitives created: 3
04:17:48 | INFO: Extracting primitive: crew-legL.013
04:17:48 | INFO: Primitives created: 3
04:17:48 | INFO: Extracting primitive: crew-legL.020
04:17:48 | INFO: Primitives created: 3
04:17:48 | INFO: Extracting primitive: crew-legL.021
04:17:48 | INFO: Primitives created: 3
04:17:48 | INFO: Extracting primitive: crew-legL.022
04:17:48 | INFO: Primitives created: 3
04:17:48 | INFO: Extracting primitive: crew-legL.023
04:17:48 | INFO: Primitives created: 3
04:17:48 | INFO: Extracting primitive: crew-legL.024
04:17:48 | INFO: Primitives created: 3
04:17:48 | INFO: Extracting primitive: crew-legL.025
04:17:48 | INFO: Primitives created: 3
04:17:48 | INFO: Extracting primitive: crew-legL.026
04:17:48 | INFO: Primitives created: 3
04:17:48 | INFO: Extracting primitive: crew-legL.003
04:17:48 | INFO: Primitives created: 3
04:17:48 | INFO: Extracting primitive: crew-legL.004
04:17:48 | INFO: Primitives created: 3
04:17:48 | INFO: Extracting primitive: crew-legL.005
04:17:48 | INFO: Primitives created: 3
04:17:48 | INFO: Extracting primitive: crew-legL.006
04:17:48 | INFO: Primitives created: 3
04:17:48 | INFO: Extracting primitive: crew-legL.007
04:17:48 | INFO: Primitives created: 3
04:17:48 | INFO: Extracting primitive: crew-legL.008
04:17:48 | INFO: Primitives created: 3
04:17:48 | INFO: Extracting primitive: crew-legL.009
04:17:48 | INFO: Primitives created: 3
04:17:48 | INFO: Extracting primitive: crew-legL.010
04:17:48 | INFO: Primitives created: 3
04:17:48 | INFO: Extracting primitive: crew-legL.011
04:17:48 | INFO: Primitives created: 3
04:17:48 | INFO: Extracting primitive: crew-legL.012
04:17:48 | INFO: Primitives created: 3
04:17:48 | INFO: Extracting primitive: crew-legL.014
04:17:48 | INFO: Primitives created: 3
04:17:48 | INFO: Extracting primitive: crew-legL.015
04:17:48 | INFO: Primitives created: 3
04:17:48 | INFO: Extracting primitive: crew-legL.016
04:17:48 | INFO: Primitives created: 3
04:17:48 | INFO: Extracting primitive: crew-legL.017
04:17:48 | INFO: Primitives created: 3
04:17:48 | INFO: Extracting primitive: crew-legL.018
04:17:48 | INFO: Primitives created: 3
04:17:48 | INFO: Extracting primitive: crew-legL.019
04:17:48 | INFO: Primitives created: 3
04:17:48 | INFO: Extracting primitive: crew-legL.053
04:17:48 | INFO: Primitives created: 3
04:17:48 | INFO: Extracting primitive: crew-legL.054
04:17:48 | INFO: Primitives created: 3
04:17:48 | INFO: Extracting primitive: crew-legL.065
04:17:48 | INFO: Primitives created: 3
04:17:48 | INFO: Extracting primitive: crew-legL.072
04:17:48 | INFO: Primitives created: 3
04:17:48 | INFO: Extracting primitive: crew-legL.073
04:17:48 | INFO: Primitives created: 3
04:17:48 | INFO: Extracting primitive: crew-legL.074
04:17:48 | INFO: Primitives created: 3
04:17:48 | INFO: Extracting primitive: crew-legL.075
04:17:48 | INFO: Primitives created: 3
04:17:48 | INFO: Extracting primitive: crew-legL.076
04:17:48 | INFO: Primitives created: 3
04:17:48 | INFO: Extracting primitive: crew-legL.077
04:17:48 | INFO: Primitives created: 3
04:17:48 | INFO: Extracting primitive: crew-legL.078
04:17:48 | INFO: Primitives created: 3
04:17:48 | INFO: Extracting primitive: crew-legL.055
04:17:48 | INFO: Primitives created: 3
04:17:48 | INFO: Extracting primitive: crew-legL.056
04:17:48 | INFO: Primitives created: 3
04:17:48 | INFO: Extracting primitive: crew-legL.057
04:17:48 | INFO: Primitives created: 3
04:17:48 | INFO: Extracting primitive: crew-legL.058
04:17:48 | INFO: Primitives created: 3
04:17:48 | INFO: Extracting primitive: crew-legL.059
04:17:48 | INFO: Primitives created: 3
04:17:48 | INFO: Extracting primitive: crew-legL.060
04:17:48 | INFO: Primitives created: 3
04:17:48 | INFO: Extracting primitive: crew-legL.061
04:17:48 | INFO: Primitives created: 3
04:17:48 | INFO: Extracting primitive: crew-legL.062
04:17:48 | INFO: Primitives created: 3
04:17:48 | INFO: Extracting primitive: crew-legL.063
04:17:48 | INFO: Primitives created: 3
04:17:48 | INFO: Extracting primitive: crew-legL.064
04:17:48 | INFO: Primitives created: 3
04:17:48 | INFO: Extracting primitive: crew-legL.066
04:17:48 | INFO: Primitives created: 3
04:17:48 | INFO: Extracting primitive: crew-legL.067
04:17:48 | INFO: Primitives created: 3
04:17:48 | INFO: Extracting primitive: crew-legL.068
04:17:48 | INFO: Primitives created: 3
04:17:48 | INFO: Extracting primitive: crew-legL.069
04:17:48 | INFO: Primitives created: 3
04:17:48 | INFO: Extracting primitive: crew-legL.070
04:17:48 | INFO: Primitives created: 3
04:17:48 | INFO: Extracting primitive: crew-legL.071
04:17:48 | INFO: Primitives created: 3
04:17:48 | INFO: Extracting primitive: crew-skirt.001
04:17:48 | INFO: Primitives created: 1
04:17:48 | INFO: Extracting primitive: crew-skirt.002
04:17:48 | INFO: Primitives created: 1
04:17:48 | INFO: Extracting primitive: crew-skirt.013
04:17:48 | INFO: Primitives created: 1
04:17:48 | INFO: Extracting primitive: crew-skirt.020
04:17:48 | INFO: Primitives created: 1
04:17:48 | INFO: Extracting primitive: crew-skirt.021
04:17:48 | INFO: Primitives created: 1
04:17:48 | INFO: Extracting primitive: crew-skirt.022
04:17:48 | INFO: Primitives created: 1
04:17:48 | INFO: Extracting primitive: crew-skirt.023
04:17:48 | INFO: Primitives created: 1
04:17:48 | INFO: Extracting primitive: crew-skirt.024
04:17:48 | INFO: Primitives created: 1
04:17:48 | INFO: Extracting primitive: crew-skirt.025
04:17:48 | INFO: Primitives created: 1
04:17:48 | INFO: Extracting primitive: crew-skirt.026
04:17:48 | INFO: Primitives created: 1
04:17:48 | INFO: Extracting primitive: crew-skirt.003
04:17:48 | INFO: Primitives created: 1
04:17:48 | INFO: Extracting primitive: crew-skirt.004
04:17:48 | INFO: Primitives created: 1
04:17:48 | INFO: Extracting primitive: crew-skirt.005
04:17:48 | INFO: Primitives created: 1
04:17:48 | INFO: Extracting primitive: crew-skirt.006
04:17:48 | INFO: Primitives created: 1
04:17:48 | INFO: Extracting primitive: crew-skirt.007
04:17:48 | INFO: Primitives created: 1
04:17:48 | INFO: Extracting primitive: crew-skirt.008
04:17:48 | INFO: Primitives created: 1
04:17:48 | INFO: Extracting primitive: crew-skirt.009
04:17:48 | INFO: Primitives created: 1
04:17:48 | INFO: Extracting primitive: crew-skirt.010
04:17:48 | INFO: Primitives created: 1
04:17:48 | INFO: Extracting primitive: crew-skirt.011
04:17:48 | INFO: Primitives created: 1
04:17:48 | INFO: Extracting primitive: crew-skirt.012
04:17:48 | INFO: Primitives created: 1
04:17:48 | INFO: Extracting primitive: crew-skirt.014
04:17:48 | INFO: Primitives created: 1
04:17:48 | INFO: Extracting primitive: crew-skirt.015
04:17:48 | INFO: Primitives created: 1
04:17:48 | INFO: Extracting primitive: crew-skirt.016
04:17:48 | INFO: Primitives created: 1
04:17:48 | INFO: Extracting primitive: crew-skirt.017
04:17:48 | INFO: Primitives created: 1
04:17:48 | INFO: Extracting primitive: crew-skirt.018
04:17:48 | INFO: Primitives created: 1
04:17:48 | INFO: Extracting primitive: crew-skirt.019
04:17:48 | INFO: Primitives created: 1
04:17:48 | INFO: Extracting primitive: crew-torso.001
04:17:48 | INFO: Primitives created: 1
04:17:48 | INFO: Extracting primitive: crew-torso.002
04:17:48 | INFO: Primitives created: 1
04:17:48 | INFO: Extracting primitive: crew-torso.013
04:17:48 | INFO: Primitives created: 1
04:17:48 | INFO: Extracting primitive: crew-torso.020
04:17:48 | INFO: Primitives created: 1
04:17:48 | INFO: Extracting primitive: crew-torso.021
04:17:48 | INFO: Primitives created: 1
04:17:48 | INFO: Extracting primitive: crew-torso.022
04:17:48 | INFO: Primitives created: 1
04:17:48 | INFO: Extracting primitive: crew-torso.023
04:17:48 | INFO: Primitives created: 1
04:17:48 | INFO: Extracting primitive: crew-torso.024
04:17:48 | INFO: Primitives created: 1
04:17:48 | INFO: Extracting primitive: crew-torso.025
04:17:48 | INFO: Primitives created: 1
04:17:48 | INFO: Extracting primitive: crew-torso.026
04:17:48 | INFO: Primitives created: 1
04:17:48 | INFO: Extracting primitive: crew-torso.003
04:17:48 | INFO: Primitives created: 1
04:17:48 | INFO: Extracting primitive: crew-torso.004
04:17:48 | INFO: Primitives created: 1
04:17:48 | INFO: Extracting primitive: crew-torso.005
04:17:48 | INFO: Primitives created: 1
04:17:48 | INFO: Extracting primitive: crew-torso.006
04:17:48 | INFO: Primitives created: 1
04:17:48 | INFO: Extracting primitive: crew-torso.007
04:17:48 | INFO: Primitives created: 1
04:17:48 | INFO: Extracting primitive: crew-torso.008
04:17:48 | INFO: Primitives created: 1
04:17:48 | INFO: Extracting primitive: crew-torso.009
04:17:48 | INFO: Primitives created: 1
04:17:48 | INFO: Extracting primitive: crew-torso.010
04:17:48 | INFO: Primitives created: 1
04:17:48 | INFO: Extracting primitive: crew-torso.011
04:17:48 | INFO: Primitives created: 1
04:17:48 | INFO: Extracting primitive: crew-torso.012
04:17:48 | INFO: Primitives created: 1
04:17:48 | INFO: Extracting primitive: crew-torso.014
04:17:48 | INFO: Primitives created: 1
04:17:48 | INFO: Extracting primitive: crew-torso.015
04:17:48 | INFO: Primitives created: 1
04:17:48 | INFO: Extracting primitive: crew-torso.016
04:17:48 | INFO: Primitives created: 1
04:17:48 | INFO: Extracting primitive: crew-torso.017
04:17:48 | INFO: Primitives created: 1
04:17:48 | INFO: Extracting primitive: crew-torso.018
04:17:48 | INFO: Primitives created: 1
04:17:48 | INFO: Extracting primitive: crew-torso.019
04:17:48 | INFO: Primitives created: 1
04:17:48 | INFO: Extracting primitive: swamp-water-volume.001
04:17:48 | INFO: Primitives created: 1
04:17:51 | INFO: Finished glTF 2.0 export in 4.980682373046875 s

EXPORT_OK /Users/panglaohu/Downloads/TigerInBamboo/TigerMessenger/artifacts/godot-export/moebiusSwamp.glb
BlenderMCP server stopped
BlenderMCP addon unregistered
Blender 5.2.1 LTS (hash 9e2066aef7ef built 2026-08-25 01:35:57)

Blender quit
