00:00.348  blend            | Read blend: "/Users/panglaohu/Downloads/TigerInBamboo/TigerMessenger/assets/models/originals/blender-r3/swampZone.blend"
BlenderMCP: cannot start server in background mode (blender -b) - commands would never execute
BlenderMCP: run Blender with a GUI, or use a virtual display: xvfb-run -a blender
BlenderMCP addon registered
INFO Draco is available, use library at /Applications/Blender.app/Contents/Resources/5.2/scripts/addons_core/io_scene_gltf2/libbf_intern_draco_bridge.dylib
INFO MeshOptimizer is available, use library at /Applications/Blender.app/Contents/Resources/5.2/scripts/addons_core/io_scene_gltf2/libbf_intern_meshopt_bridge.dylib
04:17:58 | INFO: Starting glTF 2.0 export
04:17:59 | INFO: Extracting primitive: n2366.001
04:17:59 | INFO: Primitives created: 1
04:17:59 | INFO: Extracting primitive: n2368.001
04:17:59 | INFO: Primitives created: 1
04:17:59 | INFO: Extracting primitive: n2370.001
04:17:59 | INFO: Primitives created: 1
04:17:59 | INFO: Extracting primitive: n2372.001
04:17:59 | INFO: Primitives created: 1
04:17:59 | INFO: Extracting primitive: n2374.001
04:17:59 | INFO: Primitives created: 1
04:17:59 | INFO: Extracting primitive: n2375.001
04:17:59 | INFO: Primitives created: 2
04:17:59 | INFO: Extracting primitive: n2377.001
04:17:59 | INFO: Primitives created: 2
04:17:59 | INFO: Extracting primitive: n2379.001
04:17:59 | INFO: Primitives created: 2
04:17:59 | INFO: Extracting primitive: n2381.001
04:17:59 | INFO: Primitives created: 2
04:17:59 | INFO: Extracting primitive: n2383.001
04:17:59 | INFO: Primitives created: 2
04:17:59 | INFO: Extracting primitive: n2386.001
04:17:59 | INFO: Primitives created: 1
04:17:59 | INFO: Extracting primitive: n2388.001
04:17:59 | INFO: Primitives created: 1
04:17:59 | INFO: Extracting primitive: n2390.001
04:17:59 | INFO: Primitives created: 1
04:17:59 | INFO: Extracting primitive: n2392.001
04:17:59 | INFO: Primitives created: 1
04:17:59 | INFO: Extracting primitive: n2394.001
04:17:59 | INFO: Primitives created: 1
04:17:59 | INFO: Extracting primitive: n2395.001
04:17:59 | INFO: Primitives created: 2
04:17:59 | INFO: Extracting primitive: n2397.001
04:17:59 | INFO: Primitives created: 2
04:17:59 | INFO: Extracting primitive: n2399.001
04:17:59 | INFO: Primitives created: 2
04:17:59 | INFO: Extracting primitive: n2401.001
04:17:59 | INFO: Primitives created: 2
04:17:59 | INFO: Extracting primitive: n2403.001
04:17:59 | INFO: Primitives created: 2
04:17:59 | INFO: Extracting primitive: n3729.001
04:17:59 | INFO: Primitives created: 1
04:17:59 | INFO: Extracting primitive: n3731.001
04:17:59 | INFO: Primitives created: 1
04:17:59 | INFO: Extracting primitive: n3733.001
04:17:59 | INFO: Primitives created: 1
04:17:59 | INFO: Extracting primitive: n3735.001
04:17:59 | INFO: Primitives created: 1
04:17:59 | INFO: Extracting primitive: n3737.001
04:17:59 | INFO: Primitives created: 1
04:17:59 | INFO: Extracting primitive: n3738.001
04:17:59 | INFO: Primitives created: 2
04:17:59 | INFO: Extracting primitive: n3740.001
04:17:59 | INFO: Primitives created: 2
04:17:59 | INFO: Extracting primitive: n3742.001
04:17:59 | INFO: Primitives created: 2
04:17:59 | INFO: Extracting primitive: n3744.001
04:17:59 | INFO: Primitives created: 2
04:17:59 | INFO: Extracting primitive: n3746.001
04:17:59 | INFO: Primitives created: 2
04:17:59 | INFO: Extracting primitive: n3801.001
04:17:59 | INFO: Primitives created: 3
04:17:59 | INFO: Extracting primitive: n3803.001
04:17:59 | INFO: Primitives created: 3
04:17:59 | INFO: Extracting primitive: n3805.001
04:17:59 | INFO: Primitives created: 1
04:17:59 | INFO: Extracting primitive: n3808.001
04:17:59 | INFO: Primitives created: 3
04:17:59 | INFO: Extracting primitive: n3810.001
04:17:59 | INFO: Primitives created: 3
04:17:59 | INFO: Extracting primitive: n3812.001
04:17:59 | INFO: Primitives created: 1
04:17:59 | INFO: Extracting primitive: n3815.001
04:17:59 | INFO: Primitives created: 3
04:17:59 | INFO: Extracting primitive: n3817.001
04:17:59 | INFO: Primitives created: 3
04:17:59 | INFO: Extracting primitive: n3819.001
04:17:59 | INFO: Primitives created: 1
04:17:59 | INFO: Extracting primitive: n3822.001
04:17:59 | INFO: Primitives created: 3
04:17:59 | INFO: Extracting primitive: n3824.001
04:17:59 | INFO: Primitives created: 3
04:17:59 | INFO: Extracting primitive: n3826.001
04:17:59 | INFO: Primitives created: 1
04:17:59 | INFO: Extracting primitive: n3752.001
04:17:59 | INFO: Primitives created: 1
04:17:59 | INFO: Extracting primitive: n3754.001
04:17:59 | INFO: Primitives created: 1
04:17:59 | INFO: Extracting primitive: tiger-tail-brush-1.001
04:17:59 | INFO: Primitives created: 3
04:17:59 | INFO: Extracting primitive: tiger-tail-brush-2.001
04:17:59 | INFO: Primitives created: 3
04:17:59 | INFO: Extracting primitive: tiger-tail-brush-3.001
04:17:59 | INFO: Primitives created: 3
04:17:59 | INFO: Extracting primitive: tiger-tail-brush-4.001
04:17:59 | INFO: Primitives created: 3
04:17:59 | INFO: Extracting primitive: tiger-tail-brush-5.001
04:17:59 | INFO: Primitives created: 3
04:17:59 | INFO: Extracting primitive: tiger-tail-brush-6.001
04:17:59 | INFO: Primitives created: 3
04:17:59 | INFO: Extracting primitive: tiger-tail-brush-tip.002
04:17:59 | INFO: Primitives created: 3
04:17:59 | INFO: Extracting primitive: tiger-tail-brush-tip.003
04:17:59 | INFO: Primitives created: 3
04:17:59 | INFO: Extracting primitive: n3757.001
04:17:59 | INFO: Primitives created: 1
04:17:59 | INFO: Extracting primitive: n3759.001
04:17:59 | INFO: Primitives created: 1
04:17:59 | INFO: Extracting primitive: n3761.001
04:17:59 | INFO: Primitives created: 1
04:17:59 | INFO: Extracting primitive: n3763.001
04:17:59 | INFO: Primitives created: 2
04:17:59 | INFO: Extracting primitive: n3765.001
04:17:59 | INFO: Primitives created: 2
04:17:59 | INFO: Extracting primitive: n3767.001
04:17:59 | INFO: Primitives created: 3
04:17:59 | INFO: Extracting primitive: n3769.001
04:17:59 | INFO: Primitives created: 3
04:17:59 | INFO: Extracting primitive: n3771.001
04:17:59 | INFO: Primitives created: 1
04:17:59 | INFO: Extracting primitive: n3773.001
04:17:59 | INFO: Primitives created: 2
04:17:59 | INFO: Extracting primitive: tiger-torso.001
04:17:59 | INFO: Primitives created: 1
04:17:59 | INFO: Extracting primitive: n3.001
04:17:59 | INFO: Primitives created: 6
04:17:59 | INFO: Extracting primitive: n5.001
04:17:59 | INFO: Primitives created: 6
04:17:59 | INFO: Extracting primitive: n7.001
04:17:59 | INFO: Primitives created: 6
04:17:59 | INFO: Extracting primitive: n9.001
04:17:59 | INFO: Primitives created: 6
04:17:59 | INFO: Extracting primitive: n11.001
04:17:59 | INFO: Primitives created: 6
04:17:59 | INFO: Extracting primitive: n13.001
04:17:59 | INFO: Primitives created: 6
04:17:59 | INFO: Extracting primitive: n15.001
04:17:59 | INFO: Primitives created: 6
04:17:59 | INFO: Extracting primitive: n17.001
04:17:59 | INFO: Primitives created: 6
04:17:59 | INFO: Extracting primitive: n1368.001
04:17:59 | INFO: Primitives created: 1
04:17:59 | INFO: Extracting primitive: n1370.001
04:17:59 | INFO: Primitives created: 1
04:17:59 | INFO: Extracting primitive: n1372.001
04:17:59 | INFO: Primitives created: 1
04:17:59 | INFO: Extracting primitive: n1374.001
04:17:59 | INFO: Primitives created: 1
04:17:59 | INFO: Extracting primitive: n1376.001
04:17:59 | INFO: Primitives created: 1
04:17:59 | INFO: Extracting primitive: n1378.001
04:17:59 | INFO: Primitives created: 1
04:17:59 | INFO: Extracting primitive: n1380.001
04:17:59 | INFO: Primitives created: 1
04:17:59 | INFO: Extracting primitive: n1382.001
04:17:59 | INFO: Primitives created: 1
04:17:59 | INFO: Extracting primitive: n1384.001
04:17:59 | INFO: Primitives created: 1
04:17:59 | INFO: Extracting primitive: n1386.001
04:17:59 | INFO: Primitives created: 1
04:17:59 | INFO: Extracting primitive: n1388.001
04:17:59 | INFO: Primitives created: 1
04:17:59 | INFO: Extracting primitive: n1390.001
04:17:59 | INFO: Primitives created: 1
04:17:59 | INFO: Extracting primitive: n1609.001
04:17:59 | INFO: Primitives created: 1
04:17:59 | INFO: Extracting primitive: n1611.001
04:17:59 | INFO: Primitives created: 1
04:17:59 | INFO: Extracting primitive: n1613.001
04:17:59 | INFO: Primitives created: 1
04:17:59 | INFO: Extracting primitive: n1615.001
04:17:59 | INFO: Primitives created: 1
04:17:59 | INFO: Extracting primitive: n1617.001
04:17:59 | INFO: Primitives created: 1
04:17:59 | INFO: Extracting primitive: n1619.001
04:17:59 | INFO: Primitives created: 1
04:17:59 | INFO: Extracting primitive: n1621.001
04:17:59 | INFO: Primitives created: 1
04:17:59 | INFO: Extracting primitive: n1623.001
04:17:59 | INFO: Primitives created: 1
04:17:59 | INFO: Extracting primitive: n1625.001
04:17:59 | INFO: Primitives created: 1
04:17:59 | INFO: Extracting primitive: n1627.001
04:17:59 | INFO: Primitives created: 1
04:17:59 | INFO: Extracting primitive: n1629.001
04:17:59 | INFO: Primitives created: 1
04:17:59 | INFO: Extracting primitive: n1631.001
04:17:59 | INFO: Primitives created: 1
04:17:59 | INFO: Extracting primitive: n1633.001
04:17:59 | INFO: Primitives created: 1
04:17:59 | INFO: Extracting primitive: n1635.001
04:17:59 | INFO: Primitives created: 1
04:17:59 | INFO: Extracting primitive: n1637.001
04:17:59 | INFO: Primitives created: 1
04:17:59 | INFO: Extracting primitive: n1639.001
04:17:59 | INFO: Primitives created: 1
04:17:59 | INFO: Extracting primitive: n1641.001
04:17:59 | INFO: Primitives created: 1
04:17:59 | INFO: Extracting primitive: n1643.001
04:17:59 | INFO: Primitives created: 1
04:17:59 | INFO: Extracting primitive: n1645.001
04:17:59 | INFO: Primitives created: 1
04:17:59 | INFO: Extracting primitive: n1647.001
04:17:59 | INFO: Primitives created: 1
04:17:59 | INFO: Extracting primitive: n1649.001
04:17:59 | INFO: Primitives created: 1
04:17:59 | INFO: Extracting primitive: n1651.001
04:17:59 | INFO: Primitives created: 1
04:17:59 | INFO: Extracting primitive: n1653.001
04:17:59 | INFO: Primitives created: 1
04:17:59 | INFO: Extracting primitive: n1655.001
04:17:59 | INFO: Primitives created: 1
04:17:59 | INFO: Extracting primitive: n1657.001
04:17:59 | INFO: Primitives created: 1
04:17:59 | INFO: Extracting primitive: n1659.001
04:17:59 | INFO: Primitives created: 1
04:17:59 | INFO: Extracting primitive: n1661.001
04:17:59 | INFO: Primitives created: 1
04:17:59 | INFO: Extracting primitive: n1662.001
04:17:59 | INFO: Primitives created: 1
04:17:59 | INFO: Extracting primitive: n1663.001
04:17:59 | INFO: Primitives created: 1
04:17:59 | INFO: Extracting primitive: n1664.001
04:17:59 | WARNING: More than one shader node tex image used for a texture. The resulting glTF sampler will behave like the first shader node tex image.
04:17:59 | INFO: Primitives created: 1
04:17:59 | INFO: Extracting primitive: n1665.001
04:17:59 | WARNING: More than one shader node tex image used for a texture. The resulting glTF sampler will behave like the first shader node tex image.
04:17:59 | INFO: Primitives created: 1
04:17:59 | INFO: Extracting primitive: n1666.001
04:17:59 | WARNING: More than one shader node tex image used for a texture. The resulting glTF sampler will behave like the first shader node tex image.
04:17:59 | INFO: Primitives created: 1
04:17:59 | INFO: Extracting primitive: n1667.001
04:17:59 | WARNING: More than one shader node tex image used for a texture. The resulting glTF sampler will behave like the first shader node tex image.
04:17:59 | INFO: Primitives created: 1
04:17:59 | INFO: Extracting primitive: n1668.001
04:17:59 | WARNING: More than one shader node tex image used for a texture. The resulting glTF sampler will behave like the first shader node tex image.
04:17:59 | INFO: Primitives created: 1
04:17:59 | INFO: Extracting primitive: n1669.001
04:17:59 | WARNING: More than one shader node tex image used for a texture. The resulting glTF sampler will behave like the first shader node tex image.
04:17:59 | INFO: Primitives created: 1
04:17:59 | INFO: Extracting primitive: n1670.001
04:17:59 | WARNING: More than one shader node tex image used for a texture. The resulting glTF sampler will behave like the first shader node tex image.
04:17:59 | INFO: Primitives created: 1
04:17:59 | INFO: Extracting primitive: n1671.001
04:17:59 | WARNING: More than one shader node tex image used for a texture. The resulting glTF sampler will behave like the first shader node tex image.
04:17:59 | INFO: Primitives created: 1
04:17:59 | INFO: Extracting primitive: n1672.001
04:17:59 | WARNING: More than one shader node tex image used for a texture. The resulting glTF sampler will behave like the first shader node tex image.
04:17:59 | INFO: Primitives created: 1
04:17:59 | INFO: Extracting primitive: n1673.001
04:17:59 | WARNING: More than one shader node tex image used for a texture. The resulting glTF sampler will behave like the first shader node tex image.
04:17:59 | INFO: Primitives created: 1
04:17:59 | INFO: Extracting primitive: n1674.001
04:17:59 | WARNING: More than one shader node tex image used for a texture. The resulting glTF sampler will behave like the first shader node tex image.
04:17:59 | INFO: Primitives created: 1
04:17:59 | INFO: Extracting primitive: n1675.001
04:17:59 | WARNING: More than one shader node tex image used for a texture. The resulting glTF sampler will behave like the first shader node tex image.
04:17:59 | INFO: Primitives created: 1
04:17:59 | INFO: Extracting primitive: n1676.001
04:17:59 | WARNING: More than one shader node tex image used for a texture. The resulting glTF sampler will behave like the first shader node tex image.
04:17:59 | INFO: Primitives created: 1
04:17:59 | INFO: Extracting primitive: n1677.001
04:17:59 | WARNING: More than one shader node tex image used for a texture. The resulting glTF sampler will behave like the first shader node tex image.
04:17:59 | INFO: Primitives created: 1
04:17:59 | INFO: Extracting primitive: n1678.001
04:17:59 | WARNING: More than one shader node tex image used for a texture. The resulting glTF sampler will behave like the first shader node tex image.
04:17:59 | INFO: Primitives created: 1
04:17:59 | INFO: Extracting primitive: n1679.001
04:17:59 | WARNING: More than one shader node tex image used for a texture. The resulting glTF sampler will behave like the first shader node tex image.
04:17:59 | INFO: Primitives created: 1
04:17:59 | INFO: Extracting primitive: n1680.001
04:17:59 | WARNING: More than one shader node tex image used for a texture. The resulting glTF sampler will behave like the first shader node tex image.
04:17:59 | INFO: Primitives created: 1
04:17:59 | INFO: Extracting primitive: n1681.001
04:17:59 | WARNING: More than one shader node tex image used for a texture. The resulting glTF sampler will behave like the first shader node tex image.
04:17:59 | INFO: Primitives created: 1
04:17:59 | INFO: Extracting primitive: n1682.001
04:17:59 | WARNING: More than one shader node tex image used for a texture. The resulting glTF sampler will behave like the first shader node tex image.
04:17:59 | INFO: Primitives created: 1
04:17:59 | INFO: Extracting primitive: n1683.001
04:17:59 | WARNING: More than one shader node tex image used for a texture. The resulting glTF sampler will behave like the first shader node tex image.
04:17:59 | INFO: Primitives created: 1
04:17:59 | INFO: Extracting primitive: n1684.001
04:17:59 | WARNING: More than one shader node tex image used for a texture. The resulting glTF sampler will behave like the first shader node tex image.
04:17:59 | INFO: Primitives created: 1
04:17:59 | INFO: Extracting primitive: n1685.001
04:17:59 | WARNING: More than one shader node tex image used for a texture. The resulting glTF sampler will behave like the first shader node tex image.
04:17:59 | INFO: Primitives created: 1
04:17:59 | INFO: Extracting primitive: n1686.001
04:17:59 | WARNING: More than one shader node tex image used for a texture. The resulting glTF sampler will behave like the first shader node tex image.
04:17:59 | INFO: Primitives created: 1
04:17:59 | INFO: Extracting primitive: n1687.001
04:17:59 | WARNING: More than one shader node tex image used for a texture. The resulting glTF sampler will behave like the first shader node tex image.
04:17:59 | INFO: Primitives created: 1
04:17:59 | INFO: Extracting primitive: n1688.001
04:17:59 | WARNING: More than one shader node tex image used for a texture. The resulting glTF sampler will behave like the first shader node tex image.
04:17:59 | INFO: Primitives created: 1
04:17:59 | INFO: Extracting primitive: n1689.001
04:17:59 | WARNING: More than one shader node tex image used for a texture. The resulting glTF sampler will behave like the first shader node tex image.
04:17:59 | INFO: Primitives created: 1
04:17:59 | INFO: Extracting primitive: n1690.001
04:17:59 | WARNING: More than one shader node tex image used for a texture. The resulting glTF sampler will behave like the first shader node tex image.
04:17:59 | INFO: Primitives created: 1
04:17:59 | INFO: Extracting primitive: n1691.001
04:17:59 | WARNING: More than one shader node tex image used for a texture. The resulting glTF sampler will behave like the first shader node tex image.
04:17:59 | INFO: Primitives created: 1
04:17:59 | INFO: Extracting primitive: n1692.001
04:17:59 | WARNING: More than one shader node tex image used for a texture. The resulting glTF sampler will behave like the first shader node tex image.
04:17:59 | INFO: Primitives created: 1
04:17:59 | INFO: Extracting primitive: n1693.001
04:17:59 | WARNING: More than one shader node tex image used for a texture. The resulting glTF sampler will behave like the first shader node tex image.
04:17:59 | INFO: Primitives created: 1
04:17:59 | INFO: Extracting primitive: n1694.001
04:17:59 | WARNING: More than one shader node tex image used for a texture. The resulting glTF sampler will behave like the first shader node tex image.
04:17:59 | INFO: Primitives created: 1
04:17:59 | INFO: Extracting primitive: n1695.001
04:17:59 | WARNING: More than one shader node tex image used for a texture. The resulting glTF sampler will behave like the first shader node tex image.
04:17:59 | INFO: Primitives created: 1
04:17:59 | INFO: Extracting primitive: n1696.001
04:17:59 | WARNING: More than one shader node tex image used for a texture. The resulting glTF sampler will behave like the first shader node tex image.
04:17:59 | INFO: Primitives created: 1
04:17:59 | INFO: Extracting primitive: n1697.001
04:17:59 | WARNING: More than one shader node tex image used for a texture. The resulting glTF sampler will behave like the first shader node tex image.
04:17:59 | INFO: Primitives created: 1
04:17:59 | INFO: Extracting primitive: n1698.001
04:17:59 | WARNING: More than one shader node tex image used for a texture. The resulting glTF sampler will behave like the first shader node tex image.
04:17:59 | INFO: Primitives created: 1
04:17:59 | INFO: Extracting primitive: n1699.001
04:17:59 | WARNING: More than one shader node tex image used for a texture. The resulting glTF sampler will behave like the first shader node tex image.
04:17:59 | INFO: Primitives created: 1
04:17:59 | INFO: Extracting primitive: n1700.001
04:17:59 | WARNING: More than one shader node tex image used for a texture. The resulting glTF sampler will behave like the first shader node tex image.
04:17:59 | INFO: Primitives created: 1
04:17:59 | INFO: Extracting primitive: n1701.001
04:17:59 | WARNING: More than one shader node tex image used for a texture. The resulting glTF sampler will behave like the first shader node tex image.
04:17:59 | INFO: Primitives created: 1
04:17:59 | INFO: Extracting primitive: n1702.001
04:17:59 | WARNING: More than one shader node tex image used for a texture. The resulting glTF sampler will behave like the first shader node tex image.
04:17:59 | INFO: Primitives created: 1
04:17:59 | INFO: Extracting primitive: n1703.001
04:17:59 | WARNING: More than one shader node tex image used for a texture. The resulting glTF sampler will behave like the first shader node tex image.
04:17:59 | INFO: Primitives created: 1
04:17:59 | INFO: Extracting primitive: n1704.001
04:17:59 | WARNING: More than one shader node tex image used for a texture. The resulting glTF sampler will behave like the first shader node tex image.
04:17:59 | INFO: Primitives created: 1
04:17:59 | INFO: Extracting primitive: n1705.001
04:17:59 | WARNING: More than one shader node tex image used for a texture. The resulting glTF sampler will behave like the first shader node tex image.
04:17:59 | INFO: Primitives created: 1
04:17:59 | INFO: Extracting primitive: n1706.001
04:17:59 | WARNING: More than one shader node tex image used for a texture. The resulting glTF sampler will behave like the first shader node tex image.
04:17:59 | INFO: Primitives created: 1
04:17:59 | INFO: Extracting primitive: n1707.001
04:17:59 | WARNING: More than one shader node tex image used for a texture. The resulting glTF sampler will behave like the first shader node tex image.
04:17:59 | INFO: Primitives created: 1
04:17:59 | INFO: Extracting primitive: n1708.001
04:17:59 | WARNING: More than one shader node tex image used for a texture. The resulting glTF sampler will behave like the first shader node tex image.
04:17:59 | INFO: Primitives created: 1
04:17:59 | INFO: Extracting primitive: n1709.001
04:17:59 | WARNING: More than one shader node tex image used for a texture. The resulting glTF sampler will behave like the first shader node tex image.
04:17:59 | INFO: Primitives created: 1
04:17:59 | INFO: Extracting primitive: n1710.001
04:17:59 | WARNING: More than one shader node tex image used for a texture. The resulting glTF sampler will behave like the first shader node tex image.
04:17:59 | INFO: Primitives created: 1
04:17:59 | INFO: Extracting primitive: n1711.001
04:17:59 | WARNING: More than one shader node tex image used for a texture. The resulting glTF sampler will behave like the first shader node tex image.
04:17:59 | INFO: Primitives created: 1
04:17:59 | INFO: Extracting primitive: n1712.001
04:17:59 | WARNING: More than one shader node tex image used for a texture. The resulting glTF sampler will behave like the first shader node tex image.
04:17:59 | INFO: Primitives created: 1
04:17:59 | INFO: Extracting primitive: n1713.001
04:17:59 | WARNING: More than one shader node tex image used for a texture. The resulting glTF sampler will behave like the first shader node tex image.
04:17:59 | INFO: Primitives created: 1
04:17:59 | INFO: Extracting primitive: n1714.001
04:17:59 | WARNING: More than one shader node tex image used for a texture. The resulting glTF sampler will behave like the first shader node tex image.
04:17:59 | INFO: Primitives created: 1
04:17:59 | INFO: Extracting primitive: n1715.001
04:17:59 | WARNING: More than one shader node tex image used for a texture. The resulting glTF sampler will behave like the first shader node tex image.
04:17:59 | INFO: Primitives created: 1
04:17:59 | INFO: Extracting primitive: n1959.001
04:17:59 | INFO: Primitives created: 2
04:17:59 | INFO: Extracting primitive: n1961.001
04:17:59 | INFO: Primitives created: 2
04:17:59 | INFO: Extracting primitive: n1963.001
04:17:59 | INFO: Primitives created: 2
04:17:59 | INFO: Extracting primitive: n1965.001
04:17:59 | INFO: Primitives created: 2
04:17:59 | INFO: Extracting primitive: n1968.001
04:17:59 | INFO: Primitives created: 2
04:17:59 | INFO: Extracting primitive: n1970.001
04:17:59 | INFO: Primitives created: 2
04:17:59 | INFO: Extracting primitive: n1972.001
04:17:59 | INFO: Primitives created: 2
04:17:59 | INFO: Extracting primitive: n1975.001
04:17:59 | INFO: Primitives created: 2
04:17:59 | INFO: Extracting primitive: n1977.001
04:17:59 | INFO: Primitives created: 2
04:17:59 | INFO: Extracting primitive: n1979.001
04:17:59 | INFO: Primitives created: 2
04:17:59 | INFO: Extracting primitive: n1981.001
04:17:59 | INFO: Primitives created: 2
04:17:59 | INFO: Extracting primitive: n1984.001
04:17:59 | INFO: Primitives created: 2
04:17:59 | INFO: Extracting primitive: n1986.001
04:17:59 | INFO: Primitives created: 2
04:17:59 | INFO: Extracting primitive: n1988.001
04:17:59 | INFO: Primitives created: 2
04:17:59 | INFO: Extracting primitive: n1990.001
04:17:59 | INFO: Primitives created: 2
04:17:59 | INFO: Extracting primitive: n1992.001
04:17:59 | INFO: Primitives created: 2
04:17:59 | INFO: Extracting primitive: n1994.001
04:17:59 | INFO: Primitives created: 2
04:17:59 | INFO: Extracting primitive: n1997.001
04:17:59 | INFO: Primitives created: 2
04:17:59 | INFO: Extracting primitive: n1999.001
04:17:59 | INFO: Primitives created: 2
04:17:59 | INFO: Extracting primitive: n2001.001
04:17:59 | INFO: Primitives created: 2
04:17:59 | INFO: Extracting primitive: n2003.001
04:17:59 | INFO: Primitives created: 2
04:17:59 | INFO: Extracting primitive: n2005.001
04:17:59 | INFO: Primitives created: 2
04:17:59 | INFO: Extracting primitive: n2008.001
04:17:59 | INFO: Primitives created: 2
04:17:59 | INFO: Extracting primitive: n2010.001
04:17:59 | INFO: Primitives created: 2
04:17:59 | INFO: Extracting primitive: n2012.001
04:17:59 | INFO: Primitives created: 2
04:17:59 | INFO: Extracting primitive: n2015.001
04:17:59 | INFO: Primitives created: 2
04:17:59 | INFO: Extracting primitive: n2017.001
04:17:59 | INFO: Primitives created: 2
04:17:59 | INFO: Extracting primitive: n2019.001
04:17:59 | INFO: Primitives created: 2
04:17:59 | INFO: Extracting primitive: n2021.001
04:17:59 | INFO: Primitives created: 2
04:17:59 | INFO: Extracting primitive: n2023.001
04:17:59 | INFO: Primitives created: 2
04:17:59 | INFO: Extracting primitive: n2026.001
04:17:59 | INFO: Primitives created: 2
04:17:59 | INFO: Extracting primitive: n2028.001
04:17:59 | INFO: Primitives created: 2
04:17:59 | INFO: Extracting primitive: n2030.001
04:17:59 | INFO: Primitives created: 2
04:17:59 | INFO: Extracting primitive: n2032.001
04:17:59 | INFO: Primitives created: 2
04:17:59 | INFO: Extracting primitive: n2034.001
04:17:59 | INFO: Primitives created: 2
04:17:59 | INFO: Extracting primitive: n2036.001
04:17:59 | INFO: Primitives created: 2
04:17:59 | INFO: Extracting primitive: n2039.001
04:17:59 | INFO: Primitives created: 2
04:17:59 | INFO: Extracting primitive: n2041.001
04:17:59 | INFO: Primitives created: 2
04:17:59 | INFO: Extracting primitive: n2043.001
04:17:59 | INFO: Primitives created: 2
04:17:59 | INFO: Extracting primitive: n2045.001
04:17:59 | INFO: Primitives created: 2
04:17:59 | INFO: Extracting primitive: n2047.001
04:17:59 | INFO: Primitives created: 2
04:17:59 | INFO: Extracting primitive: n2049.001
04:17:59 | INFO: Primitives created: 2
04:17:59 | INFO: Extracting primitive: n2052.001
04:17:59 | INFO: Primitives created: 2
04:17:59 | INFO: Extracting primitive: n2054.001
04:17:59 | INFO: Primitives created: 2
04:17:59 | INFO: Extracting primitive: n2056.001
04:17:59 | INFO: Primitives created: 2
04:17:59 | INFO: Extracting primitive: n2058.001
04:17:59 | INFO: Primitives created: 2
04:17:59 | INFO: Extracting primitive: n2061.001
04:17:59 | INFO: Primitives created: 2
04:17:59 | INFO: Extracting primitive: n2063.001
04:17:59 | INFO: Primitives created: 2
04:17:59 | INFO: Extracting primitive: n2065.001
04:17:59 | INFO: Primitives created: 2
04:17:59 | INFO: Extracting primitive: n2067.001
04:17:59 | INFO: Primitives created: 2
04:17:59 | INFO: Extracting primitive: n2070.001
04:17:59 | INFO: Primitives created: 2
04:17:59 | INFO: Extracting primitive: n2072.001
04:17:59 | INFO: Primitives created: 2
04:17:59 | INFO: Extracting primitive: n2074.001
04:17:59 | INFO: Primitives created: 2
04:17:59 | INFO: Extracting primitive: n2076.001
04:17:59 | INFO: Primitives created: 2
04:17:59 | INFO: Extracting primitive: n2078.001
04:17:59 | INFO: Primitives created: 2
04:17:59 | INFO: Extracting primitive: n2081.001
04:17:59 | INFO: Primitives created: 2
04:17:59 | INFO: Extracting primitive: n2083.001
04:17:59 | INFO: Primitives created: 2
04:17:59 | INFO: Extracting primitive: n2085.001
04:17:59 | INFO: Primitives created: 2
04:17:59 | INFO: Extracting primitive: n2087.001
04:17:59 | INFO: Primitives created: 2
04:17:59 | INFO: Extracting primitive: n2090.001
04:17:59 | INFO: Primitives created: 2
04:17:59 | INFO: Extracting primitive: n2092.001
04:17:59 | INFO: Primitives created: 2
04:17:59 | INFO: Extracting primitive: n2094.001
04:17:59 | INFO: Primitives created: 2
04:17:59 | INFO: Extracting primitive: n2096.001
04:17:59 | INFO: Primitives created: 2
04:17:59 | INFO: Extracting primitive: n2099.001
04:17:59 | INFO: Primitives created: 2
04:17:59 | INFO: Extracting primitive: n2101.001
04:17:59 | INFO: Primitives created: 2
04:17:59 | INFO: Extracting primitive: n2103.001
04:17:59 | INFO: Primitives created: 2
04:17:59 | INFO: Extracting primitive: n2105.001
04:17:59 | INFO: Primitives created: 2
04:17:59 | INFO: Extracting primitive: n2107.001
04:17:59 | INFO: Primitives created: 2
04:17:59 | INFO: Extracting primitive: n2110.001
04:17:59 | INFO: Primitives created: 2
04:17:59 | INFO: Extracting primitive: n2112.001
04:17:59 | INFO: Primitives created: 2
04:17:59 | INFO: Extracting primitive: n2114.001
04:17:59 | INFO: Primitives created: 2
04:17:59 | INFO: Extracting primitive: n2116.001
04:17:59 | INFO: Primitives created: 2
04:17:59 | INFO: Extracting primitive: n2118.001
04:17:59 | INFO: Primitives created: 2
04:17:59 | INFO: Extracting primitive: n2120.001
04:17:59 | INFO: Primitives created: 2
04:17:59 | INFO: Extracting primitive: n2123.001
04:17:59 | INFO: Primitives created: 2
04:17:59 | INFO: Extracting primitive: n2125.001
04:17:59 | INFO: Primitives created: 2
04:17:59 | INFO: Extracting primitive: n2127.001
04:17:59 | INFO: Primitives created: 2
04:17:59 | INFO: Extracting primitive: n2129.001
04:17:59 | INFO: Primitives created: 2
04:17:59 | INFO: Extracting primitive: n2131.001
04:17:59 | INFO: Primitives created: 2
04:17:59 | INFO: Extracting primitive: n2133.001
04:17:59 | INFO: Primitives created: 2
04:17:59 | INFO: Extracting primitive: n2136.001
04:17:59 | INFO: Primitives created: 2
04:17:59 | INFO: Extracting primitive: n2138.001
04:17:59 | INFO: Primitives created: 2
04:17:59 | INFO: Extracting primitive: n2140.001
04:17:59 | INFO: Primitives created: 2
04:17:59 | INFO: Extracting primitive: n2142.001
04:17:59 | INFO: Primitives created: 2
04:17:59 | INFO: Extracting primitive: n2144.001
04:17:59 | INFO: Primitives created: 2
04:17:59 | INFO: Extracting primitive: n2147.001
04:17:59 | INFO: Primitives created: 2
04:17:59 | INFO: Extracting primitive: n2149.001
04:17:59 | INFO: Primitives created: 2
04:17:59 | INFO: Extracting primitive: n2151.001
04:17:59 | INFO: Primitives created: 2
04:17:59 | INFO: Extracting primitive: n2153.001
04:17:59 | INFO: Primitives created: 2
04:17:59 | INFO: Extracting primitive: n2155.001
04:17:59 | INFO: Primitives created: 2
04:17:59 | INFO: Extracting primitive: n2158.001
04:17:59 | INFO: Primitives created: 2
04:17:59 | INFO: Extracting primitive: n2160.001
04:17:59 | INFO: Primitives created: 2
04:17:59 | INFO: Extracting primitive: n2162.001
04:17:59 | INFO: Primitives created: 2
04:17:59 | INFO: Extracting primitive: n2164.001
04:17:59 | INFO: Primitives created: 2
04:17:59 | INFO: Extracting primitive: n2166.001
04:17:59 | INFO: Primitives created: 2
04:17:59 | INFO: Extracting primitive: n2168.001
04:17:59 | INFO: Primitives created: 2
04:17:59 | INFO: Extracting primitive: n2171.001
04:17:59 | INFO: Primitives created: 2
04:17:59 | INFO: Extracting primitive: n2173.001
04:17:59 | INFO: Primitives created: 2
04:17:59 | INFO: Extracting primitive: n2175.001
04:17:59 | INFO: Primitives created: 2
04:17:59 | INFO: Extracting primitive: n2177.001
04:17:59 | INFO: Primitives created: 2
04:17:59 | INFO: Extracting primitive: n2180.001
04:17:59 | INFO: Primitives created: 2
04:17:59 | INFO: Extracting primitive: n2182.001
04:17:59 | INFO: Primitives created: 2
04:17:59 | INFO: Extracting primitive: n2184.001
04:17:59 | INFO: Primitives created: 2
04:17:59 | INFO: Extracting primitive: n2187.001
04:17:59 | INFO: Primitives created: 2
04:17:59 | INFO: Extracting primitive: n2189.001
04:17:59 | INFO: Primitives created: 2
04:17:59 | INFO: Extracting primitive: n2191.001
04:17:59 | INFO: Primitives created: 2
04:17:59 | INFO: Extracting primitive: n2193.001
04:17:59 | INFO: Primitives created: 2
04:17:59 | INFO: Extracting primitive: n2196.001
04:17:59 | INFO: Primitives created: 2
04:17:59 | INFO: Extracting primitive: n2198.001
04:17:59 | INFO: Primitives created: 2
04:17:59 | INFO: Extracting primitive: n2200.001
04:17:59 | INFO: Primitives created: 2
04:17:59 | INFO: Extracting primitive: n2202.001
04:17:59 | INFO: Primitives created: 2
04:17:59 | INFO: Extracting primitive: n2205.001
04:17:59 | INFO: Primitives created: 2
04:17:59 | INFO: Extracting primitive: n2207.001
04:17:59 | INFO: Primitives created: 2
04:17:59 | INFO: Extracting primitive: n2209.001
04:17:59 | INFO: Primitives created: 2
04:17:59 | INFO: Extracting primitive: n2211.001
04:17:59 | INFO: Primitives created: 2
04:17:59 | INFO: Extracting primitive: n2213.001
04:17:59 | INFO: Primitives created: 2
04:17:59 | INFO: Extracting primitive: n2215.001
04:17:59 | INFO: Primitives created: 2
04:17:59 | INFO: Extracting primitive: n2218.001
04:17:59 | INFO: Primitives created: 2
04:17:59 | INFO: Extracting primitive: n2220.001
04:17:59 | INFO: Primitives created: 2
04:17:59 | INFO: Extracting primitive: n2222.001
04:17:59 | INFO: Primitives created: 2
04:17:59 | INFO: Extracting primitive: n2224.001
04:17:59 | INFO: Primitives created: 1
04:17:59 | INFO: Extracting primitive: n2226.001
04:17:59 | INFO: Primitives created: 1
04:17:59 | INFO: Extracting primitive: n2228.001
04:17:59 | INFO: Primitives created: 1
04:17:59 | INFO: Extracting primitive: n2230.001
04:17:59 | INFO: Primitives created: 1
04:17:59 | INFO: Extracting primitive: n2232.001
04:17:59 | INFO: Primitives created: 1
04:17:59 | INFO: Extracting primitive: n2234.001
04:17:59 | INFO: Primitives created: 1
04:17:59 | INFO: Extracting primitive: n2236.001
04:17:59 | INFO: Primitives created: 1
04:17:59 | INFO: Extracting primitive: n2238.001
04:17:59 | INFO: Primitives created: 1
04:17:59 | INFO: Extracting primitive: n2240.001
04:17:59 | INFO: Primitives created: 1
04:17:59 | INFO: Extracting primitive: n2242.001
04:17:59 | INFO: Primitives created: 1
04:17:59 | INFO: Extracting primitive: n2244.001
04:17:59 | INFO: Primitives created: 1
04:17:59 | INFO: Extracting primitive: n2246.001
04:17:59 | INFO: Primitives created: 1
04:17:59 | INFO: Extracting primitive: n2248.001
04:17:59 | INFO: Primitives created: 1
04:17:59 | INFO: Extracting primitive: n2250.001
04:17:59 | INFO: Primitives created: 1
04:17:59 | INFO: Extracting primitive: n2472.001
04:17:59 | WARNING: More than one shader node tex image used for a texture. The resulting glTF sampler will behave like the first shader node tex image.
04:17:59 | INFO: Primitives created: 1
04:17:59 | INFO: Extracting primitive: n2473.001
04:17:59 | WARNING: More than one shader node tex image used for a texture. The resulting glTF sampler will behave like the first shader node tex image.
04:17:59 | INFO: Primitives created: 1
04:17:59 | INFO: Extracting primitive: n2474.001
04:17:59 | WARNING: More than one shader node tex image used for a texture. The resulting glTF sampler will behave like the first shader node tex image.
04:17:59 | INFO: Primitives created: 1
04:17:59 | INFO: Extracting primitive: n2475.001
04:17:59 | WARNING: More than one shader node tex image used for a texture. The resulting glTF sampler will behave like the first shader node tex image.
04:17:59 | INFO: Primitives created: 1
04:17:59 | INFO: Extracting primitive: n2526.001
04:17:59 | INFO: Primitives created: 3
04:17:59 | INFO: Extracting primitive: n2565.001
04:17:59 | INFO: Primitives created: 3
04:17:59 | INFO: Extracting primitive: n2604.001
04:17:59 | INFO: Primitives created: 3
04:17:59 | INFO: Extracting primitive: n2643.001
04:17:59 | INFO: Primitives created: 3
04:17:59 | INFO: Extracting primitive: n2645.001
04:17:59 | INFO: Primitives created: 1
04:17:59 | INFO: Extracting primitive: n2646.001
04:17:59 | INFO: Primitives created: 1
04:17:59 | INFO: Extracting primitive: n2647.001
04:17:59 | INFO: Primitives created: 1
04:17:59 | INFO: Extracting primitive: n2648.001
04:17:59 | INFO: Primitives created: 1
04:17:59 | INFO: Extracting primitive: n2649.001
04:17:59 | INFO: Primitives created: 1
04:17:59 | INFO: Extracting primitive: n2650.001
04:17:59 | INFO: Primitives created: 1
04:17:59 | INFO: Extracting primitive: n2651.001
04:17:59 | INFO: Primitives created: 1
04:17:59 | INFO: Extracting primitive: n2652.001
04:17:59 | INFO: Primitives created: 1
04:17:59 | INFO: Extracting primitive: n2653.001
04:17:59 | INFO: Primitives created: 1
04:17:59 | INFO: Extracting primitive: n2654.001
04:17:59 | INFO: Primitives created: 1
04:17:59 | INFO: Extracting primitive: n2655.001
04:17:59 | INFO: Primitives created: 1
04:17:59 | INFO: Extracting primitive: n2656.001
04:17:59 | INFO: Primitives created: 1
04:17:59 | INFO: Extracting primitive: n3384.001
04:17:59 | INFO: Primitives created: 3
04:17:59 | INFO: Extracting primitive: n3386.001
04:17:59 | INFO: Primitives created: 3
04:17:59 | INFO: Extracting primitive: n2327.001
04:17:59 | INFO: Primitives created: 2
04:17:59 | INFO: Extracting primitive: n2329.001
04:17:59 | INFO: Primitives created: 2
04:17:59 | INFO: Extracting primitive: n2331.001
04:17:59 | INFO: Primitives created: 2
04:17:59 | INFO: Extracting primitive: n2333.001
04:17:59 | INFO: Primitives created: 2
04:17:59 | INFO: Extracting primitive: n2335.001
04:17:59 | INFO: Primitives created: 2
04:17:59 | INFO: Extracting primitive: n2337.001
04:17:59 | INFO: Primitives created: 2
04:17:59 | INFO: Extracting primitive: n2339.001
04:17:59 | INFO: Primitives created: 1
04:17:59 | INFO: Extracting primitive: n2341.001
04:17:59 | INFO: Primitives created: 1
04:17:59 | INFO: Extracting primitive: n2343.001
04:17:59 | INFO: Primitives created: 1
04:17:59 | INFO: Extracting primitive: n2345.001
04:17:59 | INFO: Primitives created: 1
04:17:59 | INFO: Extracting primitive: n2347.001
04:17:59 | INFO: Primitives created: 1
04:17:59 | INFO: Extracting primitive: n2349.001
04:17:59 | INFO: Primitives created: 1
04:17:59 | INFO: Extracting primitive: n2351.001
04:17:59 | INFO: Primitives created: 1
04:17:59 | INFO: Extracting primitive: swamp-vine-0.001
04:17:59 | INFO: Primitives created: 1
04:17:59 | INFO: Extracting primitive: swamp-vine-1.001
04:17:59 | INFO: Primitives created: 1
04:17:59 | INFO: Extracting primitive: swamp-vine-2.001
04:17:59 | INFO: Primitives created: 1
04:17:59 | INFO: Extracting primitive: swamp-vine-3.001
04:17:59 | INFO: Primitives created: 1
04:17:59 | INFO: Extracting primitive: swamp-vine-4.001
04:17:59 | INFO: Primitives created: 1
04:17:59 | INFO: Extracting primitive: swamp-vine-5.001
04:17:59 | INFO: Primitives created: 1
04:17:59 | INFO: Extracting primitive: world-tree-trunk.001
04:17:59 | INFO: Primitives created: 3
04:17:59 | INFO: Extracting primitive: n2769.001
04:17:59 | INFO: Primitives created: 2
04:17:59 | INFO: Extracting primitive: n2771.001
04:17:59 | INFO: Primitives created: 1
04:17:59 | INFO: Extracting primitive: n2773.001
04:17:59 | INFO: Primitives created: 1
04:17:59 | INFO: Extracting primitive: n2775.001
04:17:59 | INFO: Primitives created: 2
04:17:59 | INFO: Extracting primitive: n2777.001
04:17:59 | WARNING: More than one shader node tex image used for a texture. The resulting glTF sampler will behave like the first shader node tex image.
04:17:59 | INFO: Primitives created: 1
04:17:59 | INFO: Extracting primitive: n2779.001
04:17:59 | INFO: Primitives created: 2
04:17:59 | INFO: Extracting primitive: n2781.001
04:17:59 | INFO: Primitives created: 1
04:17:59 | INFO: Extracting primitive: n2783.001
04:17:59 | INFO: Primitives created: 1
04:17:59 | INFO: Extracting primitive: n2785.001
04:17:59 | INFO: Primitives created: 2
04:17:59 | INFO: Extracting primitive: n2787.001
04:17:59 | WARNING: More than one shader node tex image used for a texture. The resulting glTF sampler will behave like the first shader node tex image.
04:17:59 | INFO: Primitives created: 1
04:17:59 | INFO: Extracting primitive: n2789.001
04:17:59 | INFO: Primitives created: 2
04:17:59 | INFO: Extracting primitive: n2791.001
04:17:59 | INFO: Primitives created: 1
04:17:59 | INFO: Extracting primitive: n2793.001
04:17:59 | INFO: Primitives created: 1
04:17:59 | INFO: Extracting primitive: n2795.001
04:17:59 | INFO: Primitives created: 2
04:17:59 | INFO: Extracting primitive: n2797.001
04:17:59 | WARNING: More than one shader node tex image used for a texture. The resulting glTF sampler will behave like the first shader node tex image.
04:17:59 | INFO: Primitives created: 1
04:17:59 | INFO: Extracting primitive: n2799.001
04:17:59 | INFO: Primitives created: 2
04:17:59 | INFO: Extracting primitive: n2801.001
04:17:59 | INFO: Primitives created: 1
04:17:59 | INFO: Extracting primitive: n2803.001
04:17:59 | INFO: Primitives created: 1
04:17:59 | INFO: Extracting primitive: n2805.001
04:17:59 | INFO: Primitives created: 2
04:17:59 | INFO: Extracting primitive: n2807.001
04:17:59 | WARNING: More than one shader node tex image used for a texture. The resulting glTF sampler will behave like the first shader node tex image.
04:17:59 | INFO: Primitives created: 1
04:17:59 | INFO: Extracting primitive: n2658.001
04:17:59 | INFO: Primitives created: 1
04:17:59 | INFO: Extracting primitive: n2660.001
04:17:59 | INFO: Primitives created: 1
04:17:59 | INFO: Extracting primitive: n2662.001
04:17:59 | INFO: Primitives created: 1
04:17:59 | INFO: Extracting primitive: n2663.001
04:17:59 | INFO: Primitives created: 1
04:17:59 | INFO: Extracting primitive: n2258.001
04:17:59 | INFO: Primitives created: 2
04:17:59 | INFO: Extracting primitive: n2260.001
04:17:59 | INFO: Primitives created: 2
04:17:59 | INFO: Extracting primitive: n2262.001
04:17:59 | INFO: Primitives created: 1
04:17:59 | INFO: Extracting primitive: n2263.001
04:17:59 | INFO: Primitives created: 1
04:17:59 | INFO: Extracting primitive: n2265.001
04:17:59 | INFO: Primitives created: 2
04:17:59 | INFO: Extracting primitive: n2267.001
04:17:59 | INFO: Primitives created: 2
04:17:59 | INFO: Extracting primitive: n2269.001
04:17:59 | INFO: Primitives created: 1
04:17:59 | INFO: Extracting primitive: n2270.001
04:17:59 | INFO: Primitives created: 1
04:17:59 | INFO: Extracting primitive: n2271.001
04:17:59 | INFO: Primitives created: 1
04:17:59 | INFO: Extracting primitive: n2273.001
04:17:59 | INFO: Primitives created: 2
04:17:59 | INFO: Extracting primitive: n2275.001
04:17:59 | INFO: Primitives created: 2
04:17:59 | INFO: Extracting primitive: n2277.001
04:17:59 | INFO: Primitives created: 1
04:17:59 | INFO: Extracting primitive: n2278.001
04:17:59 | INFO: Primitives created: 1
04:17:59 | INFO: Extracting primitive: n2280.001
04:17:59 | INFO: Primitives created: 2
04:17:59 | INFO: Extracting primitive: n2282.001
04:17:59 | INFO: Primitives created: 2
04:17:59 | INFO: Extracting primitive: n2284.001
04:17:59 | INFO: Primitives created: 1
04:17:59 | INFO: Extracting primitive: n2285.001
04:17:59 | INFO: Primitives created: 1
04:17:59 | INFO: Extracting primitive: n2286.001
04:17:59 | INFO: Primitives created: 1
04:17:59 | INFO: Extracting primitive: n2288.001
04:17:59 | INFO: Primitives created: 2
04:17:59 | INFO: Extracting primitive: n2290.001
04:17:59 | INFO: Primitives created: 2
04:17:59 | INFO: Extracting primitive: n2292.001
04:17:59 | INFO: Primitives created: 1
04:17:59 | INFO: Extracting primitive: n2293.001
04:17:59 | INFO: Primitives created: 1
04:17:59 | INFO: Extracting primitive: n2295.001
04:17:59 | INFO: Primitives created: 2
04:17:59 | INFO: Extracting primitive: n2297.001
04:17:59 | INFO: Primitives created: 2
04:17:59 | INFO: Extracting primitive: n2299.001
04:17:59 | INFO: Primitives created: 1
04:17:59 | INFO: Extracting primitive: n2300.001
04:17:59 | INFO: Primitives created: 1
04:17:59 | INFO: Extracting primitive: n2301.001
04:17:59 | INFO: Primitives created: 1
04:17:59 | INFO: Extracting primitive: n2303.001
04:17:59 | INFO: Primitives created: 2
04:17:59 | INFO: Extracting primitive: n2305.001
04:17:59 | INFO: Primitives created: 2
04:17:59 | INFO: Extracting primitive: n2307.001
04:17:59 | INFO: Primitives created: 1
04:17:59 | INFO: Extracting primitive: n2308.001
04:17:59 | INFO: Primitives created: 1
04:17:59 | INFO: Extracting primitive: n2310.001
04:17:59 | INFO: Primitives created: 2
04:17:59 | INFO: Extracting primitive: n2312.001
04:17:59 | INFO: Primitives created: 2
04:17:59 | INFO: Extracting primitive: n2314.001
04:17:59 | INFO: Primitives created: 1
04:17:59 | INFO: Extracting primitive: n2315.001
04:17:59 | INFO: Primitives created: 1
04:17:59 | INFO: Extracting primitive: n2316.001
04:17:59 | INFO: Primitives created: 1
04:17:59 | INFO: Extracting primitive: n2318.001
04:17:59 | INFO: Primitives created: 2
04:17:59 | INFO: Extracting primitive: n2320.001
04:17:59 | INFO: Primitives created: 2
04:17:59 | INFO: Extracting primitive: n2322.001
04:17:59 | INFO: Primitives created: 1
04:17:59 | INFO: Extracting primitive: n2323.001
04:17:59 | INFO: Primitives created: 1
04:17:59 | INFO: Extracting primitive: n1393.001
04:17:59 | INFO: Primitives created: 1
04:17:59 | INFO: Extracting primitive: n1395.001
04:17:59 | INFO: Primitives created: 1
04:17:59 | INFO: Extracting primitive: n1397.001
04:17:59 | INFO: Primitives created: 1
04:17:59 | INFO: Extracting primitive: n1399.001
04:17:59 | INFO: Primitives created: 1
04:17:59 | INFO: Extracting primitive: n1401.001
04:17:59 | INFO: Primitives created: 1
04:17:59 | INFO: Extracting primitive: n1403.001
04:17:59 | INFO: Primitives created: 1
04:17:59 | INFO: Extracting primitive: n1405.001
04:17:59 | INFO: Primitives created: 1
04:17:59 | INFO: Extracting primitive: n1407.001
04:17:59 | INFO: Primitives created: 1
04:17:59 | INFO: Extracting primitive: n1408.001
04:17:59 | WARNING: More than one shader node tex image used for a texture. The resulting glTF sampler will behave like the first shader node tex image.
04:17:59 | INFO: Primitives created: 1
04:17:59 | INFO: Extracting primitive: n1410.001
04:17:59 | INFO: Primitives created: 1
04:17:59 | INFO: Extracting primitive: n1412.001
04:17:59 | INFO: Primitives created: 1
04:17:59 | INFO: Extracting primitive: n1414.001
04:17:59 | INFO: Primitives created: 1
04:17:59 | INFO: Extracting primitive: n1416.001
04:17:59 | INFO: Primitives created: 1
04:17:59 | INFO: Extracting primitive: n1418.001
04:17:59 | INFO: Primitives created: 1
04:17:59 | INFO: Extracting primitive: n1420.001
04:17:59 | INFO: Primitives created: 1
04:17:59 | INFO: Extracting primitive: n1422.001
04:17:59 | INFO: Primitives created: 1
04:17:59 | INFO: Extracting primitive: n1424.001
04:17:59 | INFO: Primitives created: 1
04:17:59 | INFO: Extracting primitive: n1425.001
04:17:59 | WARNING: More than one shader node tex image used for a texture. The resulting glTF sampler will behave like the first shader node tex image.
04:17:59 | INFO: Primitives created: 1
04:17:59 | INFO: Extracting primitive: n1427.001
04:17:59 | INFO: Primitives created: 1
04:17:59 | INFO: Extracting primitive: n1429.001
04:17:59 | INFO: Primitives created: 1
04:17:59 | INFO: Extracting primitive: n1431.001
04:17:59 | INFO: Primitives created: 1
04:17:59 | INFO: Extracting primitive: n1433.001
04:17:59 | INFO: Primitives created: 1
04:17:59 | INFO: Extracting primitive: n1435.001
04:17:59 | INFO: Primitives created: 1
04:17:59 | INFO: Extracting primitive: n1437.001
04:17:59 | INFO: Primitives created: 1
04:17:59 | INFO: Extracting primitive: n1439.001
04:17:59 | INFO: Primitives created: 1
04:17:59 | INFO: Extracting primitive: n1441.001
04:17:59 | INFO: Primitives created: 1
04:17:59 | INFO: Extracting primitive: n1442.001
04:17:59 | WARNING: More than one shader node tex image used for a texture. The resulting glTF sampler will behave like the first shader node tex image.
04:17:59 | INFO: Primitives created: 1
04:17:59 | INFO: Extracting primitive: n1444.001
04:17:59 | INFO: Primitives created: 1
04:17:59 | INFO: Extracting primitive: n1446.001
04:17:59 | INFO: Primitives created: 1
04:17:59 | INFO: Extracting primitive: n1448.001
04:17:59 | INFO: Primitives created: 1
04:17:59 | INFO: Extracting primitive: n1450.001
04:17:59 | INFO: Primitives created: 1
04:17:59 | INFO: Extracting primitive: n1452.001
04:17:59 | INFO: Primitives created: 1
04:17:59 | INFO: Extracting primitive: n1454.001
04:17:59 | INFO: Primitives created: 1
04:17:59 | INFO: Extracting primitive: n1456.001
04:17:59 | INFO: Primitives created: 1
04:17:59 | INFO: Extracting primitive: n1458.001
04:17:59 | INFO: Primitives created: 1
04:17:59 | INFO: Extracting primitive: n1459.001
04:17:59 | WARNING: More than one shader node tex image used for a texture. The resulting glTF sampler will behave like the first shader node tex image.
04:17:59 | INFO: Primitives created: 1
04:17:59 | INFO: Extracting primitive: n1461.001
04:17:59 | INFO: Primitives created: 1
04:17:59 | INFO: Extracting primitive: n1463.001
04:17:59 | INFO: Primitives created: 1
04:17:59 | INFO: Extracting primitive: n1465.001
04:17:59 | INFO: Primitives created: 1
04:17:59 | INFO: Extracting primitive: n1467.001
04:17:59 | INFO: Primitives created: 1
04:17:59 | INFO: Extracting primitive: n1469.001
04:17:59 | INFO: Primitives created: 1
04:17:59 | INFO: Extracting primitive: n1471.001
04:17:59 | INFO: Primitives created: 1
04:17:59 | INFO: Extracting primitive: n1473.001
04:17:59 | INFO: Primitives created: 1
04:17:59 | INFO: Extracting primitive: n1475.001
04:17:59 | INFO: Primitives created: 1
04:17:59 | INFO: Extracting primitive: n1476.001
04:17:59 | WARNING: More than one shader node tex image used for a texture. The resulting glTF sampler will behave like the first shader node tex image.
04:17:59 | INFO: Primitives created: 1
04:17:59 | INFO: Extracting primitive: n1717.001
04:17:59 | INFO: Primitives created: 3
04:17:59 | INFO: Extracting primitive: n1719.001
04:17:59 | INFO: Primitives created: 1
04:17:59 | INFO: Extracting primitive: n1721.001
04:17:59 | INFO: Primitives created: 1
04:17:59 | INFO: Extracting primitive: n1723.001
04:17:59 | INFO: Primitives created: 1
04:17:59 | INFO: Extracting primitive: n1725.001
04:17:59 | INFO: Primitives created: 1
04:17:59 | INFO: Extracting primitive: n1727.001
04:17:59 | INFO: Primitives created: 1
04:17:59 | INFO: Extracting primitive: n1729.001
04:17:59 | INFO: Primitives created: 1
04:17:59 | INFO: Extracting primitive: n1730.001
04:17:59 | WARNING: More than one shader node tex image used for a texture. The resulting glTF sampler will behave like the first shader node tex image.
04:17:59 | INFO: Primitives created: 1
04:17:59 | INFO: Extracting primitive: n1732.001
04:17:59 | INFO: Primitives created: 3
04:17:59 | INFO: Extracting primitive: n1734.001
04:17:59 | INFO: Primitives created: 1
04:17:59 | INFO: Extracting primitive: n1736.001
04:17:59 | INFO: Primitives created: 1
04:17:59 | INFO: Extracting primitive: n1738.001
04:17:59 | INFO: Primitives created: 1
04:17:59 | INFO: Extracting primitive: n1740.001
04:17:59 | INFO: Primitives created: 1
04:17:59 | INFO: Extracting primitive: n1742.001
04:17:59 | INFO: Primitives created: 1
04:17:59 | INFO: Extracting primitive: n1744.001
04:17:59 | INFO: Primitives created: 1
04:17:59 | INFO: Extracting primitive: n1745.001
04:17:59 | WARNING: More than one shader node tex image used for a texture. The resulting glTF sampler will behave like the first shader node tex image.
04:17:59 | INFO: Primitives created: 1
04:17:59 | INFO: Extracting primitive: n1747.001
04:17:59 | INFO: Primitives created: 3
04:17:59 | INFO: Extracting primitive: n1749.001
04:17:59 | INFO: Primitives created: 1
04:17:59 | INFO: Extracting primitive: n1751.001
04:17:59 | INFO: Primitives created: 1
04:17:59 | INFO: Extracting primitive: n1753.001
04:17:59 | INFO: Primitives created: 1
04:17:59 | INFO: Extracting primitive: n1755.001
04:17:59 | INFO: Primitives created: 1
04:17:59 | INFO: Extracting primitive: n1757.001
04:17:59 | INFO: Primitives created: 1
04:17:59 | INFO: Extracting primitive: n1759.001
04:17:59 | INFO: Primitives created: 1
04:17:59 | INFO: Extracting primitive: n1760.001
04:17:59 | WARNING: More than one shader node tex image used for a texture. The resulting glTF sampler will behave like the first shader node tex image.
04:17:59 | INFO: Primitives created: 1
04:17:59 | INFO: Extracting primitive: n1762.001
04:17:59 | INFO: Primitives created: 3
04:17:59 | INFO: Extracting primitive: n1764.001
04:17:59 | INFO: Primitives created: 1
04:17:59 | INFO: Extracting primitive: n1766.001
04:17:59 | INFO: Primitives created: 1
04:17:59 | INFO: Extracting primitive: n1768.001
04:17:59 | INFO: Primitives created: 1
04:17:59 | INFO: Extracting primitive: n1770.001
04:17:59 | INFO: Primitives created: 1
04:17:59 | INFO: Extracting primitive: n1772.001
04:17:59 | INFO: Primitives created: 1
04:17:59 | INFO: Extracting primitive: n1774.001
04:17:59 | INFO: Primitives created: 1
04:17:59 | INFO: Extracting primitive: n1775.001
04:17:59 | WARNING: More than one shader node tex image used for a texture. The resulting glTF sampler will behave like the first shader node tex image.
04:17:59 | INFO: Primitives created: 1
04:17:59 | INFO: Extracting primitive: n1777.001
04:17:59 | INFO: Primitives created: 3
04:17:59 | INFO: Extracting primitive: n1779.001
04:17:59 | INFO: Primitives created: 1
04:17:59 | INFO: Extracting primitive: n1781.001
04:17:59 | INFO: Primitives created: 1
04:17:59 | INFO: Extracting primitive: n1783.001
04:17:59 | INFO: Primitives created: 1
04:17:59 | INFO: Extracting primitive: n1785.001
04:17:59 | INFO: Primitives created: 1
04:17:59 | INFO: Extracting primitive: n1787.001
04:17:59 | INFO: Primitives created: 1
04:17:59 | INFO: Extracting primitive: n1789.001
04:17:59 | INFO: Primitives created: 1
04:17:59 | INFO: Extracting primitive: n1790.001
04:17:59 | WARNING: More than one shader node tex image used for a texture. The resulting glTF sampler will behave like the first shader node tex image.
04:17:59 | INFO: Primitives created: 1
04:17:59 | INFO: Extracting primitive: n1792.001
04:17:59 | INFO: Primitives created: 3
04:17:59 | INFO: Extracting primitive: n1794.001
04:17:59 | INFO: Primitives created: 1
04:17:59 | INFO: Extracting primitive: n1796.001
04:17:59 | INFO: Primitives created: 1
04:17:59 | INFO: Extracting primitive: n1798.001
04:17:59 | INFO: Primitives created: 1
04:17:59 | INFO: Extracting primitive: n1800.001
04:17:59 | INFO: Primitives created: 1
04:17:59 | INFO: Extracting primitive: n1802.001
04:17:59 | INFO: Primitives created: 1
04:17:59 | INFO: Extracting primitive: n1804.001
04:17:59 | INFO: Primitives created: 1
04:17:59 | INFO: Extracting primitive: n1805.001
04:17:59 | WARNING: More than one shader node tex image used for a texture. The resulting glTF sampler will behave like the first shader node tex image.
04:17:59 | INFO: Primitives created: 1
04:17:59 | INFO: Extracting primitive: n1807.001
04:17:59 | INFO: Primitives created: 3
04:17:59 | INFO: Extracting primitive: n1809.001
04:17:59 | INFO: Primitives created: 1
04:17:59 | INFO: Extracting primitive: n1811.001
04:17:59 | INFO: Primitives created: 1
04:17:59 | INFO: Extracting primitive: n1813.001
04:17:59 | INFO: Primitives created: 1
04:17:59 | INFO: Extracting primitive: n1815.001
04:17:59 | INFO: Primitives created: 1
04:17:59 | INFO: Extracting primitive: n1817.001
04:17:59 | INFO: Primitives created: 1
04:17:59 | INFO: Extracting primitive: n1819.001
04:17:59 | INFO: Primitives created: 1
04:17:59 | INFO: Extracting primitive: n1820.001
04:17:59 | WARNING: More than one shader node tex image used for a texture. The resulting glTF sampler will behave like the first shader node tex image.
04:17:59 | INFO: Primitives created: 1
04:17:59 | INFO: Extracting primitive: n1822.001
04:17:59 | INFO: Primitives created: 3
04:17:59 | INFO: Extracting primitive: n1824.001
04:17:59 | INFO: Primitives created: 1
04:17:59 | INFO: Extracting primitive: n1826.001
04:17:59 | INFO: Primitives created: 1
04:17:59 | INFO: Extracting primitive: n1828.001
04:17:59 | INFO: Primitives created: 1
04:17:59 | INFO: Extracting primitive: n1830.001
04:17:59 | INFO: Primitives created: 1
04:17:59 | INFO: Extracting primitive: n1832.001
04:17:59 | INFO: Primitives created: 1
04:17:59 | INFO: Extracting primitive: n1834.001
04:17:59 | INFO: Primitives created: 1
04:17:59 | INFO: Extracting primitive: n1835.001
04:17:59 | WARNING: More than one shader node tex image used for a texture. The resulting glTF sampler will behave like the first shader node tex image.
04:17:59 | INFO: Primitives created: 1
04:17:59 | INFO: Extracting primitive: n1837.001
04:17:59 | INFO: Primitives created: 3
04:17:59 | INFO: Extracting primitive: n1839.001
04:17:59 | INFO: Primitives created: 1
04:17:59 | INFO: Extracting primitive: n1841.001
04:17:59 | INFO: Primitives created: 1
04:17:59 | INFO: Extracting primitive: n1843.001
04:17:59 | INFO: Primitives created: 1
04:17:59 | INFO: Extracting primitive: n1845.001
04:17:59 | INFO: Primitives created: 1
04:17:59 | INFO: Extracting primitive: n1847.001
04:17:59 | INFO: Primitives created: 1
04:17:59 | INFO: Extracting primitive: n1849.001
04:17:59 | INFO: Primitives created: 1
04:17:59 | INFO: Extracting primitive: n1850.001
04:17:59 | WARNING: More than one shader node tex image used for a texture. The resulting glTF sampler will behave like the first shader node tex image.
04:17:59 | INFO: Primitives created: 1
04:17:59 | INFO: Extracting primitive: n1852.001
04:17:59 | INFO: Primitives created: 3
04:17:59 | INFO: Extracting primitive: n1854.001
04:17:59 | INFO: Primitives created: 1
04:17:59 | INFO: Extracting primitive: n1856.001
04:17:59 | INFO: Primitives created: 1
04:17:59 | INFO: Extracting primitive: n1858.001
04:17:59 | INFO: Primitives created: 1
04:17:59 | INFO: Extracting primitive: n1860.001
04:17:59 | INFO: Primitives created: 1
04:17:59 | INFO: Extracting primitive: n1862.001
04:17:59 | INFO: Primitives created: 1
04:17:59 | INFO: Extracting primitive: n1864.001
04:17:59 | INFO: Primitives created: 1
04:17:59 | INFO: Extracting primitive: n1865.001
04:17:59 | WARNING: More than one shader node tex image used for a texture. The resulting glTF sampler will behave like the first shader node tex image.
04:17:59 | INFO: Primitives created: 1
04:17:59 | INFO: Extracting primitive: n1867.001
04:17:59 | INFO: Primitives created: 3
04:17:59 | INFO: Extracting primitive: n1869.001
04:17:59 | INFO: Primitives created: 1
04:17:59 | INFO: Extracting primitive: n1871.001
04:17:59 | INFO: Primitives created: 1
04:17:59 | INFO: Extracting primitive: n1873.001
04:17:59 | INFO: Primitives created: 1
04:17:59 | INFO: Extracting primitive: n1875.001
04:17:59 | INFO: Primitives created: 1
04:17:59 | INFO: Extracting primitive: n1877.001
04:17:59 | INFO: Primitives created: 1
04:17:59 | INFO: Extracting primitive: n1879.001
04:17:59 | INFO: Primitives created: 1
04:17:59 | INFO: Extracting primitive: n1880.001
04:17:59 | WARNING: More than one shader node tex image used for a texture. The resulting glTF sampler will behave like the first shader node tex image.
04:17:59 | INFO: Primitives created: 1
04:17:59 | INFO: Extracting primitive: n1882.001
04:17:59 | INFO: Primitives created: 3
04:17:59 | INFO: Extracting primitive: n1884.001
04:17:59 | INFO: Primitives created: 1
04:17:59 | INFO: Extracting primitive: n1886.001
04:17:59 | INFO: Primitives created: 1
04:17:59 | INFO: Extracting primitive: n1888.001
04:17:59 | INFO: Primitives created: 1
04:17:59 | INFO: Extracting primitive: n1890.001
04:17:59 | INFO: Primitives created: 1
04:17:59 | INFO: Extracting primitive: n1892.001
04:17:59 | INFO: Primitives created: 1
04:17:59 | INFO: Extracting primitive: n1894.001
04:17:59 | INFO: Primitives created: 1
04:17:59 | INFO: Extracting primitive: n1895.001
04:17:59 | WARNING: More than one shader node tex image used for a texture. The resulting glTF sampler will behave like the first shader node tex image.
04:17:59 | INFO: Primitives created: 1
04:17:59 | INFO: Extracting primitive: n1897.001
04:17:59 | INFO: Primitives created: 3
04:17:59 | INFO: Extracting primitive: n1899.001
04:17:59 | INFO: Primitives created: 1
04:17:59 | INFO: Extracting primitive: n1901.001
04:17:59 | INFO: Primitives created: 1
04:17:59 | INFO: Extracting primitive: n1903.001
04:17:59 | INFO: Primitives created: 1
04:17:59 | INFO: Extracting primitive: n1905.001
04:17:59 | INFO: Primitives created: 1
04:17:59 | INFO: Extracting primitive: n1907.001
04:17:59 | INFO: Primitives created: 1
04:17:59 | INFO: Extracting primitive: n1909.001
04:17:59 | INFO: Primitives created: 1
04:17:59 | INFO: Extracting primitive: n1910.001
04:17:59 | WARNING: More than one shader node tex image used for a texture. The resulting glTF sampler will behave like the first shader node tex image.
04:17:59 | INFO: Primitives created: 1
04:17:59 | INFO: Extracting primitive: n1912.001
04:17:59 | INFO: Primitives created: 3
04:17:59 | INFO: Extracting primitive: n1914.001
04:17:59 | INFO: Primitives created: 1
04:17:59 | INFO: Extracting primitive: n1916.001
04:17:59 | INFO: Primitives created: 1
04:17:59 | INFO: Extracting primitive: n1918.001
04:17:59 | INFO: Primitives created: 1
04:17:59 | INFO: Extracting primitive: n1920.001
04:17:59 | INFO: Primitives created: 1
04:17:59 | INFO: Extracting primitive: n1922.001
04:17:59 | INFO: Primitives created: 1
04:17:59 | INFO: Extracting primitive: n1924.001
04:17:59 | INFO: Primitives created: 1
04:17:59 | INFO: Extracting primitive: n1925.001
04:17:59 | WARNING: More than one shader node tex image used for a texture. The resulting glTF sampler will behave like the first shader node tex image.
04:17:59 | INFO: Primitives created: 1
04:17:59 | INFO: Extracting primitive: n1927.001
04:17:59 | INFO: Primitives created: 3
04:17:59 | INFO: Extracting primitive: n1929.001
04:17:59 | INFO: Primitives created: 1
04:17:59 | INFO: Extracting primitive: n1931.001
04:17:59 | INFO: Primitives created: 1
04:17:59 | INFO: Extracting primitive: n1933.001
04:17:59 | INFO: Primitives created: 1
04:17:59 | INFO: Extracting primitive: n1935.001
04:17:59 | INFO: Primitives created: 1
04:17:59 | INFO: Extracting primitive: n1937.001
04:17:59 | INFO: Primitives created: 1
04:17:59 | INFO: Extracting primitive: n1939.001
04:17:59 | INFO: Primitives created: 1
04:17:59 | INFO: Extracting primitive: n1940.001
04:17:59 | WARNING: More than one shader node tex image used for a texture. The resulting glTF sampler will behave like the first shader node tex image.
04:17:59 | INFO: Primitives created: 1
04:17:59 | INFO: Extracting primitive: n1942.001
04:17:59 | INFO: Primitives created: 3
04:17:59 | INFO: Extracting primitive: n1944.001
04:17:59 | INFO: Primitives created: 1
04:17:59 | INFO: Extracting primitive: n1946.001
04:17:59 | INFO: Primitives created: 1
04:17:59 | INFO: Extracting primitive: n1948.001
04:17:59 | INFO: Primitives created: 1
04:17:59 | INFO: Extracting primitive: n1950.001
04:17:59 | INFO: Primitives created: 1
04:17:59 | INFO: Extracting primitive: n1952.001
04:17:59 | INFO: Primitives created: 1
04:17:59 | INFO: Extracting primitive: n1954.001
04:17:59 | INFO: Primitives created: 1
04:17:59 | INFO: Extracting primitive: n1955.001
04:17:59 | WARNING: More than one shader node tex image used for a texture. The resulting glTF sampler will behave like the first shader node tex image.
04:17:59 | INFO: Primitives created: 1
04:17:59 | INFO: Extracting primitive: n2894.001
04:17:59 | INFO: Primitives created: 1
04:17:59 | INFO: Extracting primitive: n2896.001
04:17:59 | INFO: Primitives created: 1
04:17:59 | INFO: Extracting primitive: n2898.001
04:17:59 | INFO: Primitives created: 2
04:17:59 | INFO: Extracting primitive: n2900.001
04:17:59 | INFO: Primitives created: 2
04:17:59 | INFO: Extracting primitive: n2902.001
04:17:59 | INFO: Primitives created: 2
04:17:59 | INFO: Extracting primitive: n2904.001
04:17:59 | INFO: Primitives created: 2
04:17:59 | INFO: Extracting primitive: n2906.001
04:17:59 | INFO: Primitives created: 2
04:17:59 | INFO: Extracting primitive: n2908.001
04:17:59 | WARNING: More than one shader node tex image used for a texture. The resulting glTF sampler will behave like the first shader node tex image.
04:17:59 | INFO: Primitives created: 1
04:17:59 | INFO: Extracting primitive: n2910.001
04:17:59 | INFO: Primitives created: 1
04:17:59 | INFO: Extracting primitive: n2912.001
04:17:59 | INFO: Primitives created: 1
04:17:59 | INFO: Extracting primitive: n2914.001
04:17:59 | INFO: Primitives created: 2
04:17:59 | INFO: Extracting primitive: n2916.001
04:17:59 | INFO: Primitives created: 2
04:17:59 | INFO: Extracting primitive: n2918.001
04:17:59 | INFO: Primitives created: 2
04:17:59 | INFO: Extracting primitive: n2920.001
04:17:59 | INFO: Primitives created: 2
04:17:59 | INFO: Extracting primitive: n2922.001
04:17:59 | INFO: Primitives created: 2
04:17:59 | INFO: Extracting primitive: n2924.001
04:17:59 | WARNING: More than one shader node tex image used for a texture. The resulting glTF sampler will behave like the first shader node tex image.
04:17:59 | INFO: Primitives created: 1
04:17:59 | INFO: Extracting primitive: n2926.001
04:17:59 | INFO: Primitives created: 1
04:17:59 | INFO: Extracting primitive: n2928.001
04:17:59 | INFO: Primitives created: 1
04:17:59 | INFO: Extracting primitive: n2930.001
04:17:59 | INFO: Primitives created: 2
04:17:59 | INFO: Extracting primitive: n2932.001
04:17:59 | INFO: Primitives created: 2
04:17:59 | INFO: Extracting primitive: n2934.001
04:17:59 | INFO: Primitives created: 2
04:17:59 | INFO: Extracting primitive: n2936.001
04:17:59 | INFO: Primitives created: 2
04:17:59 | INFO: Extracting primitive: n2938.001
04:17:59 | INFO: Primitives created: 2
04:17:59 | INFO: Extracting primitive: n2940.001
04:17:59 | WARNING: More than one shader node tex image used for a texture. The resulting glTF sampler will behave like the first shader node tex image.
04:17:59 | INFO: Primitives created: 1
04:17:59 | INFO: Extracting primitive: n2942.001
04:17:59 | INFO: Primitives created: 1
04:17:59 | INFO: Extracting primitive: n2943.001
04:17:59 | INFO: Primitives created: 1
04:17:59 | INFO: Extracting primitive: n2945.001
04:17:59 | WARNING: More than one shader node tex image used for a texture. The resulting glTF sampler will behave like the first shader node tex image.
04:17:59 | INFO: Primitives created: 1
04:17:59 | INFO: Extracting primitive: n2947.001
04:17:59 | INFO: Primitives created: 1
04:17:59 | INFO: Extracting primitive: n2948.001
04:17:59 | INFO: Primitives created: 1
04:17:59 | INFO: Extracting primitive: n2950.001
04:17:59 | WARNING: More than one shader node tex image used for a texture. The resulting glTF sampler will behave like the first shader node tex image.
04:17:59 | INFO: Primitives created: 1
04:17:59 | INFO: Extracting primitive: n2952.001
04:17:59 | INFO: Primitives created: 1
04:17:59 | INFO: Extracting primitive: n2953.001
04:17:59 | INFO: Primitives created: 1
04:17:59 | INFO: Extracting primitive: n2955.001
04:17:59 | WARNING: More than one shader node tex image used for a texture. The resulting glTF sampler will behave like the first shader node tex image.
04:17:59 | INFO: Primitives created: 1
04:17:59 | INFO: Extracting primitive: swamp-lake-floor.001
04:17:59 | INFO: Primitives created: 3
04:17:59 | INFO: Extracting primitive: n2809.001
04:17:59 | INFO: Primitives created: 1
04:17:59 | INFO: Extracting primitive: n2811.001
04:17:59 | INFO: Primitives created: 1
04:17:59 | INFO: Extracting primitive: n2813.001
04:17:59 | INFO: Primitives created: 1
04:17:59 | INFO: Extracting primitive: n2815.001
04:17:59 | INFO: Primitives created: 1
04:17:59 | INFO: Extracting primitive: n2817.001
04:17:59 | INFO: Primitives created: 1
04:17:59 | INFO: Extracting primitive: n2819.001
04:17:59 | INFO: Primitives created: 3
04:17:59 | INFO: Extracting primitive: n2821.001
04:17:59 | INFO: Primitives created: 3
04:17:59 | INFO: Extracting primitive: n2823.001
04:17:59 | INFO: Primitives created: 3
04:17:59 | INFO: Extracting primitive: n2825.001
04:17:59 | INFO: Primitives created: 3
04:17:59 | INFO: Extracting primitive: n2827.001
04:17:59 | INFO: Primitives created: 1
04:17:59 | INFO: Extracting primitive: n2830.001
04:17:59 | INFO: Primitives created: 1
04:17:59 | INFO: Extracting primitive: n2832.001
04:17:59 | INFO: Primitives created: 1
04:17:59 | INFO: Extracting primitive: n2834.001
04:17:59 | INFO: Primitives created: 1
04:17:59 | INFO: Extracting primitive: n2836.001
04:17:59 | INFO: Primitives created: 1
04:17:59 | INFO: Extracting primitive: n2838.001
04:17:59 | INFO: Primitives created: 1
04:17:59 | INFO: Extracting primitive: n2840.001
04:17:59 | INFO: Primitives created: 3
04:17:59 | INFO: Extracting primitive: n2842.001
04:17:59 | INFO: Primitives created: 3
04:17:59 | INFO: Extracting primitive: n2844.001
04:17:59 | INFO: Primitives created: 3
04:17:59 | INFO: Extracting primitive: n2846.001
04:17:59 | INFO: Primitives created: 3
04:17:59 | INFO: Extracting primitive: n2848.001
04:17:59 | INFO: Primitives created: 1
04:17:59 | INFO: Extracting primitive: n2851.001
04:17:59 | INFO: Primitives created: 1
04:17:59 | INFO: Extracting primitive: n2853.001
04:17:59 | INFO: Primitives created: 1
04:17:59 | INFO: Extracting primitive: n2855.001
04:17:59 | INFO: Primitives created: 1
04:17:59 | INFO: Extracting primitive: n2857.001
04:17:59 | INFO: Primitives created: 1
04:17:59 | INFO: Extracting primitive: n2859.001
04:17:59 | INFO: Primitives created: 1
04:17:59 | INFO: Extracting primitive: n2861.001
04:17:59 | INFO: Primitives created: 3
04:17:59 | INFO: Extracting primitive: n2863.001
04:17:59 | INFO: Primitives created: 3
04:17:59 | INFO: Extracting primitive: n2865.001
04:17:59 | INFO: Primitives created: 3
04:17:59 | INFO: Extracting primitive: n2867.001
04:17:59 | INFO: Primitives created: 3
04:17:59 | INFO: Extracting primitive: n2869.001
04:17:59 | INFO: Primitives created: 1
04:17:59 | INFO: Extracting primitive: n2406.001
04:17:59 | INFO: Primitives created: 1
04:17:59 | INFO: Extracting primitive: n2407.001
04:17:59 | INFO: Primitives created: 3
04:17:59 | INFO: Extracting primitive: n2448.001
04:17:59 | INFO: Primitives created: 3
04:17:59 | INFO: Extracting primitive: n2410.001
04:17:59 | INFO: Primitives created: 2
04:17:59 | INFO: Extracting primitive: n2412.001
04:17:59 | INFO: Primitives created: 1
04:17:59 | INFO: Extracting primitive: n2414.001
04:17:59 | INFO: Primitives created: 1
04:17:59 | INFO: Extracting primitive: n2416.001
04:17:59 | INFO: Primitives created: 1
04:17:59 | INFO: Extracting primitive: n2418.001
04:17:59 | INFO: Primitives created: 1
04:17:59 | INFO: Extracting primitive: n2420.001
04:17:59 | INFO: Primitives created: 1
04:17:59 | INFO: Extracting primitive: n2423.001
04:17:59 | INFO: Primitives created: 2
04:17:59 | INFO: Extracting primitive: n2425.001
04:17:59 | INFO: Primitives created: 1
04:17:59 | INFO: Extracting primitive: n2427.001
04:17:59 | INFO: Primitives created: 1
04:17:59 | INFO: Extracting primitive: n2429.001
04:17:59 | INFO: Primitives created: 1
04:17:59 | INFO: Extracting primitive: n2431.001
04:17:59 | INFO: Primitives created: 1
04:17:59 | INFO: Extracting primitive: n2433.001
04:17:59 | INFO: Primitives created: 1
04:17:59 | INFO: Extracting primitive: n2436.001
04:17:59 | INFO: Primitives created: 2
04:17:59 | INFO: Extracting primitive: n2438.001
04:17:59 | INFO: Primitives created: 1
04:17:59 | INFO: Extracting primitive: n2440.001
04:17:59 | INFO: Primitives created: 1
04:17:59 | INFO: Extracting primitive: n2442.001
04:17:59 | INFO: Primitives created: 1
04:17:59 | INFO: Extracting primitive: n2444.001
04:17:59 | INFO: Primitives created: 1
04:17:59 | INFO: Extracting primitive: n2446.001
04:17:59 | INFO: Primitives created: 1
04:17:59 | INFO: Extracting primitive: n2456.001
04:17:59 | INFO: Primitives created: 2
04:17:59 | INFO: Extracting primitive: n2458.001
04:17:59 | INFO: Primitives created: 1
04:17:59 | INFO: Extracting primitive: n2460.001
04:17:59 | INFO: Primitives created: 1
04:17:59 | INFO: Extracting primitive: n2462.001
04:17:59 | INFO: Primitives created: 1
04:17:59 | INFO: Extracting primitive: n2464.001
04:17:59 | INFO: Primitives created: 1
04:17:59 | INFO: Extracting primitive: n2466.001
04:17:59 | INFO: Primitives created: 1
04:17:59 | INFO: Extracting primitive: n2468.001
04:17:59 | INFO: Primitives created: 3
04:17:59 | INFO: Extracting primitive: n2470.001
04:17:59 | INFO: Primitives created: 3
04:17:59 | INFO: Extracting primitive: n2451.001
04:17:59 | INFO: Primitives created: 2
04:17:59 | INFO: Extracting primitive: n2453.001
04:17:59 | INFO: Primitives created: 1
04:17:59 | INFO: Extracting primitive: n2454.001
04:17:59 | WARNING: More than one shader node tex image used for a texture. The resulting glTF sampler will behave like the first shader node tex image.
04:17:59 | INFO: Primitives created: 1
04:17:59 | INFO: Extracting primitive: n2490.001
04:17:59 | INFO: Primitives created: 1
04:17:59 | INFO: Extracting primitive: n2491.001
04:17:59 | INFO: Primitives created: 3
04:17:59 | INFO: Extracting primitive: n2519.001
04:17:59 | INFO: Primitives created: 3
04:17:59 | INFO: Extracting primitive: n2494.001
04:17:59 | INFO: Primitives created: 2
04:17:59 | INFO: Extracting primitive: n2496.001
04:17:59 | INFO: Primitives created: 1
04:17:59 | INFO: Extracting primitive: n2498.001
04:17:59 | INFO: Primitives created: 1
04:17:59 | INFO: Extracting primitive: n2500.001
04:17:59 | INFO: Primitives created: 1
04:17:59 | INFO: Extracting primitive: n2502.001
04:17:59 | INFO: Primitives created: 1
04:17:59 | INFO: Extracting primitive: n2504.001
04:17:59 | INFO: Primitives created: 1
04:17:59 | INFO: Extracting primitive: n2507.001
04:17:59 | INFO: Primitives created: 2
04:17:59 | INFO: Extracting primitive: n2509.001
04:17:59 | INFO: Primitives created: 1
04:17:59 | INFO: Extracting primitive: n2511.001
04:17:59 | INFO: Primitives created: 1
04:17:59 | INFO: Extracting primitive: n2513.001
04:17:59 | INFO: Primitives created: 1
04:17:59 | INFO: Extracting primitive: n2515.001
04:17:59 | INFO: Primitives created: 1
04:17:59 | INFO: Extracting primitive: n2517.001
04:17:59 | INFO: Primitives created: 1
04:17:59 | INFO: Extracting primitive: n2522.001
04:17:59 | INFO: Primitives created: 2
04:17:59 | INFO: Extracting primitive: n2524.001
04:17:59 | INFO: Primitives created: 1
04:17:59 | INFO: Extracting primitive: n2525.001
04:17:59 | WARNING: More than one shader node tex image used for a texture. The resulting glTF sampler will behave like the first shader node tex image.
04:17:59 | INFO: Primitives created: 1
04:17:59 | INFO: Extracting primitive: n2529.001
04:17:59 | INFO: Primitives created: 1
04:17:59 | INFO: Extracting primitive: n2530.001
04:17:59 | INFO: Primitives created: 3
04:17:59 | INFO: Extracting primitive: n2558.001
04:17:59 | INFO: Primitives created: 3
04:17:59 | INFO: Extracting primitive: n2533.001
04:17:59 | INFO: Primitives created: 2
04:17:59 | INFO: Extracting primitive: n2535.001
04:17:59 | INFO: Primitives created: 1
04:17:59 | INFO: Extracting primitive: n2537.001
04:17:59 | INFO: Primitives created: 1
04:17:59 | INFO: Extracting primitive: n2539.001
04:17:59 | INFO: Primitives created: 1
04:17:59 | INFO: Extracting primitive: n2541.001
04:17:59 | INFO: Primitives created: 1
04:17:59 | INFO: Extracting primitive: n2543.001
04:17:59 | INFO: Primitives created: 1
04:17:59 | INFO: Extracting primitive: n2546.001
04:17:59 | INFO: Primitives created: 2
04:17:59 | INFO: Extracting primitive: n2548.001
04:17:59 | INFO: Primitives created: 1
04:17:59 | INFO: Extracting primitive: n2550.001
04:17:59 | INFO: Primitives created: 1
04:17:59 | INFO: Extracting primitive: n2552.001
04:17:59 | INFO: Primitives created: 1
04:17:59 | INFO: Extracting primitive: n2554.001
04:17:59 | INFO: Primitives created: 1
04:17:59 | INFO: Extracting primitive: n2556.001
04:17:59 | INFO: Primitives created: 1
04:17:59 | INFO: Extracting primitive: n2561.001
04:17:59 | INFO: Primitives created: 2
04:17:59 | INFO: Extracting primitive: n2563.001
04:17:59 | INFO: Primitives created: 1
04:17:59 | INFO: Extracting primitive: n2564.001
04:17:59 | WARNING: More than one shader node tex image used for a texture. The resulting glTF sampler will behave like the first shader node tex image.
04:17:59 | INFO: Primitives created: 1
04:17:59 | INFO: Extracting primitive: n2568.001
04:17:59 | INFO: Primitives created: 1
04:17:59 | INFO: Extracting primitive: n2569.001
04:17:59 | INFO: Primitives created: 3
04:17:59 | INFO: Extracting primitive: n2597.001
04:17:59 | INFO: Primitives created: 3
04:17:59 | INFO: Extracting primitive: n2572.001
04:17:59 | INFO: Primitives created: 2
04:17:59 | INFO: Extracting primitive: n2574.001
04:17:59 | INFO: Primitives created: 1
04:17:59 | INFO: Extracting primitive: n2576.001
04:17:59 | INFO: Primitives created: 1
04:17:59 | INFO: Extracting primitive: n2578.001
04:17:59 | INFO: Primitives created: 1
04:17:59 | INFO: Extracting primitive: n2580.001
04:17:59 | INFO: Primitives created: 1
04:17:59 | INFO: Extracting primitive: n2582.001
04:17:59 | INFO: Primitives created: 1
04:17:59 | INFO: Extracting primitive: n2585.001
04:17:59 | INFO: Primitives created: 2
04:17:59 | INFO: Extracting primitive: n2587.001
04:17:59 | INFO: Primitives created: 1
04:17:59 | INFO: Extracting primitive: n2589.001
04:17:59 | INFO: Primitives created: 1
04:17:59 | INFO: Extracting primitive: n2591.001
04:17:59 | INFO: Primitives created: 1
04:17:59 | INFO: Extracting primitive: n2593.001
04:17:59 | INFO: Primitives created: 1
04:17:59 | INFO: Extracting primitive: n2595.001
04:17:59 | INFO: Primitives created: 1
04:17:59 | INFO: Extracting primitive: n2600.001
04:17:59 | INFO: Primitives created: 2
04:17:59 | INFO: Extracting primitive: n2602.001
04:17:59 | INFO: Primitives created: 1
04:17:59 | INFO: Extracting primitive: n2603.001
04:17:59 | WARNING: More than one shader node tex image used for a texture. The resulting glTF sampler will behave like the first shader node tex image.
04:17:59 | INFO: Primitives created: 1
04:17:59 | INFO: Extracting primitive: n2607.001
04:17:59 | INFO: Primitives created: 1
04:17:59 | INFO: Extracting primitive: n2608.001
04:17:59 | INFO: Primitives created: 3
04:17:59 | INFO: Extracting primitive: n2636.001
04:17:59 | INFO: Primitives created: 3
04:17:59 | INFO: Extracting primitive: n2611.001
04:17:59 | INFO: Primitives created: 2
04:17:59 | INFO: Extracting primitive: n2613.001
04:17:59 | INFO: Primitives created: 1
04:17:59 | INFO: Extracting primitive: n2615.001
04:17:59 | INFO: Primitives created: 1
04:17:59 | INFO: Extracting primitive: n2617.001
04:17:59 | INFO: Primitives created: 1
04:17:59 | INFO: Extracting primitive: n2619.001
04:17:59 | INFO: Primitives created: 1
04:17:59 | INFO: Extracting primitive: n2621.001
04:17:59 | INFO: Primitives created: 1
04:17:59 | INFO: Extracting primitive: n2624.001
04:17:59 | INFO: Primitives created: 2
04:17:59 | INFO: Extracting primitive: n2626.001
04:17:59 | INFO: Primitives created: 1
04:17:59 | INFO: Extracting primitive: n2628.001
04:17:59 | INFO: Primitives created: 1
04:17:59 | INFO: Extracting primitive: n2630.001
04:17:59 | INFO: Primitives created: 1
04:17:59 | INFO: Extracting primitive: n2632.001
04:17:59 | INFO: Primitives created: 1
04:17:59 | INFO: Extracting primitive: n2634.001
04:17:59 | INFO: Primitives created: 1
04:17:59 | INFO: Extracting primitive: n2639.001
04:17:59 | INFO: Primitives created: 2
04:17:59 | INFO: Extracting primitive: n2641.001
04:17:59 | INFO: Primitives created: 1
04:17:59 | INFO: Extracting primitive: n2642.001
04:17:59 | WARNING: More than one shader node tex image used for a texture. The resulting glTF sampler will behave like the first shader node tex image.
04:17:59 | INFO: Primitives created: 1
04:17:59 | INFO: Extracting primitive: n2711.001
04:17:59 | INFO: Primitives created: 3
04:17:59 | INFO: Extracting primitive: n2713.001
04:17:59 | INFO: Primitives created: 1
04:17:59 | INFO: Extracting primitive: n2715.001
04:17:59 | INFO: Primitives created: 3
04:17:59 | INFO: Extracting primitive: n2717.001
04:17:59 | INFO: Primitives created: 1
04:17:59 | INFO: Extracting primitive: n2720.001
04:17:59 | INFO: Primitives created: 3
04:17:59 | INFO: Extracting primitive: n2722.001
04:17:59 | INFO: Primitives created: 1
04:17:59 | INFO: Extracting primitive: n2725.001
04:17:59 | INFO: Primitives created: 3
04:17:59 | INFO: Extracting primitive: n2727.001
04:17:59 | INFO: Primitives created: 1
04:17:59 | INFO: Extracting primitive: n2729.001
04:17:59 | INFO: Primitives created: 3
04:17:59 | INFO: Extracting primitive: n2731.001
04:17:59 | INFO: Primitives created: 1
04:17:59 | INFO: Extracting primitive: n2734.001
04:17:59 | INFO: Primitives created: 3
04:17:59 | INFO: Extracting primitive: n2736.001
04:17:59 | INFO: Primitives created: 1
04:17:59 | INFO: Extracting primitive: n2738.001
04:17:59 | INFO: Primitives created: 3
04:17:59 | INFO: Extracting primitive: n2740.001
04:17:59 | INFO: Primitives created: 1
04:17:59 | INFO: Extracting primitive: n2743.001
04:17:59 | INFO: Primitives created: 3
04:17:59 | INFO: Extracting primitive: n2745.001
04:17:59 | INFO: Primitives created: 1
04:17:59 | INFO: Extracting primitive: n2477.001
04:17:59 | INFO: Primitives created: 2
04:17:59 | INFO: Extracting primitive: n2479.001
04:17:59 | INFO: Primitives created: 1
04:17:59 | INFO: Extracting primitive: n2481.001
04:17:59 | INFO: Primitives created: 1
04:17:59 | INFO: Extracting primitive: n2483.001
04:17:59 | INFO: Primitives created: 1
04:17:59 | INFO: Extracting primitive: n2485.001
04:17:59 | INFO: Primitives created: 1
04:17:59 | INFO: Extracting primitive: n2487.001
04:17:59 | INFO: Primitives created: 1
04:17:59 | INFO: Extracting primitive: n2748.001
04:17:59 | INFO: Primitives created: 1
04:17:59 | INFO: Extracting primitive: n2750.001
04:17:59 | INFO: Primitives created: 1
04:17:59 | INFO: Extracting primitive: n2752.001
04:17:59 | INFO: Primitives created: 1
04:17:59 | INFO: Extracting primitive: n2753.001
04:17:59 | INFO: Primitives created: 1
04:17:59 | INFO: Extracting primitive: n2755.001
04:17:59 | INFO: Primitives created: 1
04:17:59 | INFO: Extracting primitive: n2757.001
04:17:59 | INFO: Primitives created: 1
04:17:59 | INFO: Extracting primitive: n2759.001
04:17:59 | INFO: Primitives created: 1
04:17:59 | INFO: Extracting primitive: n2760.001
04:17:59 | INFO: Primitives created: 1
04:17:59 | INFO: Extracting primitive: n2762.001
04:17:59 | INFO: Primitives created: 1
04:17:59 | INFO: Extracting primitive: n2764.001
04:17:59 | INFO: Primitives created: 1
04:17:59 | INFO: Extracting primitive: n2766.001
04:17:59 | INFO: Primitives created: 1
04:17:59 | INFO: Extracting primitive: n2767.001
04:17:59 | INFO: Primitives created: 1
04:17:59 | INFO: Extracting primitive: n3374.001
04:17:59 | INFO: Primitives created: 6
04:17:59 | INFO: Extracting primitive: n3376.001
04:17:59 | INFO: Primitives created: 6
04:17:59 | INFO: Extracting primitive: n3378.001
04:17:59 | INFO: Primitives created: 6
04:17:59 | INFO: Extracting primitive: n3380.001
04:17:59 | INFO: Primitives created: 3
04:17:59 | INFO: Extracting primitive: n3382.001
04:17:59 | INFO: Primitives created: 3
04:17:59 | INFO: Extracting primitive: n3844.001
04:17:59 | INFO: Primitives created: 3
04:17:59 | INFO: Extracting primitive: n3846.001
04:17:59 | INFO: Primitives created: 1
04:17:59 | INFO: Extracting primitive: n3848.001
04:17:59 | INFO: Primitives created: 1
04:17:59 | INFO: Extracting primitive: n3850.001
04:17:59 | INFO: Primitives created: 1
04:17:59 | INFO: Extracting primitive: n3852.001
04:17:59 | INFO: Primitives created: 1
04:17:59 | INFO: Extracting primitive: n3854.001
04:17:59 | INFO: Primitives created: 1
04:17:59 | INFO: Extracting primitive: n3856.001
04:17:59 | INFO: Primitives created: 1
04:17:59 | INFO: Extracting primitive: n3858.001
04:17:59 | INFO: Primitives created: 1
04:17:59 | INFO: Extracting primitive: n3860.001
04:17:59 | INFO: Primitives created: 1
04:17:59 | INFO: Extracting primitive: n3863.001
04:17:59 | INFO: Primitives created: 3
04:17:59 | INFO: Extracting primitive: n3865.001
04:17:59 | INFO: Primitives created: 1
04:17:59 | INFO: Extracting primitive: n3867.001
04:17:59 | INFO: Primitives created: 1
04:17:59 | INFO: Extracting primitive: n3869.001
04:17:59 | INFO: Primitives created: 1
04:17:59 | INFO: Extracting primitive: n3871.001
04:17:59 | INFO: Primitives created: 1
04:17:59 | INFO: Extracting primitive: n3873.001
04:17:59 | INFO: Primitives created: 1
04:17:59 | INFO: Extracting primitive: n3875.001
04:17:59 | INFO: Primitives created: 1
04:17:59 | INFO: Extracting primitive: n3877.001
04:17:59 | INFO: Primitives created: 1
04:17:59 | INFO: Extracting primitive: n3879.001
04:17:59 | INFO: Primitives created: 1
04:17:59 | INFO: Extracting primitive: n3882.001
04:17:59 | INFO: Primitives created: 3
04:17:59 | INFO: Extracting primitive: n3884.001
04:17:59 | INFO: Primitives created: 1
04:17:59 | INFO: Extracting primitive: n3886.001
04:17:59 | INFO: Primitives created: 1
04:17:59 | INFO: Extracting primitive: n3888.001
04:17:59 | INFO: Primitives created: 1
04:17:59 | INFO: Extracting primitive: n3890.001
04:17:59 | INFO: Primitives created: 1
04:17:59 | INFO: Extracting primitive: n3892.001
04:17:59 | INFO: Primitives created: 1
04:17:59 | INFO: Extracting primitive: n3894.001
04:17:59 | INFO: Primitives created: 1
04:17:59 | INFO: Extracting primitive: n3896.001
04:17:59 | INFO: Primitives created: 1
04:17:59 | INFO: Extracting primitive: n3898.001
04:17:59 | INFO: Primitives created: 1
04:17:59 | INFO: Extracting primitive: n3901.001
04:17:59 | INFO: Primitives created: 3
04:17:59 | INFO: Extracting primitive: n3903.001
04:17:59 | INFO: Primitives created: 1
04:17:59 | INFO: Extracting primitive: n3905.001
04:17:59 | INFO: Primitives created: 1
04:17:59 | INFO: Extracting primitive: n3907.001
04:17:59 | INFO: Primitives created: 1
04:17:59 | INFO: Extracting primitive: n3909.001
04:17:59 | INFO: Primitives created: 1
04:17:59 | INFO: Extracting primitive: n3911.001
04:17:59 | INFO: Primitives created: 1
04:17:59 | INFO: Extracting primitive: n3913.001
04:17:59 | INFO: Primitives created: 1
04:17:59 | INFO: Extracting primitive: n3915.001
04:17:59 | INFO: Primitives created: 1
04:17:59 | INFO: Extracting primitive: n3829.001
04:17:59 | INFO: Primitives created: 1
04:17:59 | INFO: Extracting primitive: n3831.001
04:17:59 | INFO: Primitives created: 1
04:17:59 | INFO: Extracting primitive: n3834.001
04:17:59 | INFO: Primitives created: 1
04:17:59 | INFO: Extracting primitive: n3836.001
04:17:59 | INFO: Primitives created: 1
04:17:59 | INFO: Extracting primitive: n3839.001
04:17:59 | INFO: Primitives created: 1
04:17:59 | INFO: Extracting primitive: n3841.001
04:17:59 | INFO: Primitives created: 1
04:17:59 | INFO: Extracting primitive: swamp-sinkhole-wall.001
04:17:59 | INFO: Primitives created: 1
04:17:59 | INFO: Extracting primitive: n20.001
04:17:59 | INFO: Primitives created: 3
04:17:59 | INFO: Extracting primitive: n22.001
04:17:59 | INFO: Primitives created: 3
04:17:59 | INFO: Extracting primitive: n24.001
04:17:59 | INFO: Primitives created: 3
04:17:59 | INFO: Extracting primitive: n26.001
04:17:59 | INFO: Primitives created: 3
04:17:59 | INFO: Extracting primitive: n28.001
04:17:59 | INFO: Primitives created: 3
04:17:59 | INFO: Extracting primitive: n30.001
04:17:59 | INFO: Primitives created: 3
04:17:59 | INFO: Extracting primitive: n32.001
04:17:59 | INFO: Primitives created: 6
04:17:59 | INFO: Extracting primitive: n34.001
04:17:59 | INFO: Primitives created: 6
04:17:59 | INFO: Extracting primitive: n36.001
04:17:59 | INFO: Primitives created: 6
04:17:59 | INFO: Extracting primitive: n38.001
04:17:59 | INFO: Primitives created: 6
04:17:59 | INFO: Extracting primitive: n40.001
04:17:59 | INFO: Primitives created: 6
04:17:59 | INFO: Extracting primitive: n42.001
04:17:59 | INFO: Primitives created: 6
04:17:59 | INFO: Extracting primitive: n44.001
04:17:59 | INFO: Primitives created: 3
04:17:59 | INFO: Extracting primitive: n46.001
04:17:59 | INFO: Primitives created: 3
04:17:59 | INFO: Extracting primitive: n48.001
04:17:59 | INFO: Primitives created: 1
04:17:59 | INFO: Extracting primitive: n50.001
04:17:59 | INFO: Primitives created: 1
04:17:59 | INFO: Extracting primitive: n52.001
04:17:59 | INFO: Primitives created: 1
04:17:59 | INFO: Extracting primitive: n54.001
04:17:59 | INFO: Primitives created: 3
04:17:59 | INFO: Extracting primitive: n56.001
04:17:59 | INFO: Primitives created: 1
04:17:59 | INFO: Extracting primitive: n58.001
04:17:59 | INFO: Primitives created: 1
04:17:59 | INFO: Extracting primitive: n60.001
04:17:59 | INFO: Primitives created: 3
04:17:59 | INFO: Extracting primitive: n62.001
04:17:59 | INFO: Primitives created: 3
04:17:59 | INFO: Extracting primitive: n64.001
04:17:59 | INFO: Primitives created: 1
04:17:59 | INFO: Extracting primitive: n66.001
04:17:59 | INFO: Primitives created: 1
04:17:59 | INFO: Extracting primitive: n68.001
04:17:59 | INFO: Primitives created: 3
04:17:59 | INFO: Extracting primitive: n70.001
04:17:59 | INFO: Primitives created: 1
04:17:59 | INFO: Extracting primitive: n72.001
04:17:59 | INFO: Primitives created: 1
04:17:59 | INFO: Extracting primitive: n74.001
04:17:59 | INFO: Primitives created: 3
04:17:59 | INFO: Extracting primitive: n76.001
04:17:59 | INFO: Primitives created: 3
04:17:59 | INFO: Extracting primitive: n78.001
04:17:59 | INFO: Primitives created: 1
04:17:59 | INFO: Extracting primitive: n80.001
04:17:59 | INFO: Primitives created: 1
04:17:59 | INFO: Extracting primitive: n82.001
04:17:59 | INFO: Primitives created: 1
04:17:59 | INFO: Extracting primitive: n84.001
04:17:59 | INFO: Primitives created: 3
04:17:59 | INFO: Extracting primitive: n86.001
04:17:59 | INFO: Primitives created: 1
04:17:59 | INFO: Extracting primitive: n88.001
04:17:59 | INFO: Primitives created: 1
04:17:59 | INFO: Extracting primitive: n90.001
04:17:59 | INFO: Primitives created: 1
04:17:59 | INFO: Extracting primitive: n92.001
04:17:59 | INFO: Primitives created: 3
04:17:59 | INFO: Extracting primitive: n94.001
04:17:59 | INFO: Primitives created: 3
04:17:59 | INFO: Extracting primitive: n96.001
04:17:59 | INFO: Primitives created: 1
04:17:59 | INFO: Extracting primitive: n98.001
04:17:59 | INFO: Primitives created: 1
04:17:59 | INFO: Extracting primitive: n100.001
04:17:59 | INFO: Primitives created: 3
04:17:59 | INFO: Extracting primitive: n102.001
04:17:59 | INFO: Primitives created: 1
04:17:59 | INFO: Extracting primitive: n104.001
04:17:59 | INFO: Primitives created: 1
04:17:59 | INFO: Extracting primitive: n106.001
04:17:59 | INFO: Primitives created: 1
04:17:59 | INFO: Extracting primitive: n108.001
04:17:59 | INFO: Primitives created: 3
04:17:59 | INFO: Extracting primitive: n110.001
04:17:59 | INFO: Primitives created: 3
04:17:59 | INFO: Extracting primitive: n112.001
04:17:59 | INFO: Primitives created: 1
04:17:59 | INFO: Extracting primitive: n114.001
04:17:59 | INFO: Primitives created: 1
04:17:59 | INFO: Extracting primitive: n116.001
04:17:59 | INFO: Primitives created: 1
04:17:59 | INFO: Extracting primitive: n118.001
04:17:59 | INFO: Primitives created: 3
04:17:59 | INFO: Extracting primitive: n120.001
04:17:59 | INFO: Primitives created: 1
04:17:59 | INFO: Extracting primitive: n122.001
04:17:59 | INFO: Primitives created: 1
04:17:59 | INFO: Extracting primitive: n124.001
04:17:59 | INFO: Primitives created: 1
04:17:59 | INFO: Extracting primitive: n126.001
04:17:59 | INFO: Primitives created: 3
04:17:59 | INFO: Extracting primitive: n128.001
04:17:59 | INFO: Primitives created: 3
04:17:59 | INFO: Extracting primitive: n130.001
04:17:59 | INFO: Primitives created: 1
04:17:59 | INFO: Extracting primitive: n132.001
04:17:59 | INFO: Primitives created: 1
04:17:59 | INFO: Extracting primitive: n134.001
04:17:59 | INFO: Primitives created: 3
04:17:59 | INFO: Extracting primitive: n136.001
04:17:59 | INFO: Primitives created: 1
04:17:59 | INFO: Extracting primitive: n138.001
04:17:59 | INFO: Primitives created: 1
04:17:59 | INFO: Extracting primitive: n140.001
04:17:59 | INFO: Primitives created: 1
04:17:59 | INFO: Extracting primitive: n142.001
04:17:59 | INFO: Primitives created: 3
04:17:59 | INFO: Extracting primitive: n144.001
04:17:59 | INFO: Primitives created: 3
04:17:59 | INFO: Extracting primitive: n146.001
04:17:59 | INFO: Primitives created: 1
04:17:59 | INFO: Extracting primitive: n148.001
04:17:59 | INFO: Primitives created: 1
04:17:59 | INFO: Extracting primitive: n150.001
04:17:59 | INFO: Primitives created: 3
04:17:59 | INFO: Extracting primitive: n152.001
04:17:59 | INFO: Primitives created: 1
04:17:59 | INFO: Extracting primitive: n154.001
04:17:59 | INFO: Primitives created: 1
04:17:59 | INFO: Extracting primitive: n156.001
04:17:59 | INFO: Primitives created: 1
04:17:59 | INFO: Extracting primitive: n158.001
04:17:59 | INFO: Primitives created: 3
04:17:59 | INFO: Extracting primitive: n160.001
04:17:59 | INFO: Primitives created: 3
04:17:59 | INFO: Extracting primitive: n162.001
04:17:59 | INFO: Primitives created: 1
04:17:59 | INFO: Extracting primitive: n164.001
04:17:59 | INFO: Primitives created: 1
04:17:59 | INFO: Extracting primitive: n166.001
04:17:59 | INFO: Primitives created: 3
04:17:59 | INFO: Extracting primitive: n168.001
04:17:59 | INFO: Primitives created: 3
04:17:59 | INFO: Extracting primitive: n170.001
04:17:59 | INFO: Primitives created: 1
04:17:59 | INFO: Extracting primitive: n172.001
04:17:59 | INFO: Primitives created: 1
04:17:59 | INFO: Extracting primitive: n174.001
04:17:59 | INFO: Primitives created: 1
04:17:59 | INFO: Extracting primitive: n176.001
04:17:59 | INFO: Primitives created: 3
04:17:59 | INFO: Extracting primitive: n178.001
04:17:59 | INFO: Primitives created: 1
04:17:59 | INFO: Extracting primitive: n180.001
04:17:59 | INFO: Primitives created: 1
04:17:59 | INFO: Extracting primitive: n182.001
04:17:59 | INFO: Primitives created: 1
04:17:59 | INFO: Extracting primitive: n184.001
04:17:59 | INFO: Primitives created: 3
04:17:59 | INFO: Extracting primitive: n186.001
04:17:59 | INFO: Primitives created: 3
04:17:59 | INFO: Extracting primitive: n188.001
04:17:59 | INFO: Primitives created: 1
04:17:59 | INFO: Extracting primitive: n190.001
04:17:59 | INFO: Primitives created: 1
04:17:59 | INFO: Extracting primitive: n192.001
04:17:59 | INFO: Primitives created: 1
04:17:59 | INFO: Extracting primitive: n194.001
04:17:59 | INFO: Primitives created: 3
04:17:59 | INFO: Extracting primitive: n196.001
04:17:59 | INFO: Primitives created: 1
04:17:59 | INFO: Extracting primitive: n198.001
04:17:59 | INFO: Primitives created: 1
04:17:59 | INFO: Extracting primitive: n200.001
04:17:59 | INFO: Primitives created: 3
04:17:59 | INFO: Extracting primitive: n202.001
04:17:59 | INFO: Primitives created: 1
04:17:59 | INFO: Extracting primitive: n204.001
04:17:59 | INFO: Primitives created: 1
04:17:59 | INFO: Extracting primitive: n206.001
04:17:59 | INFO: Primitives created: 1
04:17:59 | INFO: Extracting primitive: n208.001
04:17:59 | INFO: Primitives created: 3
04:17:59 | INFO: Extracting primitive: n210.001
04:17:59 | INFO: Primitives created: 1
04:17:59 | INFO: Extracting primitive: n212.001
04:17:59 | INFO: Primitives created: 1
04:17:59 | INFO: Extracting primitive: n214.001
04:17:59 | INFO: Primitives created: 1
04:17:59 | INFO: Extracting primitive: n216.001
04:17:59 | INFO: Primitives created: 1
04:17:59 | INFO: Extracting primitive: n218.001
04:17:59 | INFO: Primitives created: 1
04:17:59 | INFO: Extracting primitive: n221.001
04:17:59 | INFO: Primitives created: 3
04:17:59 | INFO: Extracting primitive: n223.001
04:17:59 | INFO: Primitives created: 3
04:17:59 | INFO: Extracting primitive: n225.001
04:17:59 | INFO: Primitives created: 3
04:17:59 | INFO: Extracting primitive: n227.001
04:17:59 | INFO: Primitives created: 3
04:17:59 | INFO: Extracting primitive: n229.001
04:17:59 | INFO: Primitives created: 3
04:17:59 | INFO: Extracting primitive: n231.001
04:17:59 | INFO: Primitives created: 3
04:17:59 | INFO: Extracting primitive: n233.001
04:17:59 | INFO: Primitives created: 6
04:17:59 | INFO: Extracting primitive: n235.001
04:17:59 | INFO: Primitives created: 6
04:17:59 | INFO: Extracting primitive: n237.001
04:17:59 | INFO: Primitives created: 6
04:17:59 | INFO: Extracting primitive: n239.001
04:17:59 | INFO: Primitives created: 6
04:17:59 | INFO: Extracting primitive: n241.001
04:17:59 | INFO: Primitives created: 6
04:17:59 | INFO: Extracting primitive: n243.001
04:17:59 | INFO: Primitives created: 6
04:17:59 | INFO: Extracting primitive: n245.001
04:17:59 | INFO: Primitives created: 3
04:17:59 | INFO: Extracting primitive: n247.001
04:17:59 | INFO: Primitives created: 3
04:17:59 | INFO: Extracting primitive: n249.001
04:17:59 | INFO: Primitives created: 1
04:17:59 | INFO: Extracting primitive: n251.001
04:17:59 | INFO: Primitives created: 1
04:17:59 | INFO: Extracting primitive: n253.001
04:17:59 | INFO: Primitives created: 1
04:17:59 | INFO: Extracting primitive: n255.001
04:17:59 | INFO: Primitives created: 3
04:17:59 | INFO: Extracting primitive: n257.001
04:17:59 | INFO: Primitives created: 1
04:17:59 | INFO: Extracting primitive: n259.001
04:17:59 | INFO: Primitives created: 1
04:17:59 | INFO: Extracting primitive: n261.001
04:17:59 | INFO: Primitives created: 1
04:17:59 | INFO: Extracting primitive: n263.001
04:17:59 | INFO: Primitives created: 3
04:17:59 | INFO: Extracting primitive: n265.001
04:17:59 | INFO: Primitives created: 3
04:17:59 | INFO: Extracting primitive: n267.001
04:17:59 | INFO: Primitives created: 1
04:17:59 | INFO: Extracting primitive: n269.001
04:17:59 | INFO: Primitives created: 1
04:17:59 | INFO: Extracting primitive: n271.001
04:17:59 | INFO: Primitives created: 3
04:17:59 | INFO: Extracting primitive: n273.001
04:17:59 | INFO: Primitives created: 3
04:17:59 | INFO: Extracting primitive: n275.001
04:17:59 | INFO: Primitives created: 1
04:17:59 | INFO: Extracting primitive: n277.001
04:17:59 | INFO: Primitives created: 1
04:17:59 | INFO: Extracting primitive: n279.001
04:17:59 | INFO: Primitives created: 1
04:17:59 | INFO: Extracting primitive: n281.001
04:17:59 | INFO: Primitives created: 3
04:17:59 | INFO: Extracting primitive: n283.001
04:17:59 | INFO: Primitives created: 1
04:17:59 | INFO: Extracting primitive: n285.001
04:17:59 | INFO: Primitives created: 1
04:17:59 | INFO: Extracting primitive: n287.001
04:17:59 | INFO: Primitives created: 1
04:17:59 | INFO: Extracting primitive: n289.001
04:17:59 | INFO: Primitives created: 3
04:17:59 | INFO: Extracting primitive: n291.001
04:17:59 | INFO: Primitives created: 3
04:17:59 | INFO: Extracting primitive: n293.001
04:17:59 | INFO: Primitives created: 1
04:17:59 | INFO: Extracting primitive: n295.001
04:17:59 | INFO: Primitives created: 1
04:17:59 | INFO: Extracting primitive: n297.001
04:17:59 | INFO: Primitives created: 3
04:17:59 | INFO: Extracting primitive: n299.001
04:17:59 | INFO: Primitives created: 3
04:17:59 | INFO: Extracting primitive: n301.001
04:17:59 | INFO: Primitives created: 1
04:17:59 | INFO: Extracting primitive: n303.001
04:17:59 | INFO: Primitives created: 1
04:17:59 | INFO: Extracting primitive: n305.001
04:17:59 | INFO: Primitives created: 1
04:17:59 | INFO: Extracting primitive: n307.001
04:17:59 | INFO: Primitives created: 3
04:17:59 | INFO: Extracting primitive: n309.001
04:17:59 | INFO: Primitives created: 3
04:17:59 | INFO: Extracting primitive: n311.001
04:17:59 | INFO: Primitives created: 1
04:17:59 | INFO: Extracting primitive: n313.001
04:17:59 | INFO: Primitives created: 1
04:17:59 | INFO: Extracting primitive: n315.001
04:17:59 | INFO: Primitives created: 1
04:17:59 | INFO: Extracting primitive: n317.001
04:17:59 | INFO: Primitives created: 3
04:17:59 | INFO: Extracting primitive: n319.001
04:17:59 | INFO: Primitives created: 3
04:17:59 | INFO: Extracting primitive: n321.001
04:17:59 | INFO: Primitives created: 1
04:17:59 | INFO: Extracting primitive: n323.001
04:17:59 | INFO: Primitives created: 1
04:17:59 | INFO: Extracting primitive: n325.001
04:17:59 | INFO: Primitives created: 3
04:17:59 | INFO: Extracting primitive: n327.001
04:17:59 | INFO: Primitives created: 1
04:17:59 | INFO: Extracting primitive: n329.001
04:17:59 | INFO: Primitives created: 1
04:17:59 | INFO: Extracting primitive: n331.001
04:17:59 | INFO: Primitives created: 1
04:17:59 | INFO: Extracting primitive: n333.001
04:17:59 | INFO: Primitives created: 3
04:17:59 | INFO: Extracting primitive: n335.001
04:17:59 | INFO: Primitives created: 3
04:17:59 | INFO: Extracting primitive: n337.001
04:17:59 | INFO: Primitives created: 1
04:17:59 | INFO: Extracting primitive: n339.001
04:17:59 | INFO: Primitives created: 1
04:17:59 | INFO: Extracting primitive: n341.001
04:17:59 | INFO: Primitives created: 1
04:17:59 | INFO: Extracting primitive: n343.001
04:17:59 | INFO: Primitives created: 3
04:17:59 | INFO: Extracting primitive: n345.001
04:17:59 | INFO: Primitives created: 1
04:17:59 | INFO: Extracting primitive: n347.001
04:17:59 | INFO: Primitives created: 1
04:17:59 | INFO: Extracting primitive: n349.001
04:17:59 | INFO: Primitives created: 1
04:17:59 | INFO: Extracting primitive: n351.001
04:17:59 | INFO: Primitives created: 3
04:17:59 | INFO: Extracting primitive: n353.001
04:17:59 | INFO: Primitives created: 3
04:17:59 | INFO: Extracting primitive: n355.001
04:17:59 | INFO: Primitives created: 1
04:17:59 | INFO: Extracting primitive: n357.001
04:17:59 | INFO: Primitives created: 1
04:17:59 | INFO: Extracting primitive: n359.001
04:17:59 | INFO: Primitives created: 3
04:17:59 | INFO: Extracting primitive: n361.001
04:17:59 | INFO: Primitives created: 3
04:17:59 | INFO: Extracting primitive: n363.001
04:17:59 | INFO: Primitives created: 1
04:17:59 | INFO: Extracting primitive: n365.001
04:17:59 | INFO: Primitives created: 1
04:17:59 | INFO: Extracting primitive: n367.001
04:17:59 | INFO: Primitives created: 1
04:17:59 | INFO: Extracting primitive: n369.001
04:17:59 | INFO: Primitives created: 3
04:17:59 | INFO: Extracting primitive: n371.001
04:17:59 | INFO: Primitives created: 1
04:17:59 | INFO: Extracting primitive: n373.001
04:17:59 | INFO: Primitives created: 1
04:17:59 | INFO: Extracting primitive: n375.001
04:17:59 | INFO: Primitives created: 3
04:17:59 | INFO: Extracting primitive: n377.001
04:17:59 | INFO: Primitives created: 1
04:17:59 | INFO: Extracting primitive: n379.001
04:17:59 | INFO: Primitives created: 1
04:17:59 | INFO: Extracting primitive: n381.001
04:17:59 | INFO: Primitives created: 3
04:17:59 | INFO: Extracting primitive: n383.001
04:17:59 | INFO: Primitives created: 1
04:17:59 | INFO: Extracting primitive: n385.001
04:17:59 | INFO: Primitives created: 1
04:17:59 | INFO: Extracting primitive: n387.001
04:17:59 | INFO: Primitives created: 1
04:17:59 | INFO: Extracting primitive: n389.001
04:17:59 | INFO: Primitives created: 1
04:17:59 | INFO: Extracting primitive: n391.001
04:17:59 | INFO: Primitives created: 1
04:17:59 | INFO: Extracting primitive: n394.001
04:17:59 | INFO: Primitives created: 3
04:17:59 | INFO: Extracting primitive: n396.001
04:17:59 | INFO: Primitives created: 3
04:17:59 | INFO: Extracting primitive: n398.001
04:17:59 | INFO: Primitives created: 3
04:17:59 | INFO: Extracting primitive: n400.001
04:17:59 | INFO: Primitives created: 3
04:17:59 | INFO: Extracting primitive: n402.001
04:17:59 | INFO: Primitives created: 3
04:17:59 | INFO: Extracting primitive: n404.001
04:17:59 | INFO: Primitives created: 3
04:17:59 | INFO: Extracting primitive: n406.001
04:17:59 | INFO: Primitives created: 6
04:17:59 | INFO: Extracting primitive: n408.001
04:17:59 | INFO: Primitives created: 6
04:17:59 | INFO: Extracting primitive: n410.001
04:17:59 | INFO: Primitives created: 6
04:17:59 | INFO: Extracting primitive: n412.001
04:17:59 | INFO: Primitives created: 6
04:17:59 | INFO: Extracting primitive: n414.001
04:17:59 | INFO: Primitives created: 6
04:17:59 | INFO: Extracting primitive: n416.001
04:17:59 | INFO: Primitives created: 6
04:17:59 | INFO: Extracting primitive: n418.001
04:17:59 | INFO: Primitives created: 3
04:17:59 | INFO: Extracting primitive: n420.001
04:17:59 | INFO: Primitives created: 3
04:17:59 | INFO: Extracting primitive: n422.001
04:17:59 | INFO: Primitives created: 1
04:17:59 | INFO: Extracting primitive: n424.001
04:17:59 | INFO: Primitives created: 1
04:17:59 | INFO: Extracting primitive: n426.001
04:17:59 | INFO: Primitives created: 1
04:17:59 | INFO: Extracting primitive: n428.001
04:17:59 | INFO: Primitives created: 3
04:17:59 | INFO: Extracting primitive: n430.001
04:17:59 | INFO: Primitives created: 3
04:17:59 | INFO: Extracting primitive: n432.001
04:17:59 | INFO: Primitives created: 1
04:17:59 | INFO: Extracting primitive: n434.001
04:17:59 | INFO: Primitives created: 1
04:17:59 | INFO: Extracting primitive: n436.001
04:17:59 | INFO: Primitives created: 3
04:17:59 | INFO: Extracting primitive: n438.001
04:17:59 | INFO: Primitives created: 3
04:17:59 | INFO: Extracting primitive: n440.001
04:17:59 | INFO: Primitives created: 1
04:17:59 | INFO: Extracting primitive: n442.001
04:17:59 | INFO: Primitives created: 1
04:17:59 | INFO: Extracting primitive: n444.001
04:17:59 | INFO: Primitives created: 3
04:17:59 | INFO: Extracting primitive: n446.001
04:17:59 | INFO: Primitives created: 3
04:17:59 | INFO: Extracting primitive: n448.001
04:17:59 | INFO: Primitives created: 1
04:17:59 | INFO: Extracting primitive: n450.001
04:17:59 | INFO: Primitives created: 1
04:17:59 | INFO: Extracting primitive: n452.001
04:17:59 | INFO: Primitives created: 3
04:17:59 | INFO: Extracting primitive: n454.001
04:17:59 | INFO: Primitives created: 1
04:17:59 | INFO: Extracting primitive: n456.001
04:17:59 | INFO: Primitives created: 1
04:17:59 | INFO: Extracting primitive: n458.001
04:17:59 | INFO: Primitives created: 3
04:17:59 | INFO: Extracting primitive: n460.001
04:17:59 | INFO: Primitives created: 3
04:17:59 | INFO: Extracting primitive: n462.001
04:17:59 | INFO: Primitives created: 1
04:17:59 | INFO: Extracting primitive: n464.001
04:17:59 | INFO: Primitives created: 1
04:17:59 | INFO: Extracting primitive: n466.001
04:17:59 | INFO: Primitives created: 1
04:17:59 | INFO: Extracting primitive: n468.001
04:17:59 | INFO: Primitives created: 3
04:17:59 | INFO: Extracting primitive: n470.001
04:17:59 | INFO: Primitives created: 3
04:17:59 | INFO: Extracting primitive: n472.001
04:17:59 | INFO: Primitives created: 1
04:17:59 | INFO: Extracting primitive: n474.001
04:17:59 | INFO: Primitives created: 1
04:17:59 | INFO: Extracting primitive: n476.001
04:17:59 | INFO: Primitives created: 3
04:17:59 | INFO: Extracting primitive: n478.001
04:17:59 | INFO: Primitives created: 3
04:17:59 | INFO: Extracting primitive: n480.001
04:17:59 | INFO: Primitives created: 1
04:17:59 | INFO: Extracting primitive: n482.001
04:17:59 | INFO: Primitives created: 1
04:17:59 | INFO: Extracting primitive: n484.001
04:17:59 | INFO: Primitives created: 1
04:17:59 | INFO: Extracting primitive: n486.001
04:17:59 | INFO: Primitives created: 3
04:17:59 | INFO: Extracting primitive: n488.001
04:17:59 | INFO: Primitives created: 1
04:17:59 | INFO: Extracting primitive: n490.001
04:17:59 | INFO: Primitives created: 1
04:17:59 | INFO: Extracting primitive: n492.001
04:17:59 | INFO: Primitives created: 3
04:17:59 | INFO: Extracting primitive: n494.001
04:17:59 | INFO: Primitives created: 3
04:17:59 | INFO: Extracting primitive: n496.001
04:17:59 | INFO: Primitives created: 1
04:17:59 | INFO: Extracting primitive: n498.001
04:17:59 | INFO: Primitives created: 1
04:17:59 | INFO: Extracting primitive: n500.001
04:17:59 | INFO: Primitives created: 3
04:17:59 | INFO: Extracting primitive: n502.001
04:17:59 | INFO: Primitives created: 3
04:17:59 | INFO: Extracting primitive: n504.001
04:17:59 | INFO: Primitives created: 1
04:17:59 | INFO: Extracting primitive: n506.001
04:17:59 | INFO: Primitives created: 1
04:17:59 | INFO: Extracting primitive: n508.001
04:17:59 | INFO: Primitives created: 3
04:17:59 | INFO: Extracting primitive: n510.001
04:17:59 | INFO: Primitives created: 1
04:17:59 | INFO: Extracting primitive: n512.001
04:17:59 | INFO: Primitives created: 1
04:17:59 | INFO: Extracting primitive: n514.001
04:17:59 | INFO: Primitives created: 3
04:17:59 | INFO: Extracting primitive: n516.001
04:17:59 | INFO: Primitives created: 1
04:17:59 | INFO: Extracting primitive: n518.001
04:17:59 | INFO: Primitives created: 1
04:17:59 | INFO: Extracting primitive: n520.001
04:17:59 | INFO: Primitives created: 1
04:17:59 | INFO: Extracting primitive: n522.001
04:17:59 | INFO: Primitives created: 3
04:17:59 | INFO: Extracting primitive: n524.001
04:17:59 | INFO: Primitives created: 1
04:17:59 | INFO: Extracting primitive: n526.001
04:17:59 | INFO: Primitives created: 1
04:17:59 | INFO: Extracting primitive: n528.001
04:17:59 | INFO: Primitives created: 1
04:17:59 | INFO: Extracting primitive: n530.001
04:17:59 | INFO: Primitives created: 1
04:17:59 | INFO: Extracting primitive: n532.001
04:17:59 | INFO: Primitives created: 1
04:17:59 | INFO: Extracting primitive: n535.001
04:17:59 | INFO: Primitives created: 3
04:17:59 | INFO: Extracting primitive: n537.001
04:17:59 | INFO: Primitives created: 3
04:17:59 | INFO: Extracting primitive: n539.001
04:17:59 | INFO: Primitives created: 3
04:17:59 | INFO: Extracting primitive: n541.001
04:17:59 | INFO: Primitives created: 3
04:17:59 | INFO: Extracting primitive: n543.001
04:17:59 | INFO: Primitives created: 3
04:17:59 | INFO: Extracting primitive: n545.001
04:17:59 | INFO: Primitives created: 3
04:17:59 | INFO: Extracting primitive: n547.001
04:17:59 | INFO: Primitives created: 6
04:17:59 | INFO: Extracting primitive: n549.001
04:17:59 | INFO: Primitives created: 6
04:17:59 | INFO: Extracting primitive: n551.001
04:17:59 | INFO: Primitives created: 6
04:17:59 | INFO: Extracting primitive: n553.001
04:17:59 | INFO: Primitives created: 6
04:17:59 | INFO: Extracting primitive: n555.001
04:17:59 | INFO: Primitives created: 6
04:17:59 | INFO: Extracting primitive: n557.001
04:17:59 | INFO: Primitives created: 6
04:17:59 | INFO: Extracting primitive: n559.001
04:17:59 | INFO: Primitives created: 3
04:17:59 | INFO: Extracting primitive: n561.001
04:17:59 | INFO: Primitives created: 3
04:17:59 | INFO: Extracting primitive: n563.001
04:17:59 | INFO: Primitives created: 1
04:17:59 | INFO: Extracting primitive: n565.001
04:17:59 | INFO: Primitives created: 1
04:17:59 | INFO: Extracting primitive: n567.001
04:17:59 | INFO: Primitives created: 1
04:17:59 | INFO: Extracting primitive: n569.001
04:17:59 | INFO: Primitives created: 3
04:17:59 | INFO: Extracting primitive: n571.001
04:17:59 | INFO: Primitives created: 3
04:17:59 | INFO: Extracting primitive: n573.001
04:17:59 | INFO: Primitives created: 1
04:17:59 | INFO: Extracting primitive: n575.001
04:17:59 | INFO: Primitives created: 1
04:17:59 | INFO: Extracting primitive: n577.001
04:17:59 | INFO: Primitives created: 1
04:17:59 | INFO: Extracting primitive: n579.001
04:17:59 | INFO: Primitives created: 3
04:17:59 | INFO: Extracting primitive: n581.001
04:17:59 | INFO: Primitives created: 3
04:17:59 | INFO: Extracting primitive: n583.001
04:17:59 | INFO: Primitives created: 1
04:17:59 | INFO: Extracting primitive: n585.001
04:17:59 | INFO: Primitives created: 1
04:17:59 | INFO: Extracting primitive: n587.001
04:17:59 | INFO: Primitives created: 1
04:17:59 | INFO: Extracting primitive: n589.001
04:17:59 | INFO: Primitives created: 3
04:17:59 | INFO: Extracting primitive: n591.001
04:17:59 | INFO: Primitives created: 1
04:17:59 | INFO: Extracting primitive: n593.001
04:17:59 | INFO: Primitives created: 1
04:17:59 | INFO: Extracting primitive: n595.001
04:17:59 | INFO: Primitives created: 1
04:17:59 | INFO: Extracting primitive: n597.001
04:17:59 | INFO: Primitives created: 3
04:17:59 | INFO: Extracting primitive: n599.001
04:17:59 | INFO: Primitives created: 3
04:17:59 | INFO: Extracting primitive: n601.001
04:17:59 | INFO: Primitives created: 1
04:17:59 | INFO: Extracting primitive: n603.001
04:17:59 | INFO: Primitives created: 1
04:17:59 | INFO: Extracting primitive: n605.001
04:17:59 | INFO: Primitives created: 3
04:17:59 | INFO: Extracting primitive: n607.001
04:17:59 | INFO: Primitives created: 1
04:17:59 | INFO: Extracting primitive: n609.001
04:17:59 | INFO: Primitives created: 1
04:17:59 | INFO: Extracting primitive: n611.001
04:17:59 | INFO: Primitives created: 1
04:17:59 | INFO: Extracting primitive: n613.001
04:17:59 | INFO: Primitives created: 3
04:17:59 | INFO: Extracting primitive: n615.001
04:17:59 | INFO: Primitives created: 3
04:17:59 | INFO: Extracting primitive: n617.001
04:17:59 | INFO: Primitives created: 1
04:17:59 | INFO: Extracting primitive: n619.001
04:17:59 | INFO: Primitives created: 1
04:17:59 | INFO: Extracting primitive: n621.001
04:17:59 | INFO: Primitives created: 1
04:17:59 | INFO: Extracting primitive: n623.001
04:17:59 | INFO: Primitives created: 3
04:17:59 | INFO: Extracting primitive: n625.001
04:17:59 | INFO: Primitives created: 1
04:17:59 | INFO: Extracting primitive: n627.001
04:17:59 | INFO: Primitives created: 1
04:17:59 | INFO: Extracting primitive: n629.001
04:17:59 | INFO: Primitives created: 1
04:17:59 | INFO: Extracting primitive: n631.001
04:17:59 | INFO: Primitives created: 3
04:17:59 | INFO: Extracting primitive: n633.001
04:17:59 | INFO: Primitives created: 3
04:17:59 | INFO: Extracting primitive: n635.001
04:17:59 | INFO: Primitives created: 1
04:17:59 | INFO: Extracting primitive: n637.001
04:17:59 | INFO: Primitives created: 1
04:17:59 | INFO: Extracting primitive: n639.001
04:17:59 | INFO: Primitives created: 3
04:17:59 | INFO: Extracting primitive: n641.001
04:17:59 | INFO: Primitives created: 1
04:17:59 | INFO: Extracting primitive: n643.001
04:17:59 | INFO: Primitives created: 1
04:17:59 | INFO: Extracting primitive: n645.001
04:17:59 | INFO: Primitives created: 1
04:17:59 | INFO: Extracting primitive: n647.001
04:17:59 | INFO: Primitives created: 3
04:17:59 | INFO: Extracting primitive: n649.001
04:17:59 | INFO: Primitives created: 3
04:17:59 | INFO: Extracting primitive: n651.001
04:17:59 | INFO: Primitives created: 1
04:17:59 | INFO: Extracting primitive: n653.001
04:17:59 | INFO: Primitives created: 1
04:17:59 | INFO: Extracting primitive: n655.001
04:17:59 | INFO: Primitives created: 3
04:17:59 | INFO: Extracting primitive: n657.001
04:17:59 | INFO: Primitives created: 3
04:17:59 | INFO: Extracting primitive: n659.001
04:17:59 | INFO: Primitives created: 1
04:17:59 | INFO: Extracting primitive: n661.001
04:17:59 | INFO: Primitives created: 1
04:17:59 | INFO: Extracting primitive: n663.001
04:17:59 | INFO: Primitives created: 1
04:17:59 | INFO: Extracting primitive: n665.001
04:17:59 | INFO: Primitives created: 3
04:17:59 | INFO: Extracting primitive: n667.001
04:17:59 | INFO: Primitives created: 1
04:17:59 | INFO: Extracting primitive: n669.001
04:17:59 | INFO: Primitives created: 1
04:17:59 | INFO: Extracting primitive: n671.001
04:17:59 | INFO: Primitives created: 3
04:17:59 | INFO: Extracting primitive: n673.001
04:17:59 | INFO: Primitives created: 1
04:17:59 | INFO: Extracting primitive: n675.001
04:17:59 | INFO: Primitives created: 1
04:17:59 | INFO: Extracting primitive: n677.001
04:17:59 | INFO: Primitives created: 1
04:17:59 | INFO: Extracting primitive: n679.001
04:17:59 | INFO: Primitives created: 1
04:17:59 | INFO: Extracting primitive: n681.001
04:17:59 | INFO: Primitives created: 1
04:17:59 | INFO: Extracting primitive: n684.001
04:17:59 | INFO: Primitives created: 3
04:17:59 | INFO: Extracting primitive: n686.001
04:17:59 | INFO: Primitives created: 3
04:17:59 | INFO: Extracting primitive: n688.001
04:17:59 | INFO: Primitives created: 3
04:17:59 | INFO: Extracting primitive: n690.001
04:17:59 | INFO: Primitives created: 3
04:17:59 | INFO: Extracting primitive: n692.001
04:17:59 | INFO: Primitives created: 3
04:17:59 | INFO: Extracting primitive: n694.001
04:17:59 | INFO: Primitives created: 3
04:17:59 | INFO: Extracting primitive: n696.001
04:17:59 | INFO: Primitives created: 6
04:17:59 | INFO: Extracting primitive: n698.001
04:17:59 | INFO: Primitives created: 6
04:17:59 | INFO: Extracting primitive: n700.001
04:17:59 | INFO: Primitives created: 6
04:17:59 | INFO: Extracting primitive: n702.001
04:17:59 | INFO: Primitives created: 6
04:17:59 | INFO: Extracting primitive: n704.001
04:17:59 | INFO: Primitives created: 6
04:17:59 | INFO: Extracting primitive: n706.001
04:17:59 | INFO: Primitives created: 6
04:17:59 | INFO: Extracting primitive: n708.001
04:17:59 | INFO: Primitives created: 3
04:17:59 | INFO: Extracting primitive: n710.001
04:17:59 | INFO: Primitives created: 3
04:17:59 | INFO: Extracting primitive: n712.001
04:17:59 | INFO: Primitives created: 1
04:17:59 | INFO: Extracting primitive: n714.001
04:17:59 | INFO: Primitives created: 1
04:17:59 | INFO: Extracting primitive: n716.001
04:17:59 | INFO: Primitives created: 1
04:17:59 | INFO: Extracting primitive: n718.001
04:17:59 | INFO: Primitives created: 3
04:17:59 | INFO: Extracting primitive: n720.001
04:17:59 | INFO: Primitives created: 1
04:17:59 | INFO: Extracting primitive: n722.001
04:17:59 | INFO: Primitives created: 1
04:17:59 | INFO: Extracting primitive: n724.001
04:17:59 | INFO: Primitives created: 3
04:17:59 | INFO: Extracting primitive: n726.001
04:17:59 | INFO: Primitives created: 3
04:17:59 | INFO: Extracting primitive: n728.001
04:17:59 | INFO: Primitives created: 1
04:17:59 | INFO: Extracting primitive: n730.001
04:17:59 | INFO: Primitives created: 1
04:17:59 | INFO: Extracting primitive: n732.001
04:17:59 | INFO: Primitives created: 3
04:17:59 | INFO: Extracting primitive: n734.001
04:17:59 | INFO: Primitives created: 1
04:17:59 | INFO: Extracting primitive: n736.001
04:17:59 | INFO: Primitives created: 1
04:17:59 | INFO: Extracting primitive: n738.001
04:17:59 | INFO: Primitives created: 1
04:17:59 | INFO: Extracting primitive: n740.001
04:17:59 | INFO: Primitives created: 3
04:17:59 | INFO: Extracting primitive: n742.001
04:17:59 | INFO: Primitives created: 3
04:17:59 | INFO: Extracting primitive: n744.001
04:17:59 | INFO: Primitives created: 1
04:17:59 | INFO: Extracting primitive: n746.001
04:17:59 | INFO: Primitives created: 1
04:17:59 | INFO: Extracting primitive: n748.001
04:17:59 | INFO: Primitives created: 3
04:17:59 | INFO: Extracting primitive: n750.001
04:17:59 | INFO: Primitives created: 1
04:17:59 | INFO: Extracting primitive: n752.001
04:17:59 | INFO: Primitives created: 1
04:17:59 | INFO: Extracting primitive: n754.001
04:17:59 | INFO: Primitives created: 1
04:17:59 | INFO: Extracting primitive: n756.001
04:17:59 | INFO: Primitives created: 3
04:17:59 | INFO: Extracting primitive: n758.001
04:17:59 | INFO: Primitives created: 3
04:17:59 | INFO: Extracting primitive: n760.001
04:17:59 | INFO: Primitives created: 1
04:17:59 | INFO: Extracting primitive: n762.001
04:17:59 | INFO: Primitives created: 1
04:17:59 | INFO: Extracting primitive: n764.001
04:17:59 | INFO: Primitives created: 1
04:17:59 | INFO: Extracting primitive: n766.001
04:17:59 | INFO: Primitives created: 3
04:17:59 | INFO: Extracting primitive: n768.001
04:17:59 | INFO: Primitives created: 3
04:17:59 | INFO: Extracting primitive: n770.001
04:17:59 | INFO: Primitives created: 1
04:17:59 | INFO: Extracting primitive: n772.001
04:17:59 | INFO: Primitives created: 1
04:17:59 | INFO: Extracting primitive: n774.001
04:17:59 | INFO: Primitives created: 1
04:17:59 | INFO: Extracting primitive: n776.001
04:17:59 | INFO: Primitives created: 3
04:17:59 | INFO: Extracting primitive: n778.001
04:17:59 | INFO: Primitives created: 1
04:17:59 | INFO: Extracting primitive: n780.001
04:17:59 | INFO: Primitives created: 1
04:17:59 | INFO: Extracting primitive: n782.001
04:17:59 | INFO: Primitives created: 3
04:17:59 | INFO: Extracting primitive: n784.001
04:17:59 | INFO: Primitives created: 3
04:17:59 | INFO: Extracting primitive: n786.001
04:17:59 | INFO: Primitives created: 1
04:17:59 | INFO: Extracting primitive: n788.001
04:17:59 | INFO: Primitives created: 1
04:17:59 | INFO: Extracting primitive: n790.001
04:17:59 | INFO: Primitives created: 3
04:17:59 | INFO: Extracting primitive: n792.001
04:17:59 | INFO: Primitives created: 3
04:17:59 | INFO: Extracting primitive: n794.001
04:17:59 | INFO: Primitives created: 1
04:17:59 | INFO: Extracting primitive: n796.001
04:17:59 | INFO: Primitives created: 1
04:17:59 | INFO: Extracting primitive: n798.001
04:17:59 | INFO: Primitives created: 3
04:17:59 | INFO: Extracting primitive: n800.001
04:17:59 | INFO: Primitives created: 3
04:17:59 | INFO: Extracting primitive: n802.001
04:17:59 | INFO: Primitives created: 1
04:17:59 | INFO: Extracting primitive: n804.001
04:17:59 | INFO: Primitives created: 1
04:17:59 | INFO: Extracting primitive: n806.001
04:17:59 | INFO: Primitives created: 3
04:17:59 | INFO: Extracting primitive: n808.001
04:17:59 | INFO: Primitives created: 1
04:17:59 | INFO: Extracting primitive: n810.001
04:17:59 | INFO: Primitives created: 1
04:17:59 | INFO: Extracting primitive: n812.001
04:17:59 | INFO: Primitives created: 1
04:17:59 | INFO: Extracting primitive: n814.001
04:17:59 | INFO: Primitives created: 3
04:17:59 | INFO: Extracting primitive: n816.001
04:17:59 | INFO: Primitives created: 3
04:17:59 | INFO: Extracting primitive: n818.001
04:17:59 | INFO: Primitives created: 1
04:17:59 | INFO: Extracting primitive: n820.001
04:17:59 | INFO: Primitives created: 1
04:17:59 | INFO: Extracting primitive: n822.001
04:17:59 | INFO: Primitives created: 1
04:17:59 | INFO: Extracting primitive: n824.001
04:17:59 | INFO: Primitives created: 3
04:17:59 | INFO: Extracting primitive: n826.001
04:17:59 | INFO: Primitives created: 1
04:17:59 | INFO: Extracting primitive: n828.001
04:17:59 | INFO: Primitives created: 1
04:17:59 | INFO: Extracting primitive: n830.001
04:17:59 | INFO: Primitives created: 1
04:17:59 | INFO: Extracting primitive: n832.001
04:17:59 | INFO: Primitives created: 3
04:17:59 | INFO: Extracting primitive: n834.001
04:17:59 | INFO: Primitives created: 1
04:17:59 | INFO: Extracting primitive: n836.001
04:17:59 | INFO: Primitives created: 1
04:17:59 | INFO: Extracting primitive: n838.001
04:17:59 | INFO: Primitives created: 3
04:17:59 | INFO: Extracting primitive: n840.001
04:17:59 | INFO: Primitives created: 1
04:17:59 | INFO: Extracting primitive: n842.001
04:17:59 | INFO: Primitives created: 1
04:17:59 | INFO: Extracting primitive: n844.001
04:17:59 | INFO: Primitives created: 1
04:17:59 | INFO: Extracting primitive: n846.001
04:17:59 | INFO: Primitives created: 1
04:17:59 | INFO: Extracting primitive: n848.001
04:17:59 | INFO: Primitives created: 1
04:17:59 | INFO: Extracting primitive: n851.001
04:17:59 | INFO: Primitives created: 3
04:17:59 | INFO: Extracting primitive: n853.001
04:17:59 | INFO: Primitives created: 3
04:17:59 | INFO: Extracting primitive: n855.001
04:17:59 | INFO: Primitives created: 3
04:17:59 | INFO: Extracting primitive: n857.001
04:17:59 | INFO: Primitives created: 3
04:17:59 | INFO: Extracting primitive: n859.001
04:17:59 | INFO: Primitives created: 3
04:17:59 | INFO: Extracting primitive: n861.001
04:17:59 | INFO: Primitives created: 3
04:17:59 | INFO: Extracting primitive: n863.001
04:17:59 | INFO: Primitives created: 6
04:17:59 | INFO: Extracting primitive: n865.001
04:17:59 | INFO: Primitives created: 6
04:17:59 | INFO: Extracting primitive: n867.001
04:17:59 | INFO: Primitives created: 6
04:17:59 | INFO: Extracting primitive: n869.001
04:17:59 | INFO: Primitives created: 6
04:17:59 | INFO: Extracting primitive: n871.001
04:17:59 | INFO: Primitives created: 6
04:17:59 | INFO: Extracting primitive: n873.001
04:17:59 | INFO: Primitives created: 6
04:17:59 | INFO: Extracting primitive: n875.001
04:17:59 | INFO: Primitives created: 3
04:17:59 | INFO: Extracting primitive: n877.001
04:17:59 | INFO: Primitives created: 3
04:17:59 | INFO: Extracting primitive: n879.001
04:17:59 | INFO: Primitives created: 1
04:17:59 | INFO: Extracting primitive: n881.001
04:17:59 | INFO: Primitives created: 1
04:17:59 | INFO: Extracting primitive: n883.001
04:17:59 | INFO: Primitives created: 3
04:17:59 | INFO: Extracting primitive: n885.001
04:17:59 | INFO: Primitives created: 3
04:17:59 | INFO: Extracting primitive: n887.001
04:17:59 | INFO: Primitives created: 1
04:17:59 | INFO: Extracting primitive: n889.001
04:17:59 | INFO: Primitives created: 1
04:17:59 | INFO: Extracting primitive: n891.001
04:17:59 | INFO: Primitives created: 3
04:17:59 | INFO: Extracting primitive: n893.001
04:17:59 | INFO: Primitives created: 1
04:17:59 | INFO: Extracting primitive: n895.001
04:17:59 | INFO: Primitives created: 1
04:17:59 | INFO: Extracting primitive: n897.001
04:17:59 | INFO: Primitives created: 3
04:17:59 | INFO: Extracting primitive: n899.001
04:17:59 | INFO: Primitives created: 3
04:17:59 | INFO: Extracting primitive: n901.001
04:17:59 | INFO: Primitives created: 1
04:17:59 | INFO: Extracting primitive: n903.001
04:17:59 | INFO: Primitives created: 1
04:17:59 | INFO: Extracting primitive: n905.001
04:17:59 | INFO: Primitives created: 1
04:17:59 | INFO: Extracting primitive: n907.001
04:17:59 | INFO: Primitives created: 3
04:17:59 | INFO: Extracting primitive: n909.001
04:17:59 | INFO: Primitives created: 3
04:17:59 | INFO: Extracting primitive: n911.001
04:17:59 | INFO: Primitives created: 1
04:17:59 | INFO: Extracting primitive: n913.001
04:17:59 | INFO: Primitives created: 1
04:17:59 | INFO: Extracting primitive: n915.001
04:17:59 | INFO: Primitives created: 1
04:17:59 | INFO: Extracting primitive: n917.001
04:17:59 | INFO: Primitives created: 3
04:17:59 | INFO: Extracting primitive: n919.001
04:17:59 | INFO: Primitives created: 3
04:17:59 | INFO: Extracting primitive: n921.001
04:17:59 | INFO: Primitives created: 1
04:17:59 | INFO: Extracting primitive: n923.001
04:17:59 | INFO: Primitives created: 1
04:17:59 | INFO: Extracting primitive: n925.001
04:17:59 | INFO: Primitives created: 3
04:17:59 | INFO: Extracting primitive: n927.001
04:17:59 | INFO: Primitives created: 1
04:17:59 | INFO: Extracting primitive: n929.001
04:17:59 | INFO: Primitives created: 1
04:17:59 | INFO: Extracting primitive: n931.001
04:17:59 | INFO: Primitives created: 3
04:17:59 | INFO: Extracting primitive: n933.001
04:17:59 | INFO: Primitives created: 3
04:17:59 | INFO: Extracting primitive: n935.001
04:17:59 | INFO: Primitives created: 1
04:17:59 | INFO: Extracting primitive: n937.001
04:17:59 | INFO: Primitives created: 1
04:17:59 | INFO: Extracting primitive: n939.001
04:17:59 | INFO: Primitives created: 1
04:17:59 | INFO: Extracting primitive: n941.001
04:17:59 | INFO: Primitives created: 3
04:17:59 | INFO: Extracting primitive: n943.001
04:17:59 | INFO: Primitives created: 3
04:17:59 | INFO: Extracting primitive: n945.001
04:17:59 | INFO: Primitives created: 1
04:17:59 | INFO: Extracting primitive: n947.001
04:17:59 | INFO: Primitives created: 1
04:17:59 | INFO: Extracting primitive: n949.001
04:17:59 | INFO: Primitives created: 3
04:17:59 | INFO: Extracting primitive: n951.001
04:17:59 | INFO: Primitives created: 1
04:17:59 | INFO: Extracting primitive: n953.001
04:17:59 | INFO: Primitives created: 1
04:17:59 | INFO: Extracting primitive: n955.001
04:17:59 | INFO: Primitives created: 3
04:17:59 | INFO: Extracting primitive: n957.001
04:17:59 | INFO: Primitives created: 1
04:17:59 | INFO: Extracting primitive: n959.001
04:17:59 | INFO: Primitives created: 1
04:17:59 | INFO: Extracting primitive: n961.001
04:17:59 | INFO: Primitives created: 1
04:17:59 | INFO: Extracting primitive: n963.001
04:17:59 | INFO: Primitives created: 1
04:17:59 | INFO: Extracting primitive: n965.001
04:17:59 | INFO: Primitives created: 1
04:17:59 | INFO: Extracting primitive: n968.001
04:17:59 | INFO: Primitives created: 3
04:17:59 | INFO: Extracting primitive: n970.001
04:17:59 | INFO: Primitives created: 3
04:17:59 | INFO: Extracting primitive: n972.001
04:17:59 | INFO: Primitives created: 3
04:17:59 | INFO: Extracting primitive: n974.001
04:17:59 | INFO: Primitives created: 3
04:17:59 | INFO: Extracting primitive: n976.001
04:17:59 | INFO: Primitives created: 3
04:17:59 | INFO: Extracting primitive: n978.001
04:17:59 | INFO: Primitives created: 3
04:17:59 | INFO: Extracting primitive: n980.001
04:17:59 | INFO: Primitives created: 6
04:17:59 | INFO: Extracting primitive: n982.001
04:17:59 | INFO: Primitives created: 6
04:17:59 | INFO: Extracting primitive: n984.001
04:17:59 | INFO: Primitives created: 6
04:17:59 | INFO: Extracting primitive: n986.001
04:17:59 | INFO: Primitives created: 6
04:17:59 | INFO: Extracting primitive: n988.001
04:17:59 | INFO: Primitives created: 6
04:17:59 | INFO: Extracting primitive: n990.001
04:17:59 | INFO: Primitives created: 6
04:17:59 | INFO: Extracting primitive: n992.001
04:17:59 | INFO: Primitives created: 3
04:17:59 | INFO: Extracting primitive: n994.001
04:17:59 | INFO: Primitives created: 3
04:17:59 | INFO: Extracting primitive: n996.001
04:17:59 | INFO: Primitives created: 1
04:17:59 | INFO: Extracting primitive: n998.001
04:17:59 | INFO: Primitives created: 1
04:17:59 | INFO: Extracting primitive: n1000.001
04:17:59 | INFO: Primitives created: 1
04:17:59 | INFO: Extracting primitive: n1002.001
04:17:59 | INFO: Primitives created: 3
04:17:59 | INFO: Extracting primitive: n1004.001
04:17:59 | INFO: Primitives created: 3
04:17:59 | INFO: Extracting primitive: n1006.001
04:17:59 | INFO: Primitives created: 1
04:17:59 | INFO: Extracting primitive: n1008.001
04:17:59 | INFO: Primitives created: 1
04:17:59 | INFO: Extracting primitive: n1010.001
04:17:59 | INFO: Primitives created: 1
04:17:59 | INFO: Extracting primitive: n1012.001
04:17:59 | INFO: Primitives created: 3
04:17:59 | INFO: Extracting primitive: n1014.001
04:17:59 | INFO: Primitives created: 3
04:17:59 | INFO: Extracting primitive: n1016.001
04:17:59 | INFO: Primitives created: 1
04:17:59 | INFO: Extracting primitive: n1018.001
04:17:59 | INFO: Primitives created: 1
04:17:59 | INFO: Extracting primitive: n1020.001
04:17:59 | INFO: Primitives created: 3
04:17:59 | INFO: Extracting primitive: n1022.001
04:17:59 | INFO: Primitives created: 1
04:17:59 | INFO: Extracting primitive: n1024.001
04:17:59 | INFO: Primitives created: 1
04:17:59 | INFO: Extracting primitive: n1026.001
04:17:59 | INFO: Primitives created: 1
04:17:59 | INFO: Extracting primitive: n1028.001
04:17:59 | INFO: Primitives created: 3
04:17:59 | INFO: Extracting primitive: n1030.001
04:17:59 | INFO: Primitives created: 3
04:17:59 | INFO: Extracting primitive: n1032.001
04:17:59 | INFO: Primitives created: 1
04:17:59 | INFO: Extracting primitive: n1034.001
04:17:59 | INFO: Primitives created: 1
04:17:59 | INFO: Extracting primitive: n1036.001
04:17:59 | INFO: Primitives created: 3
04:17:59 | INFO: Extracting primitive: n1038.001
04:17:59 | INFO: Primitives created: 3
04:17:59 | INFO: Extracting primitive: n1040.001
04:17:59 | INFO: Primitives created: 1
04:17:59 | INFO: Extracting primitive: n1042.001
04:17:59 | INFO: Primitives created: 1
04:17:59 | INFO: Extracting primitive: n1044.001
04:17:59 | INFO: Primitives created: 1
04:17:59 | INFO: Extracting primitive: n1046.001
04:17:59 | INFO: Primitives created: 3
04:17:59 | INFO: Extracting primitive: n1048.001
04:17:59 | INFO: Primitives created: 3
04:17:59 | INFO: Extracting primitive: n1050.001
04:17:59 | INFO: Primitives created: 1
04:17:59 | INFO: Extracting primitive: n1052.001
04:17:59 | INFO: Primitives created: 1
04:17:59 | INFO: Extracting primitive: n1054.001
04:17:59 | INFO: Primitives created: 3
04:17:59 | INFO: Extracting primitive: n1056.001
04:17:59 | INFO: Primitives created: 1
04:17:59 | INFO: Extracting primitive: n1058.001
04:17:59 | INFO: Primitives created: 1
04:17:59 | INFO: Extracting primitive: n1060.001
04:17:59 | INFO: Primitives created: 3
04:17:59 | INFO: Extracting primitive: n1062.001
04:17:59 | INFO: Primitives created: 3
04:17:59 | INFO: Extracting primitive: n1064.001
04:17:59 | INFO: Primitives created: 1
04:17:59 | INFO: Extracting primitive: n1066.001
04:17:59 | INFO: Primitives created: 1
04:17:59 | INFO: Extracting primitive: n1068.001
04:17:59 | INFO: Primitives created: 3
04:17:59 | INFO: Extracting primitive: n1070.001
04:17:59 | INFO: Primitives created: 1
04:17:59 | INFO: Extracting primitive: n1072.001
04:17:59 | INFO: Primitives created: 1
04:17:59 | INFO: Extracting primitive: n1074.001
04:17:59 | INFO: Primitives created: 3
04:17:59 | INFO: Extracting primitive: n1076.001
04:17:59 | INFO: Primitives created: 1
04:17:59 | INFO: Extracting primitive: n1078.001
04:17:59 | INFO: Primitives created: 1
04:17:59 | INFO: Extracting primitive: n1080.001
04:17:59 | INFO: Primitives created: 1
04:17:59 | INFO: Extracting primitive: n1082.001
04:17:59 | INFO: Primitives created: 3
04:17:59 | INFO: Extracting primitive: n1084.001
04:17:59 | INFO: Primitives created: 1
04:17:59 | INFO: Extracting primitive: n1086.001
04:17:59 | INFO: Primitives created: 1
04:17:59 | INFO: Extracting primitive: n1088.001
04:17:59 | INFO: Primitives created: 1
04:17:59 | INFO: Extracting primitive: n1090.001
04:17:59 | INFO: Primitives created: 1
04:17:59 | INFO: Extracting primitive: n1092.001
04:17:59 | INFO: Primitives created: 1
04:17:59 | INFO: Extracting primitive: n1095.001
04:17:59 | INFO: Primitives created: 3
04:17:59 | INFO: Extracting primitive: n1097.001
04:17:59 | INFO: Primitives created: 3
04:17:59 | INFO: Extracting primitive: n1099.001
04:17:59 | INFO: Primitives created: 3
04:17:59 | INFO: Extracting primitive: n1101.001
04:17:59 | INFO: Primitives created: 3
04:17:59 | INFO: Extracting primitive: n1103.001
04:17:59 | INFO: Primitives created: 3
04:17:59 | INFO: Extracting primitive: n1105.001
04:17:59 | INFO: Primitives created: 3
04:17:59 | INFO: Extracting primitive: n1107.001
04:17:59 | INFO: Primitives created: 6
04:17:59 | INFO: Extracting primitive: n1109.001
04:17:59 | INFO: Primitives created: 6
04:17:59 | INFO: Extracting primitive: n1111.001
04:17:59 | INFO: Primitives created: 6
04:17:59 | INFO: Extracting primitive: n1113.001
04:17:59 | INFO: Primitives created: 6
04:17:59 | INFO: Extracting primitive: n1115.001
04:17:59 | INFO: Primitives created: 6
04:17:59 | INFO: Extracting primitive: n1117.001
04:17:59 | INFO: Primitives created: 6
04:17:59 | INFO: Extracting primitive: n1119.001
04:17:59 | INFO: Primitives created: 3
04:17:59 | INFO: Extracting primitive: n1121.001
04:17:59 | INFO: Primitives created: 3
04:17:59 | INFO: Extracting primitive: n1123.001
04:17:59 | INFO: Primitives created: 1
04:17:59 | INFO: Extracting primitive: n1125.001
04:17:59 | INFO: Primitives created: 1
04:17:59 | INFO: Extracting primitive: n1127.001
04:17:59 | INFO: Primitives created: 3
04:17:59 | INFO: Extracting primitive: n1129.001
04:17:59 | INFO: Primitives created: 1
04:17:59 | INFO: Extracting primitive: n1131.001
04:17:59 | INFO: Primitives created: 1
04:17:59 | INFO: Extracting primitive: n1133.001
04:17:59 | INFO: Primitives created: 1
04:17:59 | INFO: Extracting primitive: n1135.001
04:17:59 | INFO: Primitives created: 3
04:17:59 | INFO: Extracting primitive: n1137.001
04:17:59 | INFO: Primitives created: 3
04:17:59 | INFO: Extracting primitive: n1139.001
04:17:59 | INFO: Primitives created: 1
04:17:59 | INFO: Extracting primitive: n1141.001
04:17:59 | INFO: Primitives created: 1
04:17:59 | INFO: Extracting primitive: n1143.001
04:17:59 | INFO: Primitives created: 3
04:17:59 | INFO: Extracting primitive: n1145.001
04:17:59 | INFO: Primitives created: 1
04:17:59 | INFO: Extracting primitive: n1147.001
04:17:59 | INFO: Primitives created: 1
04:17:59 | INFO: Extracting primitive: n1149.001
04:17:59 | INFO: Primitives created: 1
04:17:59 | INFO: Extracting primitive: n1151.001
04:17:59 | INFO: Primitives created: 3
04:17:59 | INFO: Extracting primitive: n1153.001
04:17:59 | INFO: Primitives created: 3
04:17:59 | INFO: Extracting primitive: n1155.001
04:17:59 | INFO: Primitives created: 1
04:17:59 | INFO: Extracting primitive: n1157.001
04:17:59 | INFO: Primitives created: 1
04:17:59 | INFO: Extracting primitive: n1159.001
04:17:59 | INFO: Primitives created: 3
04:17:59 | INFO: Extracting primitive: n1161.001
04:17:59 | INFO: Primitives created: 1
04:17:59 | INFO: Extracting primitive: n1163.001
04:17:59 | INFO: Primitives created: 1
04:17:59 | INFO: Extracting primitive: n1165.001
04:17:59 | INFO: Primitives created: 3
04:17:59 | INFO: Extracting primitive: n1167.001
04:17:59 | INFO: Primitives created: 3
04:17:59 | INFO: Extracting primitive: n1169.001
04:17:59 | INFO: Primitives created: 1
04:17:59 | INFO: Extracting primitive: n1171.001
04:17:59 | INFO: Primitives created: 1
04:17:59 | INFO: Extracting primitive: n1173.001
04:17:59 | INFO: Primitives created: 3
04:17:59 | INFO: Extracting primitive: n1175.001
04:17:59 | INFO: Primitives created: 1
04:17:59 | INFO: Extracting primitive: n1177.001
04:17:59 | INFO: Primitives created: 1
04:17:59 | INFO: Extracting primitive: n1179.001
04:17:59 | INFO: Primitives created: 3
04:17:59 | INFO: Extracting primitive: n1181.001
04:17:59 | INFO: Primitives created: 3
04:17:59 | INFO: Extracting primitive: n1183.001
04:17:59 | INFO: Primitives created: 1
04:17:59 | INFO: Extracting primitive: n1185.001
04:17:59 | INFO: Primitives created: 1
04:17:59 | INFO: Extracting primitive: n1187.001
04:17:59 | INFO: Primitives created: 3
04:17:59 | INFO: Extracting primitive: n1189.001
04:17:59 | INFO: Primitives created: 1
04:17:59 | INFO: Extracting primitive: n1191.001
04:17:59 | INFO: Primitives created: 1
04:17:59 | INFO: Extracting primitive: n1193.001
04:17:59 | INFO: Primitives created: 1
04:17:59 | INFO: Extracting primitive: n1195.001
04:17:59 | INFO: Primitives created: 3
04:17:59 | INFO: Extracting primitive: n1197.001
04:17:59 | INFO: Primitives created: 3
04:17:59 | INFO: Extracting primitive: n1199.001
04:17:59 | INFO: Primitives created: 1
04:17:59 | INFO: Extracting primitive: n1201.001
04:17:59 | INFO: Primitives created: 1
04:17:59 | INFO: Extracting primitive: n1203.001
04:17:59 | INFO: Primitives created: 3
04:17:59 | INFO: Extracting primitive: n1205.001
04:17:59 | INFO: Primitives created: 3
04:17:59 | INFO: Extracting primitive: n1207.001
04:17:59 | INFO: Primitives created: 1
04:17:59 | INFO: Extracting primitive: n1209.001
04:17:59 | INFO: Primitives created: 1
04:17:59 | INFO: Extracting primitive: n1211.001
04:17:59 | INFO: Primitives created: 1
04:17:59 | INFO: Extracting primitive: n1213.001
04:17:59 | INFO: Primitives created: 3
04:17:59 | INFO: Extracting primitive: n1215.001
04:17:59 | INFO: Primitives created: 1
04:17:59 | INFO: Extracting primitive: n1217.001
04:17:59 | INFO: Primitives created: 1
04:17:59 | INFO: Extracting primitive: n1219.001
04:17:59 | INFO: Primitives created: 1
04:17:59 | INFO: Extracting primitive: n1221.001
04:17:59 | INFO: Primitives created: 3
04:17:59 | INFO: Extracting primitive: n1223.001
04:17:59 | INFO: Primitives created: 3
04:17:59 | INFO: Extracting primitive: n1225.001
04:17:59 | INFO: Primitives created: 1
04:17:59 | INFO: Extracting primitive: n1227.001
04:17:59 | INFO: Primitives created: 1
04:17:59 | INFO: Extracting primitive: n1229.001
04:17:59 | INFO: Primitives created: 3
04:17:59 | INFO: Extracting primitive: n1231.001
04:17:59 | INFO: Primitives created: 1
04:17:59 | INFO: Extracting primitive: n1233.001
04:17:59 | INFO: Primitives created: 1
04:17:59 | INFO: Extracting primitive: n1235.001
04:17:59 | INFO: Primitives created: 3
04:17:59 | INFO: Extracting primitive: n1237.001
04:17:59 | INFO: Primitives created: 1
04:17:59 | INFO: Extracting primitive: n1239.001
04:17:59 | INFO: Primitives created: 1
04:17:59 | INFO: Extracting primitive: n1241.001
04:17:59 | INFO: Primitives created: 1
04:17:59 | INFO: Extracting primitive: n1243.001
04:17:59 | INFO: Primitives created: 1
04:17:59 | INFO: Extracting primitive: n1245.001
04:17:59 | INFO: Primitives created: 1
04:17:59 | INFO: Extracting primitive: n1248.001
04:17:59 | INFO: Primitives created: 3
04:17:59 | INFO: Extracting primitive: n1250.001
04:17:59 | INFO: Primitives created: 3
04:17:59 | INFO: Extracting primitive: n1252.001
04:17:59 | INFO: Primitives created: 3
04:17:59 | INFO: Extracting primitive: n1254.001
04:17:59 | INFO: Primitives created: 3
04:17:59 | INFO: Extracting primitive: n1256.001
04:17:59 | INFO: Primitives created: 3
04:17:59 | INFO: Extracting primitive: n1258.001
04:17:59 | INFO: Primitives created: 3
04:17:59 | INFO: Extracting primitive: n1260.001
04:17:59 | INFO: Primitives created: 6
04:17:59 | INFO: Extracting primitive: n1262.001
04:17:59 | INFO: Primitives created: 6
04:17:59 | INFO: Extracting primitive: n1264.001
04:17:59 | INFO: Primitives created: 6
04:17:59 | INFO: Extracting primitive: n1266.001
04:17:59 | INFO: Primitives created: 6
04:17:59 | INFO: Extracting primitive: n1268.001
04:17:59 | INFO: Primitives created: 6
04:17:59 | INFO: Extracting primitive: n1270.001
04:17:59 | INFO: Primitives created: 6
04:17:59 | INFO: Extracting primitive: n1272.001
04:17:59 | INFO: Primitives created: 3
04:17:59 | INFO: Extracting primitive: n1274.001
04:17:59 | INFO: Primitives created: 3
04:17:59 | INFO: Extracting primitive: n1276.001
04:17:59 | INFO: Primitives created: 1
04:17:59 | INFO: Extracting primitive: n1278.001
04:17:59 | INFO: Primitives created: 1
04:17:59 | INFO: Extracting primitive: n1280.001
04:17:59 | INFO: Primitives created: 3
04:17:59 | INFO: Extracting primitive: n1282.001
04:17:59 | INFO: Primitives created: 3
04:17:59 | INFO: Extracting primitive: n1284.001
04:17:59 | INFO: Primitives created: 1
04:17:59 | INFO: Extracting primitive: n1286.001
04:17:59 | INFO: Primitives created: 1
04:17:59 | INFO: Extracting primitive: n1288.001
04:17:59 | INFO: Primitives created: 3
04:17:59 | INFO: Extracting primitive: n1290.001
04:17:59 | INFO: Primitives created: 3
04:17:59 | INFO: Extracting primitive: n1292.001
04:17:59 | INFO: Primitives created: 1
04:17:59 | INFO: Extracting primitive: n1294.001
04:17:59 | INFO: Primitives created: 1
04:17:59 | INFO: Extracting primitive: n1296.001
04:17:59 | INFO: Primitives created: 1
04:17:59 | INFO: Extracting primitive: n1298.001
04:17:59 | INFO: Primitives created: 3
04:17:59 | INFO: Extracting primitive: n1300.001
04:17:59 | INFO: Primitives created: 3
04:17:59 | INFO: Extracting primitive: n1302.001
04:17:59 | INFO: Primitives created: 1
04:17:59 | INFO: Extracting primitive: n1304.001
04:17:59 | INFO: Primitives created: 1
04:17:59 | INFO: Extracting primitive: n1306.001
04:17:59 | INFO: Primitives created: 1
04:17:59 | INFO: Extracting primitive: n1308.001
04:17:59 | INFO: Primitives created: 3
04:17:59 | INFO: Extracting primitive: n1310.001
04:17:59 | INFO: Primitives created: 3
04:17:59 | INFO: Extracting primitive: n1312.001
04:17:59 | INFO: Primitives created: 1
04:17:59 | INFO: Extracting primitive: n1314.001
04:17:59 | INFO: Primitives created: 1
04:17:59 | INFO: Extracting primitive: n1316.001
04:17:59 | INFO: Primitives created: 1
04:17:59 | INFO: Extracting primitive: n1318.001
04:17:59 | INFO: Primitives created: 3
04:17:59 | INFO: Extracting primitive: n1320.001
04:17:59 | INFO: Primitives created: 1
04:17:59 | INFO: Extracting primitive: n1322.001
04:17:59 | INFO: Primitives created: 1
04:17:59 | INFO: Extracting primitive: n1324.001
04:17:59 | INFO: Primitives created: 3
04:17:59 | INFO: Extracting primitive: n1326.001
04:17:59 | INFO: Primitives created: 3
04:17:59 | INFO: Extracting primitive: n1328.001
04:17:59 | INFO: Primitives created: 1
04:17:59 | INFO: Extracting primitive: n1330.001
04:17:59 | INFO: Primitives created: 1
04:17:59 | INFO: Extracting primitive: n1332.001
04:17:59 | INFO: Primitives created: 3
04:17:59 | INFO: Extracting primitive: n1334.001
04:17:59 | INFO: Primitives created: 3
04:17:59 | INFO: Extracting primitive: n1336.001
04:17:59 | INFO: Primitives created: 1
04:17:59 | INFO: Extracting primitive: n1338.001
04:17:59 | INFO: Primitives created: 1
04:17:59 | INFO: Extracting primitive: n1340.001
04:17:59 | INFO: Primitives created: 3
04:17:59 | INFO: Extracting primitive: n1342.001
04:17:59 | INFO: Primitives created: 3
04:17:59 | INFO: Extracting primitive: n1344.001
04:17:59 | INFO: Primitives created: 1
04:17:59 | INFO: Extracting primitive: n1346.001
04:17:59 | INFO: Primitives created: 1
04:17:59 | INFO: Extracting primitive: n1348.001
04:17:59 | INFO: Primitives created: 1
04:17:59 | INFO: Extracting primitive: n1350.001
04:17:59 | INFO: Primitives created: 3
04:17:59 | INFO: Extracting primitive: n1352.001
04:17:59 | INFO: Primitives created: 1
04:17:59 | INFO: Extracting primitive: n1354.001
04:17:59 | INFO: Primitives created: 1
04:17:59 | INFO: Extracting primitive: n1356.001
04:17:59 | INFO: Primitives created: 1
04:17:59 | INFO: Extracting primitive: n1358.001
04:17:59 | INFO: Primitives created: 3
04:17:59 | INFO: Extracting primitive: n1360.001
04:17:59 | INFO: Primitives created: 1
04:17:59 | INFO: Extracting primitive: n1362.001
04:17:59 | INFO: Primitives created: 1
04:17:59 | INFO: Extracting primitive: n1364.001
04:17:59 | INFO: Primitives created: 1
04:17:59 | INFO: Extracting primitive: n1366.001
04:17:59 | INFO: Primitives created: 1
04:17:59 | INFO: Extracting primitive: n2665.001
04:17:59 | INFO: Primitives created: 3
04:17:59 | INFO: Extracting primitive: n2667.001
04:17:59 | INFO: Primitives created: 1
04:17:59 | INFO: Extracting primitive: n2669.001
04:17:59 | INFO: Primitives created: 3
04:17:59 | INFO: Extracting primitive: n2671.001
04:17:59 | INFO: Primitives created: 1
04:17:59 | INFO: Extracting primitive: n2673.001
04:17:59 | INFO: Primitives created: 3
04:17:59 | INFO: Extracting primitive: n2675.001
04:17:59 | INFO: Primitives created: 1
04:17:59 | INFO: Extracting primitive: n2677.001
04:17:59 | INFO: Primitives created: 3
04:17:59 | INFO: Extracting primitive: n2679.001
04:17:59 | INFO: Primitives created: 1
04:17:59 | INFO: Extracting primitive: n2681.001
04:17:59 | INFO: Primitives created: 3
04:17:59 | INFO: Extracting primitive: n2683.001
04:17:59 | INFO: Primitives created: 1
04:17:59 | INFO: Extracting primitive: n2685.001
04:17:59 | INFO: Primitives created: 3
04:17:59 | INFO: Extracting primitive: n2687.001
04:17:59 | INFO: Primitives created: 1
04:17:59 | INFO: Extracting primitive: n2689.001
04:17:59 | INFO: Primitives created: 3
04:17:59 | INFO: Extracting primitive: n2691.001
04:17:59 | INFO: Primitives created: 1
04:17:59 | INFO: Extracting primitive: n2694.001
04:17:59 | INFO: Primitives created: 3
04:17:59 | INFO: Extracting primitive: n2696.001
04:17:59 | INFO: Primitives created: 1
04:17:59 | INFO: Extracting primitive: n2698.001
04:17:59 | INFO: Primitives created: 3
04:17:59 | INFO: Extracting primitive: n2700.001
04:17:59 | INFO: Primitives created: 1
04:17:59 | INFO: Extracting primitive: n2702.001
04:17:59 | INFO: Primitives created: 3
04:17:59 | INFO: Extracting primitive: n2704.001
04:17:59 | INFO: Primitives created: 1
04:17:59 | INFO: Extracting primitive: n2706.001
04:17:59 | INFO: Primitives created: 3
04:17:59 | INFO: Extracting primitive: n2708.001
04:17:59 | INFO: Primitives created: 1
04:17:59 | INFO: Extracting primitive: swamp-underground-waterline.001
04:17:59 | INFO: Primitives created: 1
04:17:59 | INFO: Extracting primitive: n2254.001
04:17:59 | INFO: Primitives created: 1
04:17:59 | INFO: Extracting primitive: n2255.001
04:17:59 | INFO: Primitives created: 1
04:17:59 | INFO: Extracting primitive: hull-low.003
04:17:59 | INFO: Primitives created: 2
04:17:59 | INFO: Extracting primitive: hull-prow.003
04:17:59 | INFO: Primitives created: 2
04:17:59 | INFO: Extracting primitive: mast.002
04:17:59 | INFO: Primitives created: 3
04:17:59 | INFO: Extracting primitive: n3391.001
04:17:59 | INFO: Primitives created: 6
04:17:59 | INFO: Extracting primitive: n3393.001
04:17:59 | INFO: Primitives created: 6
04:17:59 | INFO: Extracting primitive: n3395.001
04:17:59 | INFO: Primitives created: 6
04:17:59 | INFO: Extracting primitive: n3397.001
04:17:59 | INFO: Primitives created: 6
04:17:59 | INFO: Extracting primitive: n3399.001
04:17:59 | INFO: Primitives created: 6
04:17:59 | INFO: Extracting primitive: n3401.001
04:17:59 | INFO: Primitives created: 6
04:17:59 | INFO: Extracting primitive: n3403.001
04:17:59 | INFO: Primitives created: 6
04:17:59 | INFO: Extracting primitive: n3405.001
04:17:59 | INFO: Primitives created: 6
04:17:59 | INFO: Extracting primitive: n3407.001
04:17:59 | INFO: Primitives created: 6
04:17:59 | INFO: Extracting primitive: n3409.001
04:17:59 | INFO: Primitives created: 6
04:17:59 | INFO: Extracting primitive: n3411.001
04:17:59 | INFO: Primitives created: 3
04:17:59 | INFO: Extracting primitive: n3413.001
04:17:59 | INFO: Primitives created: 3
04:17:59 | INFO: Extracting primitive: n3415.001
04:17:59 | INFO: Primitives created: 6
04:17:59 | INFO: Extracting primitive: n3417.001
04:17:59 | INFO: Primitives created: 6
04:17:59 | INFO: Extracting primitive: n3419.001
04:17:59 | INFO: Primitives created: 6
04:17:59 | INFO: Extracting primitive: n3421.001
04:17:59 | INFO: Primitives created: 6
04:17:59 | INFO: Extracting primitive: n3423.001
04:17:59 | INFO: Primitives created: 6
04:17:59 | INFO: Extracting primitive: n3425.001
04:17:59 | INFO: Primitives created: 6
04:17:59 | INFO: Extracting primitive: n3427.001
04:17:59 | INFO: Primitives created: 6
04:17:59 | INFO: Extracting primitive: n3429.001
04:17:59 | INFO: Primitives created: 6
04:17:59 | INFO: Extracting primitive: n3431.001
04:17:59 | INFO: Primitives created: 6
04:17:59 | INFO: Extracting primitive: n3433.001
04:17:59 | INFO: Primitives created: 6
04:17:59 | INFO: Extracting primitive: n3435.001
04:17:59 | INFO: Primitives created: 3
04:17:59 | INFO: Extracting primitive: n3437.001
04:17:59 | INFO: Primitives created: 3
04:17:59 | INFO: Extracting primitive: n3441.001
04:17:59 | INFO: Primitives created: 2
04:17:59 | INFO: Extracting primitive: n3443.001
04:17:59 | INFO: Primitives created: 6
04:17:59 | INFO: Extracting primitive: n3445.001
04:17:59 | INFO: Primitives created: 6
04:17:59 | INFO: Extracting primitive: n3447.001
04:17:59 | INFO: Primitives created: 1
04:17:59 | INFO: Extracting primitive: n3449.001
04:17:59 | INFO: Primitives created: 6
04:17:59 | INFO: Extracting primitive: n3619.001
04:17:59 | INFO: Primitives created: 6
04:17:59 | INFO: Extracting primitive: n3621.001
04:17:59 | INFO: Primitives created: 6
04:17:59 | INFO: Extracting primitive: n3623.001
04:17:59 | INFO: Primitives created: 6
04:17:59 | INFO: Extracting primitive: n3625.001
04:17:59 | INFO: Primitives created: 6
04:17:59 | INFO: Extracting primitive: n3627.001
04:17:59 | INFO: Primitives created: 6
04:17:59 | INFO: Extracting primitive: n3629.001
04:17:59 | INFO: Primitives created: 6
04:17:59 | INFO: Extracting primitive: n3631.001
04:17:59 | INFO: Primitives created: 6
04:17:59 | INFO: Extracting primitive: n3633.001
04:17:59 | INFO: Primitives created: 6
04:17:59 | INFO: Extracting primitive: n3635.001
04:17:59 | INFO: Primitives created: 6
04:17:59 | INFO: Extracting primitive: n3637.001
04:17:59 | INFO: Primitives created: 6
04:17:59 | INFO: Extracting primitive: n3639.001
04:17:59 | INFO: Primitives created: 6
04:17:59 | INFO: Extracting primitive: n3641.001
04:17:59 | INFO: Primitives created: 6
04:17:59 | INFO: Extracting primitive: n3643.001
04:17:59 | INFO: Primitives created: 6
04:17:59 | INFO: Extracting primitive: n3645.001
04:17:59 | INFO: Primitives created: 6
04:17:59 | INFO: Extracting primitive: n3647.001
04:17:59 | INFO: Primitives created: 6
04:17:59 | INFO: Extracting primitive: n3649.001
04:17:59 | INFO: Primitives created: 6
04:17:59 | INFO: Extracting primitive: n3651.001
04:17:59 | INFO: Primitives created: 6
04:17:59 | INFO: Extracting primitive: n3653.001
04:17:59 | INFO: Primitives created: 6
04:17:59 | INFO: Extracting primitive: n3655.001
04:17:59 | INFO: Primitives created: 6
04:17:59 | INFO: Extracting primitive: n3657.001
04:17:59 | INFO: Primitives created: 6
04:17:59 | INFO: Extracting primitive: n3659.001
04:17:59 | INFO: Primitives created: 6
04:17:59 | INFO: Extracting primitive: n3661.001
04:17:59 | INFO: Primitives created: 6
04:17:59 | INFO: Extracting primitive: n3663.001
04:17:59 | INFO: Primitives created: 6
04:17:59 | INFO: Extracting primitive: n3665.001
04:17:59 | INFO: Primitives created: 6
04:17:59 | INFO: Extracting primitive: n3667.001
04:17:59 | INFO: Primitives created: 6
04:17:59 | INFO: Extracting primitive: n3669.001
04:17:59 | INFO: Primitives created: 6
04:17:59 | INFO: Extracting primitive: n3671.001
04:17:59 | INFO: Primitives created: 6
04:17:59 | INFO: Extracting primitive: n3675.001
04:17:59 | INFO: Primitives created: 3
04:17:59 | INFO: Extracting primitive: n3677.001
04:17:59 | INFO: Primitives created: 3
04:17:59 | INFO: Extracting primitive: n3681.001
04:17:59 | INFO: Primitives created: 1
04:17:59 | INFO: Extracting primitive: n3683.001
04:17:59 | INFO: Primitives created: 1
04:17:59 | INFO: Extracting primitive: n3685.001
04:17:59 | INFO: Primitives created: 1
04:17:59 | INFO: Extracting primitive: n3687.001
04:17:59 | INFO: Primitives created: 1
04:17:59 | INFO: Extracting primitive: n3689.001
04:17:59 | INFO: Primitives created: 3
04:17:59 | INFO: Extracting primitive: n3691.001
04:17:59 | INFO: Primitives created: 3
04:17:59 | INFO: Extracting primitive: n3693.001
04:17:59 | INFO: Primitives created: 3
04:17:59 | INFO: Extracting primitive: n3695.001
04:17:59 | INFO: Primitives created: 3
04:17:59 | INFO: Extracting primitive: n3697.001
04:17:59 | INFO: Primitives created: 3
04:17:59 | INFO: Extracting primitive: n3699.001
04:17:59 | INFO: Primitives created: 3
04:17:59 | INFO: Extracting primitive: n3701.001
04:17:59 | INFO: Primitives created: 6
04:17:59 | INFO: Extracting primitive: n3703.001
04:17:59 | INFO: Primitives created: 6
04:17:59 | INFO: Extracting primitive: n3705.001
04:17:59 | INFO: Primitives created: 6
04:17:59 | INFO: Extracting primitive: n3707.001
04:17:59 | INFO: Primitives created: 6
04:17:59 | INFO: Extracting primitive: n3709.001
04:17:59 | INFO: Primitives created: 6
04:17:59 | INFO: Extracting primitive: n3711.001
04:17:59 | INFO: Primitives created: 3
04:17:59 | INFO: Extracting primitive: n3713.001
04:17:59 | INFO: Primitives created: 3
04:17:59 | INFO: Extracting primitive: n3715.001
04:17:59 | INFO: Primitives created: 2
04:17:59 | INFO: Extracting primitive: n3717.001
04:17:59 | INFO: Primitives created: 2
04:17:59 | INFO: Extracting primitive: n3719.001
04:17:59 | INFO: Primitives created: 2
04:17:59 | INFO: Extracting primitive: n3721.001
04:17:59 | INFO: Primitives created: 2
04:17:59 | INFO: Extracting primitive: n3723.001
04:17:59 | INFO: Primitives created: 2
04:17:59 | INFO: Extracting primitive: night-lantern-mast.002
04:17:59 | INFO: Primitives created: 6
04:17:59 | INFO: Extracting primitive: night-lantern-stern.002
04:17:59 | INFO: Primitives created: 6
04:17:59 | INFO: Extracting primitive: oar-blade.078
04:17:59 | INFO: Primitives created: 6
04:17:59 | INFO: Extracting primitive: oar-shaft.078
04:17:59 | INFO: Primitives created: 3
04:17:59 | INFO: Extracting primitive: oar-blade.079
04:17:59 | INFO: Primitives created: 6
04:17:59 | INFO: Extracting primitive: oar-shaft.079
04:17:59 | INFO: Primitives created: 3
04:17:59 | INFO: Extracting primitive: oar-blade.080
04:17:59 | INFO: Primitives created: 6
04:17:59 | INFO: Extracting primitive: oar-shaft.080
04:17:59 | INFO: Primitives created: 3
04:17:59 | INFO: Extracting primitive: oar-blade.081
04:17:59 | INFO: Primitives created: 6
04:17:59 | INFO: Extracting primitive: oar-shaft.081
04:17:59 | INFO: Primitives created: 3
04:17:59 | INFO: Extracting primitive: oar-blade.082
04:17:59 | INFO: Primitives created: 6
04:17:59 | INFO: Extracting primitive: oar-shaft.082
04:17:59 | INFO: Primitives created: 3
04:17:59 | INFO: Extracting primitive: oar-blade.083
04:17:59 | INFO: Primitives created: 6
04:17:59 | INFO: Extracting primitive: oar-shaft.083
04:17:59 | INFO: Primitives created: 3
04:17:59 | INFO: Extracting primitive: oar-blade.084
04:17:59 | INFO: Primitives created: 6
04:17:59 | INFO: Extracting primitive: oar-shaft.084
04:17:59 | INFO: Primitives created: 3
04:17:59 | INFO: Extracting primitive: oar-blade.085
04:17:59 | INFO: Primitives created: 6
04:17:59 | INFO: Extracting primitive: oar-shaft.085
04:17:59 | INFO: Primitives created: 3
04:17:59 | INFO: Extracting primitive: oar-blade.086
04:17:59 | INFO: Primitives created: 6
04:17:59 | INFO: Extracting primitive: oar-shaft.086
04:17:59 | INFO: Primitives created: 3
04:17:59 | INFO: Extracting primitive: oar-blade.087
04:17:59 | INFO: Primitives created: 6
04:17:59 | INFO: Extracting primitive: oar-shaft.087
04:17:59 | INFO: Primitives created: 3
04:17:59 | INFO: Extracting primitive: oar-blade.088
04:17:59 | INFO: Primitives created: 6
04:17:59 | INFO: Extracting primitive: oar-shaft.088
04:17:59 | INFO: Primitives created: 3
04:17:59 | INFO: Extracting primitive: oar-blade.089
04:17:59 | INFO: Primitives created: 6
04:17:59 | INFO: Extracting primitive: oar-shaft.089
04:17:59 | INFO: Primitives created: 3
04:17:59 | INFO: Extracting primitive: oar-blade.090
04:17:59 | INFO: Primitives created: 6
04:17:59 | INFO: Extracting primitive: oar-shaft.090
04:17:59 | INFO: Primitives created: 3
04:17:59 | INFO: Extracting primitive: oar-blade.091
04:17:59 | INFO: Primitives created: 6
04:17:59 | INFO: Extracting primitive: oar-shaft.091
04:17:59 | INFO: Primitives created: 3
04:17:59 | INFO: Extracting primitive: oar-blade.092
04:17:59 | INFO: Primitives created: 6
04:17:59 | INFO: Extracting primitive: oar-shaft.092
04:17:59 | INFO: Primitives created: 3
04:17:59 | INFO: Extracting primitive: oar-blade.093
04:17:59 | INFO: Primitives created: 6
04:17:59 | INFO: Extracting primitive: oar-shaft.093
04:17:59 | INFO: Primitives created: 3
04:17:59 | INFO: Extracting primitive: oar-blade.094
04:17:59 | INFO: Primitives created: 6
04:17:59 | INFO: Extracting primitive: oar-shaft.094
04:17:59 | INFO: Primitives created: 3
04:17:59 | INFO: Extracting primitive: oar-blade.095
04:17:59 | INFO: Primitives created: 6
04:17:59 | INFO: Extracting primitive: oar-shaft.095
04:17:59 | INFO: Primitives created: 3
04:17:59 | INFO: Extracting primitive: oar-blade.096
04:17:59 | INFO: Primitives created: 6
04:17:59 | INFO: Extracting primitive: oar-shaft.096
04:17:59 | INFO: Primitives created: 3
04:17:59 | INFO: Extracting primitive: oar-blade.097
04:17:59 | INFO: Primitives created: 6
04:17:59 | INFO: Extracting primitive: oar-shaft.097
04:17:59 | INFO: Primitives created: 3
04:17:59 | INFO: Extracting primitive: oar-blade.098
04:17:59 | INFO: Primitives created: 6
04:17:59 | INFO: Extracting primitive: oar-shaft.098
04:17:59 | INFO: Primitives created: 3
04:17:59 | INFO: Extracting primitive: oar-blade.099
04:17:59 | INFO: Primitives created: 6
04:17:59 | INFO: Extracting primitive: oar-shaft.099
04:17:59 | INFO: Primitives created: 3
04:17:59 | INFO: Extracting primitive: oar-blade.100
04:17:59 | INFO: Primitives created: 6
04:17:59 | INFO: Extracting primitive: oar-shaft.100
04:17:59 | INFO: Primitives created: 3
04:17:59 | INFO: Extracting primitive: oar-blade.101
04:17:59 | INFO: Primitives created: 6
04:17:59 | INFO: Extracting primitive: oar-shaft.101
04:17:59 | INFO: Primitives created: 3
04:17:59 | INFO: Extracting primitive: oar-blade.102
04:17:59 | INFO: Primitives created: 6
04:17:59 | INFO: Extracting primitive: oar-shaft.102
04:17:59 | INFO: Primitives created: 3
04:17:59 | INFO: Extracting primitive: oar-blade.103
04:17:59 | INFO: Primitives created: 6
04:17:59 | INFO: Extracting primitive: oar-shaft.103
04:17:59 | INFO: Primitives created: 3
04:17:59 | INFO: Extracting primitive: sail.002
04:18:00 | INFO: Primitives created: 1
04:18:00 | INFO: Extracting primitive: crew-armL.027
04:18:00 | INFO: Primitives created: 3
04:18:00 | INFO: Extracting primitive: crew-armL.028
04:18:00 | INFO: Primitives created: 3
04:18:00 | INFO: Extracting primitive: crew-armL.039
04:18:00 | INFO: Primitives created: 3
04:18:00 | INFO: Extracting primitive: crew-armL.046
04:18:00 | INFO: Primitives created: 3
04:18:00 | INFO: Extracting primitive: crew-armL.047
04:18:00 | INFO: Primitives created: 3
04:18:00 | INFO: Extracting primitive: crew-armL.048
04:18:00 | INFO: Primitives created: 3
04:18:00 | INFO: Extracting primitive: crew-armL.049
04:18:00 | INFO: Primitives created: 3
04:18:00 | INFO: Extracting primitive: crew-armL.050
04:18:00 | INFO: Primitives created: 3
04:18:00 | INFO: Extracting primitive: crew-armL.051
04:18:00 | INFO: Primitives created: 3
04:18:00 | INFO: Extracting primitive: crew-armL.052
04:18:00 | INFO: Primitives created: 3
04:18:00 | INFO: Extracting primitive: crew-armL.029
04:18:00 | INFO: Primitives created: 3
04:18:00 | INFO: Extracting primitive: crew-armL.030
04:18:00 | INFO: Primitives created: 3
04:18:00 | INFO: Extracting primitive: crew-armL.031
04:18:00 | INFO: Primitives created: 3
04:18:00 | INFO: Extracting primitive: crew-armL.032
04:18:00 | INFO: Primitives created: 3
04:18:00 | INFO: Extracting primitive: crew-armL.033
04:18:00 | INFO: Primitives created: 3
04:18:00 | INFO: Extracting primitive: crew-armL.034
04:18:00 | INFO: Primitives created: 3
04:18:00 | INFO: Extracting primitive: crew-armL.035
04:18:00 | INFO: Primitives created: 3
04:18:00 | INFO: Extracting primitive: crew-armL.036
04:18:00 | INFO: Primitives created: 3
04:18:00 | INFO: Extracting primitive: crew-armL.037
04:18:00 | INFO: Primitives created: 3
04:18:00 | INFO: Extracting primitive: crew-armL.038
04:18:00 | INFO: Primitives created: 3
04:18:00 | INFO: Extracting primitive: crew-armL.040
04:18:00 | INFO: Primitives created: 3
04:18:00 | INFO: Extracting primitive: crew-armL.041
04:18:00 | INFO: Primitives created: 3
04:18:00 | INFO: Extracting primitive: crew-armL.042
04:18:00 | INFO: Primitives created: 3
04:18:00 | INFO: Extracting primitive: crew-armL.043
04:18:00 | INFO: Primitives created: 3
04:18:00 | INFO: Extracting primitive: crew-armL.044
04:18:00 | INFO: Primitives created: 3
04:18:00 | INFO: Extracting primitive: crew-armL.045
04:18:00 | INFO: Primitives created: 3
04:18:00 | INFO: Extracting primitive: crew-armL.079
04:18:00 | INFO: Primitives created: 3
04:18:00 | INFO: Extracting primitive: crew-armL.080
04:18:00 | INFO: Primitives created: 3
04:18:00 | INFO: Extracting primitive: crew-armL.091
04:18:00 | INFO: Primitives created: 3
04:18:00 | INFO: Extracting primitive: crew-armL.098
04:18:00 | INFO: Primitives created: 3
04:18:00 | INFO: Extracting primitive: crew-armL.099
04:18:00 | INFO: Primitives created: 3
04:18:00 | INFO: Extracting primitive: crew-armL.100
04:18:00 | INFO: Primitives created: 3
04:18:00 | INFO: Extracting primitive: crew-armL.101
04:18:00 | INFO: Primitives created: 3
04:18:00 | INFO: Extracting primitive: crew-armL.102
04:18:00 | INFO: Primitives created: 3
04:18:00 | INFO: Extracting primitive: crew-armL.103
04:18:00 | INFO: Primitives created: 3
04:18:00 | INFO: Extracting primitive: crew-armL.104
04:18:00 | INFO: Primitives created: 3
04:18:00 | INFO: Extracting primitive: crew-armL.081
04:18:00 | INFO: Primitives created: 3
04:18:00 | INFO: Extracting primitive: crew-armL.082
04:18:00 | INFO: Primitives created: 3
04:18:00 | INFO: Extracting primitive: crew-armL.083
04:18:00 | INFO: Primitives created: 3
04:18:00 | INFO: Extracting primitive: crew-armL.084
04:18:00 | INFO: Primitives created: 3
04:18:00 | INFO: Extracting primitive: crew-armL.085
04:18:00 | INFO: Primitives created: 3
04:18:00 | INFO: Extracting primitive: crew-armL.086
04:18:00 | INFO: Primitives created: 3
04:18:00 | INFO: Extracting primitive: crew-armL.087
04:18:00 | INFO: Primitives created: 3
04:18:00 | INFO: Extracting primitive: crew-armL.088
04:18:00 | INFO: Primitives created: 3
04:18:00 | INFO: Extracting primitive: crew-armL.089
04:18:00 | INFO: Primitives created: 3
04:18:00 | INFO: Extracting primitive: crew-armL.090
04:18:00 | INFO: Primitives created: 3
04:18:00 | INFO: Extracting primitive: crew-armL.092
04:18:00 | INFO: Primitives created: 3
04:18:00 | INFO: Extracting primitive: crew-armL.093
04:18:00 | INFO: Primitives created: 3
04:18:00 | INFO: Extracting primitive: crew-armL.094
04:18:00 | INFO: Primitives created: 3
04:18:00 | INFO: Extracting primitive: crew-armL.095
04:18:00 | INFO: Primitives created: 3
04:18:00 | INFO: Extracting primitive: crew-armL.096
04:18:00 | INFO: Primitives created: 3
04:18:00 | INFO: Extracting primitive: crew-armL.097
04:18:00 | INFO: Primitives created: 3
04:18:00 | INFO: Extracting primitive: crew-crest.027
04:18:00 | INFO: Primitives created: 2
04:18:00 | INFO: Extracting primitive: crew-crest.028
04:18:00 | INFO: Primitives created: 2
04:18:00 | INFO: Extracting primitive: crew-crest.039
04:18:00 | INFO: Primitives created: 2
04:18:00 | INFO: Extracting primitive: crew-crest.046
04:18:00 | INFO: Primitives created: 2
04:18:00 | INFO: Extracting primitive: crew-crest.047
04:18:00 | INFO: Primitives created: 2
04:18:00 | INFO: Extracting primitive: crew-crest.048
04:18:00 | INFO: Primitives created: 2
04:18:00 | INFO: Extracting primitive: crew-crest.049
04:18:00 | INFO: Primitives created: 2
04:18:00 | INFO: Extracting primitive: crew-crest.050
04:18:00 | INFO: Primitives created: 2
04:18:00 | INFO: Extracting primitive: crew-crest.051
04:18:00 | INFO: Primitives created: 2
04:18:00 | INFO: Extracting primitive: crew-crest.052
04:18:00 | INFO: Primitives created: 2
04:18:00 | INFO: Extracting primitive: crew-crest.029
04:18:00 | INFO: Primitives created: 2
04:18:00 | INFO: Extracting primitive: crew-crest.030
04:18:00 | INFO: Primitives created: 2
04:18:00 | INFO: Extracting primitive: crew-crest.031
04:18:00 | INFO: Primitives created: 2
04:18:00 | INFO: Extracting primitive: crew-crest.032
04:18:00 | INFO: Primitives created: 2
04:18:00 | INFO: Extracting primitive: crew-crest.033
04:18:00 | INFO: Primitives created: 2
04:18:00 | INFO: Extracting primitive: crew-crest.034
04:18:00 | INFO: Primitives created: 2
04:18:00 | INFO: Extracting primitive: crew-crest.035
04:18:00 | INFO: Primitives created: 2
04:18:00 | INFO: Extracting primitive: crew-crest.036
04:18:00 | INFO: Primitives created: 2
04:18:00 | INFO: Extracting primitive: crew-crest.037
04:18:00 | INFO: Primitives created: 2
04:18:00 | INFO: Extracting primitive: crew-crest.038
04:18:00 | INFO: Primitives created: 2
04:18:00 | INFO: Extracting primitive: crew-crest.040
04:18:00 | INFO: Primitives created: 2
04:18:00 | INFO: Extracting primitive: crew-crest.041
04:18:00 | INFO: Primitives created: 2
04:18:00 | INFO: Extracting primitive: crew-crest.042
04:18:00 | INFO: Primitives created: 2
04:18:00 | INFO: Extracting primitive: crew-crest.043
04:18:00 | INFO: Primitives created: 2
04:18:00 | INFO: Extracting primitive: crew-crest.044
04:18:00 | INFO: Primitives created: 2
04:18:00 | INFO: Extracting primitive: crew-crest.045
04:18:00 | INFO: Primitives created: 2
04:18:00 | INFO: Extracting primitive: crew-crestFeathers.027
04:18:00 | INFO: Primitives created: 1
04:18:00 | INFO: Extracting primitive: crew-crestFeathers.028
04:18:00 | INFO: Primitives created: 1
04:18:00 | INFO: Extracting primitive: crew-crestFeathers.039
04:18:00 | INFO: Primitives created: 1
04:18:00 | INFO: Extracting primitive: crew-crestFeathers.046
04:18:00 | INFO: Primitives created: 1
04:18:00 | INFO: Extracting primitive: crew-crestFeathers.047
04:18:00 | INFO: Primitives created: 1
04:18:00 | INFO: Extracting primitive: crew-crestFeathers.048
04:18:00 | INFO: Primitives created: 1
04:18:00 | INFO: Extracting primitive: crew-crestFeathers.049
04:18:00 | INFO: Primitives created: 1
04:18:00 | INFO: Extracting primitive: crew-crestFeathers.050
04:18:00 | INFO: Primitives created: 1
04:18:00 | INFO: Extracting primitive: crew-crestFeathers.051
04:18:00 | INFO: Primitives created: 1
04:18:00 | INFO: Extracting primitive: crew-crestFeathers.052
04:18:00 | INFO: Primitives created: 1
04:18:00 | INFO: Extracting primitive: crew-crestFeathers.029
04:18:00 | INFO: Primitives created: 1
04:18:00 | INFO: Extracting primitive: crew-crestFeathers.030
04:18:00 | INFO: Primitives created: 1
04:18:00 | INFO: Extracting primitive: crew-crestFeathers.031
04:18:00 | INFO: Primitives created: 1
04:18:00 | INFO: Extracting primitive: crew-crestFeathers.032
04:18:00 | INFO: Primitives created: 1
04:18:00 | INFO: Extracting primitive: crew-crestFeathers.033
04:18:00 | INFO: Primitives created: 1
04:18:00 | INFO: Extracting primitive: crew-crestFeathers.034
04:18:00 | INFO: Primitives created: 1
04:18:00 | INFO: Extracting primitive: crew-crestFeathers.035
04:18:00 | INFO: Primitives created: 1
04:18:00 | INFO: Extracting primitive: crew-crestFeathers.036
04:18:00 | INFO: Primitives created: 1
04:18:00 | INFO: Extracting primitive: crew-crestFeathers.037
04:18:00 | INFO: Primitives created: 1
04:18:00 | INFO: Extracting primitive: crew-crestFeathers.038
04:18:00 | INFO: Primitives created: 1
04:18:00 | INFO: Extracting primitive: crew-crestFeathers.040
04:18:00 | INFO: Primitives created: 1
04:18:00 | INFO: Extracting primitive: crew-crestFeathers.041
04:18:00 | INFO: Primitives created: 1
04:18:00 | INFO: Extracting primitive: crew-crestFeathers.042
04:18:00 | INFO: Primitives created: 1
04:18:00 | INFO: Extracting primitive: crew-crestFeathers.043
04:18:00 | INFO: Primitives created: 1
04:18:00 | INFO: Extracting primitive: crew-crestFeathers.044
04:18:00 | INFO: Primitives created: 1
04:18:00 | INFO: Extracting primitive: crew-crestFeathers.045
04:18:00 | INFO: Primitives created: 1
04:18:00 | INFO: Extracting primitive: crew-crestStems.027
04:18:00 | INFO: Primitives created: 1
04:18:00 | INFO: Extracting primitive: crew-crestStems.028
04:18:00 | INFO: Primitives created: 1
04:18:00 | INFO: Extracting primitive: crew-crestStems.039
04:18:00 | INFO: Primitives created: 1
04:18:00 | INFO: Extracting primitive: crew-crestStems.046
04:18:00 | INFO: Primitives created: 1
04:18:00 | INFO: Extracting primitive: crew-crestStems.047
04:18:00 | INFO: Primitives created: 1
04:18:00 | INFO: Extracting primitive: crew-crestStems.048
04:18:00 | INFO: Primitives created: 1
04:18:00 | INFO: Extracting primitive: crew-crestStems.049
04:18:00 | INFO: Primitives created: 1
04:18:00 | INFO: Extracting primitive: crew-crestStems.050
04:18:00 | INFO: Primitives created: 1
04:18:00 | INFO: Extracting primitive: crew-crestStems.051
04:18:00 | INFO: Primitives created: 1
04:18:00 | INFO: Extracting primitive: crew-crestStems.052
04:18:00 | INFO: Primitives created: 1
04:18:00 | INFO: Extracting primitive: crew-crestStems.029
04:18:00 | INFO: Primitives created: 1
04:18:00 | INFO: Extracting primitive: crew-crestStems.030
04:18:00 | INFO: Primitives created: 1
04:18:00 | INFO: Extracting primitive: crew-crestStems.031
04:18:00 | INFO: Primitives created: 1
04:18:00 | INFO: Extracting primitive: crew-crestStems.032
04:18:00 | INFO: Primitives created: 1
04:18:00 | INFO: Extracting primitive: crew-crestStems.033
04:18:00 | INFO: Primitives created: 1
04:18:00 | INFO: Extracting primitive: crew-crestStems.034
04:18:00 | INFO: Primitives created: 1
04:18:00 | INFO: Extracting primitive: crew-crestStems.035
04:18:00 | INFO: Primitives created: 1
04:18:00 | INFO: Extracting primitive: crew-crestStems.036
04:18:00 | INFO: Primitives created: 1
04:18:00 | INFO: Extracting primitive: crew-crestStems.037
04:18:00 | INFO: Primitives created: 1
04:18:00 | INFO: Extracting primitive: crew-crestStems.038
04:18:00 | INFO: Primitives created: 1
04:18:00 | INFO: Extracting primitive: crew-crestStems.040
04:18:00 | INFO: Primitives created: 1
04:18:00 | INFO: Extracting primitive: crew-crestStems.041
04:18:00 | INFO: Primitives created: 1
04:18:00 | INFO: Extracting primitive: crew-crestStems.042
04:18:00 | INFO: Primitives created: 1
04:18:00 | INFO: Extracting primitive: crew-crestStems.043
04:18:00 | INFO: Primitives created: 1
04:18:00 | INFO: Extracting primitive: crew-crestStems.044
04:18:00 | INFO: Primitives created: 1
04:18:00 | INFO: Extracting primitive: crew-crestStems.045
04:18:00 | INFO: Primitives created: 1
04:18:00 | INFO: Extracting primitive: crew-head.027
04:18:00 | INFO: Primitives created: 1
04:18:00 | INFO: Extracting primitive: crew-head.028
04:18:00 | INFO: Primitives created: 1
04:18:00 | INFO: Extracting primitive: crew-head.039
04:18:00 | INFO: Primitives created: 1
04:18:00 | INFO: Extracting primitive: crew-head.046
04:18:00 | INFO: Primitives created: 1
04:18:00 | INFO: Extracting primitive: crew-head.047
04:18:00 | INFO: Primitives created: 1
04:18:00 | INFO: Extracting primitive: crew-head.048
04:18:00 | INFO: Primitives created: 1
04:18:00 | INFO: Extracting primitive: crew-head.049
04:18:00 | INFO: Primitives created: 1
04:18:00 | INFO: Extracting primitive: crew-head.050
04:18:00 | INFO: Primitives created: 1
04:18:00 | INFO: Extracting primitive: crew-head.051
04:18:00 | INFO: Primitives created: 1
04:18:00 | INFO: Extracting primitive: crew-head.052
04:18:00 | INFO: Primitives created: 1
04:18:00 | INFO: Extracting primitive: crew-head.029
04:18:00 | INFO: Primitives created: 1
04:18:00 | INFO: Extracting primitive: crew-head.030
04:18:00 | INFO: Primitives created: 1
04:18:00 | INFO: Extracting primitive: crew-head.031
04:18:00 | INFO: Primitives created: 1
04:18:00 | INFO: Extracting primitive: crew-head.032
04:18:00 | INFO: Primitives created: 1
04:18:00 | INFO: Extracting primitive: crew-head.033
04:18:00 | INFO: Primitives created: 1
04:18:00 | INFO: Extracting primitive: crew-head.034
04:18:00 | INFO: Primitives created: 1
04:18:00 | INFO: Extracting primitive: crew-head.035
04:18:00 | INFO: Primitives created: 1
04:18:00 | INFO: Extracting primitive: crew-head.036
04:18:00 | INFO: Primitives created: 1
04:18:00 | INFO: Extracting primitive: crew-head.037
04:18:00 | INFO: Primitives created: 1
04:18:00 | INFO: Extracting primitive: crew-head.038
04:18:00 | INFO: Primitives created: 1
04:18:00 | INFO: Extracting primitive: crew-head.040
04:18:00 | INFO: Primitives created: 1
04:18:00 | INFO: Extracting primitive: crew-head.041
04:18:00 | INFO: Primitives created: 1
04:18:00 | INFO: Extracting primitive: crew-head.042
04:18:00 | INFO: Primitives created: 1
04:18:00 | INFO: Extracting primitive: crew-head.043
04:18:00 | INFO: Primitives created: 1
04:18:00 | INFO: Extracting primitive: crew-head.044
04:18:00 | INFO: Primitives created: 1
04:18:00 | INFO: Extracting primitive: crew-head.045
04:18:00 | INFO: Primitives created: 1
04:18:00 | INFO: Extracting primitive: crew-helmet.027
04:18:00 | INFO: Primitives created: 1
04:18:00 | INFO: Extracting primitive: crew-helmet.028
04:18:00 | INFO: Primitives created: 1
04:18:00 | INFO: Extracting primitive: crew-helmet.039
04:18:00 | INFO: Primitives created: 1
04:18:00 | INFO: Extracting primitive: crew-helmet.046
04:18:00 | INFO: Primitives created: 1
04:18:00 | INFO: Extracting primitive: crew-helmet.047
04:18:00 | INFO: Primitives created: 1
04:18:00 | INFO: Extracting primitive: crew-helmet.048
04:18:00 | INFO: Primitives created: 1
04:18:00 | INFO: Extracting primitive: crew-helmet.049
04:18:00 | INFO: Primitives created: 1
04:18:00 | INFO: Extracting primitive: crew-helmet.050
04:18:00 | INFO: Primitives created: 1
04:18:00 | INFO: Extracting primitive: crew-helmet.051
04:18:00 | INFO: Primitives created: 1
04:18:00 | INFO: Extracting primitive: crew-helmet.052
04:18:00 | INFO: Primitives created: 1
04:18:00 | INFO: Extracting primitive: crew-helmet.029
04:18:00 | INFO: Primitives created: 1
04:18:00 | INFO: Extracting primitive: crew-helmet.030
04:18:00 | INFO: Primitives created: 1
04:18:00 | INFO: Extracting primitive: crew-helmet.031
04:18:00 | INFO: Primitives created: 1
04:18:00 | INFO: Extracting primitive: crew-helmet.032
04:18:00 | INFO: Primitives created: 1
04:18:00 | INFO: Extracting primitive: crew-helmet.033
04:18:00 | INFO: Primitives created: 1
04:18:00 | INFO: Extracting primitive: crew-helmet.034
04:18:00 | INFO: Primitives created: 1
04:18:00 | INFO: Extracting primitive: crew-helmet.035
04:18:00 | INFO: Primitives created: 1
04:18:00 | INFO: Extracting primitive: crew-helmet.036
04:18:00 | INFO: Primitives created: 1
04:18:00 | INFO: Extracting primitive: crew-helmet.037
04:18:00 | INFO: Primitives created: 1
04:18:00 | INFO: Extracting primitive: crew-helmet.038
04:18:00 | INFO: Primitives created: 1
04:18:00 | INFO: Extracting primitive: crew-helmet.040
04:18:00 | INFO: Primitives created: 1
04:18:00 | INFO: Extracting primitive: crew-helmet.041
04:18:00 | INFO: Primitives created: 1
04:18:00 | INFO: Extracting primitive: crew-helmet.042
04:18:00 | INFO: Primitives created: 1
04:18:00 | INFO: Extracting primitive: crew-helmet.043
04:18:00 | INFO: Primitives created: 1
04:18:00 | INFO: Extracting primitive: crew-helmet.044
04:18:00 | INFO: Primitives created: 1
04:18:00 | INFO: Extracting primitive: crew-helmet.045
04:18:00 | INFO: Primitives created: 1
04:18:00 | INFO: Extracting primitive: crew-legL.027
04:18:00 | INFO: Primitives created: 3
04:18:00 | INFO: Extracting primitive: crew-legL.028
04:18:00 | INFO: Primitives created: 3
04:18:00 | INFO: Extracting primitive: crew-legL.039
04:18:00 | INFO: Primitives created: 3
04:18:00 | INFO: Extracting primitive: crew-legL.046
04:18:00 | INFO: Primitives created: 3
04:18:00 | INFO: Extracting primitive: crew-legL.047
04:18:00 | INFO: Primitives created: 3
04:18:00 | INFO: Extracting primitive: crew-legL.048
04:18:00 | INFO: Primitives created: 3
04:18:00 | INFO: Extracting primitive: crew-legL.049
04:18:00 | INFO: Primitives created: 3
04:18:00 | INFO: Extracting primitive: crew-legL.050
04:18:00 | INFO: Primitives created: 3
04:18:00 | INFO: Extracting primitive: crew-legL.051
04:18:00 | INFO: Primitives created: 3
04:18:00 | INFO: Extracting primitive: crew-legL.052
04:18:00 | INFO: Primitives created: 3
04:18:00 | INFO: Extracting primitive: crew-legL.029
04:18:00 | INFO: Primitives created: 3
04:18:00 | INFO: Extracting primitive: crew-legL.030
04:18:00 | INFO: Primitives created: 3
04:18:00 | INFO: Extracting primitive: crew-legL.031
04:18:00 | INFO: Primitives created: 3
04:18:00 | INFO: Extracting primitive: crew-legL.032
04:18:00 | INFO: Primitives created: 3
04:18:00 | INFO: Extracting primitive: crew-legL.033
04:18:00 | INFO: Primitives created: 3
04:18:00 | INFO: Extracting primitive: crew-legL.034
04:18:00 | INFO: Primitives created: 3
04:18:00 | INFO: Extracting primitive: crew-legL.035
04:18:00 | INFO: Primitives created: 3
04:18:00 | INFO: Extracting primitive: crew-legL.036
04:18:00 | INFO: Primitives created: 3
04:18:00 | INFO: Extracting primitive: crew-legL.037
04:18:00 | INFO: Primitives created: 3
04:18:00 | INFO: Extracting primitive: crew-legL.038
04:18:00 | INFO: Primitives created: 3
04:18:00 | INFO: Extracting primitive: crew-legL.040
04:18:00 | INFO: Primitives created: 3
04:18:00 | INFO: Extracting primitive: crew-legL.041
04:18:00 | INFO: Primitives created: 3
04:18:00 | INFO: Extracting primitive: crew-legL.042
04:18:00 | INFO: Primitives created: 3
04:18:00 | INFO: Extracting primitive: crew-legL.043
04:18:00 | INFO: Primitives created: 3
04:18:00 | INFO: Extracting primitive: crew-legL.044
04:18:00 | INFO: Primitives created: 3
04:18:00 | INFO: Extracting primitive: crew-legL.045
04:18:00 | INFO: Primitives created: 3
04:18:00 | INFO: Extracting primitive: crew-legL.079
04:18:00 | INFO: Primitives created: 3
04:18:00 | INFO: Extracting primitive: crew-legL.080
04:18:00 | INFO: Primitives created: 3
04:18:00 | INFO: Extracting primitive: crew-legL.091
04:18:00 | INFO: Primitives created: 3
04:18:00 | INFO: Extracting primitive: crew-legL.098
04:18:00 | INFO: Primitives created: 3
04:18:00 | INFO: Extracting primitive: crew-legL.099
04:18:00 | INFO: Primitives created: 3
04:18:00 | INFO: Extracting primitive: crew-legL.100
04:18:00 | INFO: Primitives created: 3
04:18:00 | INFO: Extracting primitive: crew-legL.101
04:18:00 | INFO: Primitives created: 3
04:18:00 | INFO: Extracting primitive: crew-legL.102
04:18:00 | INFO: Primitives created: 3
04:18:00 | INFO: Extracting primitive: crew-legL.103
04:18:00 | INFO: Primitives created: 3
04:18:00 | INFO: Extracting primitive: crew-legL.104
04:18:00 | INFO: Primitives created: 3
04:18:00 | INFO: Extracting primitive: crew-legL.081
04:18:00 | INFO: Primitives created: 3
04:18:00 | INFO: Extracting primitive: crew-legL.082
04:18:00 | INFO: Primitives created: 3
04:18:00 | INFO: Extracting primitive: crew-legL.083
04:18:00 | INFO: Primitives created: 3
04:18:00 | INFO: Extracting primitive: crew-legL.084
04:18:00 | INFO: Primitives created: 3
04:18:00 | INFO: Extracting primitive: crew-legL.085
04:18:00 | INFO: Primitives created: 3
04:18:00 | INFO: Extracting primitive: crew-legL.086
04:18:00 | INFO: Primitives created: 3
04:18:00 | INFO: Extracting primitive: crew-legL.087
04:18:00 | INFO: Primitives created: 3
04:18:00 | INFO: Extracting primitive: crew-legL.088
04:18:00 | INFO: Primitives created: 3
04:18:00 | INFO: Extracting primitive: crew-legL.089
04:18:00 | INFO: Primitives created: 3
04:18:00 | INFO: Extracting primitive: crew-legL.090
04:18:00 | INFO: Primitives created: 3
04:18:00 | INFO: Extracting primitive: crew-legL.092
04:18:00 | INFO: Primitives created: 3
04:18:00 | INFO: Extracting primitive: crew-legL.093
04:18:00 | INFO: Primitives created: 3
04:18:00 | INFO: Extracting primitive: crew-legL.094
04:18:00 | INFO: Primitives created: 3
04:18:00 | INFO: Extracting primitive: crew-legL.095
04:18:00 | INFO: Primitives created: 3
04:18:00 | INFO: Extracting primitive: crew-legL.096
04:18:00 | INFO: Primitives created: 3
04:18:00 | INFO: Extracting primitive: crew-legL.097
04:18:00 | INFO: Primitives created: 3
04:18:00 | INFO: Extracting primitive: crew-skirt.027
04:18:00 | INFO: Primitives created: 1
04:18:00 | INFO: Extracting primitive: crew-skirt.028
04:18:00 | INFO: Primitives created: 1
04:18:00 | INFO: Extracting primitive: crew-skirt.039
04:18:00 | INFO: Primitives created: 1
04:18:00 | INFO: Extracting primitive: crew-skirt.046
04:18:00 | INFO: Primitives created: 1
04:18:00 | INFO: Extracting primitive: crew-skirt.047
04:18:00 | INFO: Primitives created: 1
04:18:00 | INFO: Extracting primitive: crew-skirt.048
04:18:00 | INFO: Primitives created: 1
04:18:00 | INFO: Extracting primitive: crew-skirt.049
04:18:00 | INFO: Primitives created: 1
04:18:00 | INFO: Extracting primitive: crew-skirt.050
04:18:00 | INFO: Primitives created: 1
04:18:00 | INFO: Extracting primitive: crew-skirt.051
04:18:00 | INFO: Primitives created: 1
04:18:00 | INFO: Extracting primitive: crew-skirt.052
04:18:00 | INFO: Primitives created: 1
04:18:00 | INFO: Extracting primitive: crew-skirt.029
04:18:00 | INFO: Primitives created: 1
04:18:00 | INFO: Extracting primitive: crew-skirt.030
04:18:00 | INFO: Primitives created: 1
04:18:00 | INFO: Extracting primitive: crew-skirt.031
04:18:00 | INFO: Primitives created: 1
04:18:00 | INFO: Extracting primitive: crew-skirt.032
04:18:00 | INFO: Primitives created: 1
04:18:00 | INFO: Extracting primitive: crew-skirt.033
04:18:00 | INFO: Primitives created: 1
04:18:00 | INFO: Extracting primitive: crew-skirt.034
04:18:00 | INFO: Primitives created: 1
04:18:00 | INFO: Extracting primitive: crew-skirt.035
04:18:00 | INFO: Primitives created: 1
04:18:00 | INFO: Extracting primitive: crew-skirt.036
04:18:00 | INFO: Primitives created: 1
04:18:00 | INFO: Extracting primitive: crew-skirt.037
04:18:00 | INFO: Primitives created: 1
04:18:00 | INFO: Extracting primitive: crew-skirt.038
04:18:00 | INFO: Primitives created: 1
04:18:00 | INFO: Extracting primitive: crew-skirt.040
04:18:00 | INFO: Primitives created: 1
04:18:00 | INFO: Extracting primitive: crew-skirt.041
04:18:00 | INFO: Primitives created: 1
04:18:00 | INFO: Extracting primitive: crew-skirt.042
04:18:00 | INFO: Primitives created: 1
04:18:00 | INFO: Extracting primitive: crew-skirt.043
04:18:00 | INFO: Primitives created: 1
04:18:00 | INFO: Extracting primitive: crew-skirt.044
04:18:00 | INFO: Primitives created: 1
04:18:00 | INFO: Extracting primitive: crew-skirt.045
04:18:00 | INFO: Primitives created: 1
04:18:00 | INFO: Extracting primitive: crew-torso.027
04:18:00 | INFO: Primitives created: 1
04:18:00 | INFO: Extracting primitive: crew-torso.028
04:18:00 | INFO: Primitives created: 1
04:18:00 | INFO: Extracting primitive: crew-torso.039
04:18:00 | INFO: Primitives created: 1
04:18:00 | INFO: Extracting primitive: crew-torso.046
04:18:00 | INFO: Primitives created: 1
04:18:00 | INFO: Extracting primitive: crew-torso.047
04:18:00 | INFO: Primitives created: 1
04:18:00 | INFO: Extracting primitive: crew-torso.048
04:18:00 | INFO: Primitives created: 1
04:18:00 | INFO: Extracting primitive: crew-torso.049
04:18:00 | INFO: Primitives created: 1
04:18:00 | INFO: Extracting primitive: crew-torso.050
04:18:00 | INFO: Primitives created: 1
04:18:00 | INFO: Extracting primitive: crew-torso.051
04:18:00 | INFO: Primitives created: 1
04:18:00 | INFO: Extracting primitive: crew-torso.052
04:18:00 | INFO: Primitives created: 1
04:18:00 | INFO: Extracting primitive: crew-torso.029
04:18:00 | INFO: Primitives created: 1
04:18:00 | INFO: Extracting primitive: crew-torso.030
04:18:00 | INFO: Primitives created: 1
04:18:00 | INFO: Extracting primitive: crew-torso.031
04:18:00 | INFO: Primitives created: 1
04:18:00 | INFO: Extracting primitive: crew-torso.032
04:18:00 | INFO: Primitives created: 1
04:18:00 | INFO: Extracting primitive: crew-torso.033
04:18:00 | INFO: Primitives created: 1
04:18:00 | INFO: Extracting primitive: crew-torso.034
04:18:00 | INFO: Primitives created: 1
04:18:00 | INFO: Extracting primitive: crew-torso.035
04:18:00 | INFO: Primitives created: 1
04:18:00 | INFO: Extracting primitive: crew-torso.036
04:18:00 | INFO: Primitives created: 1
04:18:00 | INFO: Extracting primitive: crew-torso.037
04:18:00 | INFO: Primitives created: 1
04:18:00 | INFO: Extracting primitive: crew-torso.038
04:18:00 | INFO: Primitives created: 1
04:18:00 | INFO: Extracting primitive: crew-torso.040
04:18:00 | INFO: Primitives created: 1
04:18:00 | INFO: Extracting primitive: crew-torso.041
04:18:00 | INFO: Primitives created: 1
04:18:00 | INFO: Extracting primitive: crew-torso.042
04:18:00 | INFO: Primitives created: 1
04:18:00 | INFO: Extracting primitive: crew-torso.043
04:18:00 | INFO: Primitives created: 1
04:18:00 | INFO: Extracting primitive: crew-torso.044
04:18:00 | INFO: Primitives created: 1
04:18:00 | INFO: Extracting primitive: crew-torso.045
04:18:00 | INFO: Primitives created: 1
04:18:00 | INFO: Extracting primitive: hull-low.002
04:18:00 | INFO: Primitives created: 2
04:18:00 | INFO: Extracting primitive: hull-prow.002
04:18:00 | INFO: Primitives created: 2
04:18:00 | INFO: Extracting primitive: n2959.001
04:18:00 | INFO: Primitives created: 6
04:18:00 | INFO: Extracting primitive: n2961.001
04:18:00 | INFO: Primitives created: 6
04:18:00 | INFO: Extracting primitive: n2963.001
04:18:00 | INFO: Primitives created: 6
04:18:00 | INFO: Extracting primitive: n2965.001
04:18:00 | INFO: Primitives created: 6
04:18:00 | INFO: Extracting primitive: n2967.001
04:18:00 | INFO: Primitives created: 6
04:18:00 | INFO: Extracting primitive: n2969.001
04:18:00 | INFO: Primitives created: 6
04:18:00 | INFO: Extracting primitive: n2971.001
04:18:00 | INFO: Primitives created: 6
04:18:00 | INFO: Extracting primitive: n2973.001
04:18:00 | INFO: Primitives created: 6
04:18:00 | INFO: Extracting primitive: n2975.001
04:18:00 | INFO: Primitives created: 6
04:18:00 | INFO: Extracting primitive: n2977.001
04:18:00 | INFO: Primitives created: 6
04:18:00 | INFO: Extracting primitive: n2979.001
04:18:00 | INFO: Primitives created: 3
04:18:00 | INFO: Extracting primitive: n2981.001
04:18:00 | INFO: Primitives created: 3
04:18:00 | INFO: Extracting primitive: n2983.001
04:18:00 | INFO: Primitives created: 6
04:18:00 | INFO: Extracting primitive: n2985.001
04:18:00 | INFO: Primitives created: 6
04:18:00 | INFO: Extracting primitive: n2987.001
04:18:00 | INFO: Primitives created: 6
04:18:00 | INFO: Extracting primitive: n2989.001
04:18:00 | INFO: Primitives created: 6
04:18:00 | INFO: Extracting primitive: n2991.001
04:18:00 | INFO: Primitives created: 6
04:18:00 | INFO: Extracting primitive: n2993.001
04:18:00 | INFO: Primitives created: 6
04:18:00 | INFO: Extracting primitive: n2995.001
04:18:00 | INFO: Primitives created: 6
04:18:00 | INFO: Extracting primitive: n2997.001
04:18:00 | INFO: Primitives created: 6
04:18:00 | INFO: Extracting primitive: n2999.001
04:18:00 | INFO: Primitives created: 6
04:18:00 | INFO: Extracting primitive: n3001.001
04:18:00 | INFO: Primitives created: 6
04:18:00 | INFO: Extracting primitive: n3003.001
04:18:00 | INFO: Primitives created: 3
04:18:00 | INFO: Extracting primitive: n3005.001
04:18:00 | INFO: Primitives created: 3
04:18:00 | INFO: Extracting primitive: n3009.001
04:18:00 | INFO: Primitives created: 2
04:18:00 | INFO: Extracting primitive: n3011.001
04:18:00 | INFO: Primitives created: 6
04:18:00 | INFO: Extracting primitive: n3013.001
04:18:00 | INFO: Primitives created: 6
04:18:00 | INFO: Extracting primitive: n3015.001
04:18:00 | INFO: Primitives created: 1
04:18:00 | INFO: Extracting primitive: n3187.001
04:18:00 | INFO: Primitives created: 6
04:18:00 | INFO: Extracting primitive: n3189.001
04:18:00 | INFO: Primitives created: 6
04:18:00 | INFO: Extracting primitive: n3191.001
04:18:00 | INFO: Primitives created: 6
04:18:00 | INFO: Extracting primitive: n3193.001
04:18:00 | INFO: Primitives created: 6
04:18:00 | INFO: Extracting primitive: n3195.001
04:18:00 | INFO: Primitives created: 6
04:18:00 | INFO: Extracting primitive: n3197.001
04:18:00 | INFO: Primitives created: 6
04:18:00 | INFO: Extracting primitive: n3199.001
04:18:00 | INFO: Primitives created: 6
04:18:00 | INFO: Extracting primitive: n3201.001
04:18:00 | INFO: Primitives created: 6
04:18:00 | INFO: Extracting primitive: n3203.001
04:18:00 | INFO: Primitives created: 6
04:18:00 | INFO: Extracting primitive: n3205.001
04:18:00 | INFO: Primitives created: 6
04:18:00 | INFO: Extracting primitive: n3207.001
04:18:00 | INFO: Primitives created: 6
04:18:00 | INFO: Extracting primitive: n3209.001
04:18:00 | INFO: Primitives created: 6
04:18:00 | INFO: Extracting primitive: n3211.001
04:18:00 | INFO: Primitives created: 6
04:18:00 | INFO: Extracting primitive: n3213.001
04:18:00 | INFO: Primitives created: 6
04:18:00 | INFO: Extracting primitive: n3215.001
04:18:00 | INFO: Primitives created: 6
04:18:00 | INFO: Extracting primitive: n3217.001
04:18:00 | INFO: Primitives created: 6
04:18:00 | INFO: Extracting primitive: n3219.001
04:18:00 | INFO: Primitives created: 6
04:18:00 | INFO: Extracting primitive: n3221.001
04:18:00 | INFO: Primitives created: 6
04:18:00 | INFO: Extracting primitive: n3223.001
04:18:00 | INFO: Primitives created: 6
04:18:00 | INFO: Extracting primitive: n3225.001
04:18:00 | INFO: Primitives created: 6
04:18:00 | INFO: Extracting primitive: n3227.001
04:18:00 | INFO: Primitives created: 6
04:18:00 | INFO: Extracting primitive: n3229.001
04:18:00 | INFO: Primitives created: 6
04:18:00 | INFO: Extracting primitive: n3231.001
04:18:00 | INFO: Primitives created: 6
04:18:00 | INFO: Extracting primitive: n3233.001
04:18:00 | INFO: Primitives created: 6
04:18:00 | INFO: Extracting primitive: n3235.001
04:18:00 | INFO: Primitives created: 6
04:18:00 | INFO: Extracting primitive: n3237.001
04:18:00 | INFO: Primitives created: 6
04:18:00 | INFO: Extracting primitive: n3239.001
04:18:00 | INFO: Primitives created: 6
04:18:00 | INFO: Extracting primitive: n3297.001
04:18:00 | INFO: Primitives created: 3
04:18:00 | INFO: Extracting primitive: n3299.001
04:18:00 | INFO: Primitives created: 3
04:18:00 | INFO: Extracting primitive: n3302.001
04:18:00 | INFO: Primitives created: 1
04:18:00 | INFO: Extracting primitive: n3304.001
04:18:00 | INFO: Primitives created: 1
04:18:00 | INFO: Extracting primitive: n3306.001
04:18:00 | INFO: Primitives created: 1
04:18:00 | INFO: Extracting primitive: n3308.001
04:18:00 | INFO: Primitives created: 1
04:18:00 | INFO: Extracting primitive: n3310.001
04:18:00 | INFO: Primitives created: 1
04:18:00 | INFO: Extracting primitive: n3312.001
04:18:00 | INFO: Primitives created: 3
04:18:00 | INFO: Extracting primitive: n3314.001
04:18:00 | INFO: Primitives created: 3
04:18:00 | INFO: Extracting primitive: n3316.001
04:18:00 | INFO: Primitives created: 3
04:18:00 | INFO: Extracting primitive: n3318.001
04:18:00 | INFO: Primitives created: 3
04:18:00 | INFO: Extracting primitive: n3320.001
04:18:00 | INFO: Primitives created: 1
04:18:00 | INFO: Extracting primitive: n3322.001
04:18:00 | INFO: Primitives created: 3
04:18:00 | INFO: Extracting primitive: n3324.001
04:18:00 | INFO: Primitives created: 3
04:18:00 | INFO: Extracting primitive: n3326.001
04:18:00 | INFO: Primitives created: 3
04:18:00 | INFO: Extracting primitive: n3328.001
04:18:00 | WARNING: More than one shader node tex image used for a texture. The resulting glTF sampler will behave like the first shader node tex image.
04:18:00 | INFO: Primitives created: 1
04:18:00 | INFO: Extracting primitive: oar-blade.052
04:18:00 | INFO: Primitives created: 6
04:18:00 | INFO: Extracting primitive: oar-shaft.052
04:18:00 | INFO: Primitives created: 3
04:18:00 | INFO: Extracting primitive: oar-blade.053
04:18:00 | INFO: Primitives created: 6
04:18:00 | INFO: Extracting primitive: oar-shaft.053
04:18:00 | INFO: Primitives created: 3
04:18:00 | INFO: Extracting primitive: oar-blade.054
04:18:00 | INFO: Primitives created: 6
04:18:00 | INFO: Extracting primitive: oar-shaft.054
04:18:00 | INFO: Primitives created: 3
04:18:00 | INFO: Extracting primitive: oar-blade.055
04:18:00 | INFO: Primitives created: 6
04:18:00 | INFO: Extracting primitive: oar-shaft.055
04:18:00 | INFO: Primitives created: 3
04:18:00 | INFO: Extracting primitive: oar-blade.056
04:18:00 | INFO: Primitives created: 6
04:18:00 | INFO: Extracting primitive: oar-shaft.056
04:18:00 | INFO: Primitives created: 3
04:18:00 | INFO: Extracting primitive: oar-blade.057
04:18:00 | INFO: Primitives created: 6
04:18:00 | INFO: Extracting primitive: oar-shaft.057
04:18:00 | INFO: Primitives created: 3
04:18:00 | INFO: Extracting primitive: oar-blade.058
04:18:00 | INFO: Primitives created: 6
04:18:00 | INFO: Extracting primitive: oar-shaft.058
04:18:00 | INFO: Primitives created: 3
04:18:00 | INFO: Extracting primitive: oar-blade.059
04:18:00 | INFO: Primitives created: 6
04:18:00 | INFO: Extracting primitive: oar-shaft.059
04:18:00 | INFO: Primitives created: 3
04:18:00 | INFO: Extracting primitive: oar-blade.060
04:18:00 | INFO: Primitives created: 6
04:18:00 | INFO: Extracting primitive: oar-shaft.060
04:18:00 | INFO: Primitives created: 3
04:18:00 | INFO: Extracting primitive: oar-blade.061
04:18:00 | INFO: Primitives created: 6
04:18:00 | INFO: Extracting primitive: oar-shaft.061
04:18:00 | INFO: Primitives created: 3
04:18:00 | INFO: Extracting primitive: oar-blade.062
04:18:00 | INFO: Primitives created: 6
04:18:00 | INFO: Extracting primitive: oar-shaft.062
04:18:00 | INFO: Primitives created: 3
04:18:00 | INFO: Extracting primitive: oar-blade.063
04:18:00 | INFO: Primitives created: 6
04:18:00 | INFO: Extracting primitive: oar-shaft.063
04:18:00 | INFO: Primitives created: 3
04:18:00 | INFO: Extracting primitive: oar-blade.064
04:18:00 | INFO: Primitives created: 6
04:18:00 | INFO: Extracting primitive: oar-shaft.064
04:18:00 | INFO: Primitives created: 3
04:18:00 | INFO: Extracting primitive: oar-blade.065
04:18:00 | INFO: Primitives created: 6
04:18:00 | INFO: Extracting primitive: oar-shaft.065
04:18:00 | INFO: Primitives created: 3
04:18:00 | INFO: Extracting primitive: oar-blade.066
04:18:00 | INFO: Primitives created: 6
04:18:00 | INFO: Extracting primitive: oar-shaft.066
04:18:00 | INFO: Primitives created: 3
04:18:00 | INFO: Extracting primitive: oar-blade.067
04:18:00 | INFO: Primitives created: 6
04:18:00 | INFO: Extracting primitive: oar-shaft.067
04:18:00 | INFO: Primitives created: 3
04:18:00 | INFO: Extracting primitive: oar-blade.068
04:18:00 | INFO: Primitives created: 6
04:18:00 | INFO: Extracting primitive: oar-shaft.068
04:18:00 | INFO: Primitives created: 3
04:18:00 | INFO: Extracting primitive: oar-blade.069
04:18:00 | INFO: Primitives created: 6
04:18:00 | INFO: Extracting primitive: oar-shaft.069
04:18:00 | INFO: Primitives created: 3
04:18:00 | INFO: Extracting primitive: oar-blade.070
04:18:00 | INFO: Primitives created: 6
04:18:00 | INFO: Extracting primitive: oar-shaft.070
04:18:00 | INFO: Primitives created: 3
04:18:00 | INFO: Extracting primitive: oar-blade.071
04:18:00 | INFO: Primitives created: 6
04:18:00 | INFO: Extracting primitive: oar-shaft.071
04:18:00 | INFO: Primitives created: 3
04:18:00 | INFO: Extracting primitive: oar-blade.072
04:18:00 | INFO: Primitives created: 6
04:18:00 | INFO: Extracting primitive: oar-shaft.072
04:18:00 | INFO: Primitives created: 3
04:18:00 | INFO: Extracting primitive: oar-blade.073
04:18:00 | INFO: Primitives created: 6
04:18:00 | INFO: Extracting primitive: oar-shaft.073
04:18:00 | INFO: Primitives created: 3
04:18:00 | INFO: Extracting primitive: oar-blade.074
04:18:00 | INFO: Primitives created: 6
04:18:00 | INFO: Extracting primitive: oar-shaft.074
04:18:00 | INFO: Primitives created: 3
04:18:00 | INFO: Extracting primitive: oar-blade.075
04:18:00 | INFO: Primitives created: 6
04:18:00 | INFO: Extracting primitive: oar-shaft.075
04:18:00 | INFO: Primitives created: 3
04:18:00 | INFO: Extracting primitive: oar-blade.076
04:18:00 | INFO: Primitives created: 6
04:18:00 | INFO: Extracting primitive: oar-shaft.076
04:18:00 | INFO: Primitives created: 3
04:18:00 | INFO: Extracting primitive: oar-blade.077
04:18:00 | INFO: Primitives created: 6
04:18:00 | INFO: Extracting primitive: oar-shaft.077
04:18:00 | INFO: Primitives created: 3
04:18:00 | INFO: Extracting primitive: n3351.001
04:18:00 | INFO: Primitives created: 1
04:18:00 | INFO: Extracting primitive: n3353.001
04:18:00 | INFO: Primitives created: 1
04:18:00 | INFO: Extracting primitive: n3355.001
04:18:00 | INFO: Primitives created: 2
04:18:00 | INFO: Extracting primitive: n3357.001
04:18:00 | INFO: Primitives created: 2
04:18:00 | INFO: Extracting primitive: n3359.001
04:18:00 | INFO: Primitives created: 2
04:18:00 | INFO: Extracting primitive: n3361.001
04:18:00 | INFO: Primitives created: 2
04:18:00 | INFO: Extracting primitive: n3363.001
04:18:00 | INFO: Primitives created: 2
04:18:00 | INFO: Extracting primitive: n3365.001
04:18:00 | WARNING: More than one shader node tex image used for a texture. The resulting glTF sampler will behave like the first shader node tex image.
04:18:00 | INFO: Primitives created: 1
04:18:00 | INFO: Extracting primitive: n3366.001
04:18:00 | INFO: Primitives created: 1
04:18:00 | INFO: Extracting primitive: n3330.001
04:18:00 | INFO: Primitives created: 1
04:18:00 | INFO: Extracting primitive: n3332.001
04:18:00 | INFO: Primitives created: 1
04:18:00 | INFO: Extracting primitive: n3334.001
04:18:00 | INFO: Primitives created: 1
04:18:00 | INFO: Extracting primitive: n3336.001
04:18:00 | INFO: Primitives created: 1
04:18:00 | INFO: Extracting primitive: n3338.001
04:18:00 | INFO: Primitives created: 1
04:18:00 | INFO: Extracting primitive: n3340.001
04:18:00 | INFO: Primitives created: 3
04:18:00 | INFO: Extracting primitive: n3342.001
04:18:00 | INFO: Primitives created: 3
04:18:00 | INFO: Extracting primitive: n3344.001
04:18:00 | INFO: Primitives created: 3
04:18:00 | INFO: Extracting primitive: n3346.001
04:18:00 | INFO: Primitives created: 3
04:18:00 | INFO: Extracting primitive: n3348.001
04:18:00 | INFO: Primitives created: 1
04:18:00 | INFO: Extracting primitive: crew-armL.001
04:18:00 | INFO: Primitives created: 3
04:18:00 | INFO: Extracting primitive: crew-armL.002
04:18:00 | INFO: Primitives created: 3
04:18:00 | INFO: Extracting primitive: crew-armL.013
04:18:00 | INFO: Primitives created: 3
04:18:00 | INFO: Extracting primitive: crew-armL.020
04:18:00 | INFO: Primitives created: 3
04:18:00 | INFO: Extracting primitive: crew-armL.021
04:18:00 | INFO: Primitives created: 3
04:18:00 | INFO: Extracting primitive: crew-armL.022
04:18:00 | INFO: Primitives created: 3
04:18:00 | INFO: Extracting primitive: crew-armL.023
04:18:00 | INFO: Primitives created: 3
04:18:00 | INFO: Extracting primitive: crew-armL.024
04:18:00 | INFO: Primitives created: 3
04:18:00 | INFO: Extracting primitive: crew-armL.025
04:18:00 | INFO: Primitives created: 3
04:18:00 | INFO: Extracting primitive: crew-armL.026
04:18:00 | INFO: Primitives created: 3
04:18:00 | INFO: Extracting primitive: crew-armL.003
04:18:00 | INFO: Primitives created: 3
04:18:00 | INFO: Extracting primitive: crew-armL.004
04:18:00 | INFO: Primitives created: 3
04:18:00 | INFO: Extracting primitive: crew-armL.005
04:18:00 | INFO: Primitives created: 3
04:18:00 | INFO: Extracting primitive: crew-armL.006
04:18:00 | INFO: Primitives created: 3
04:18:00 | INFO: Extracting primitive: crew-armL.007
04:18:00 | INFO: Primitives created: 3
04:18:00 | INFO: Extracting primitive: crew-armL.008
04:18:00 | INFO: Primitives created: 3
04:18:00 | INFO: Extracting primitive: crew-armL.009
04:18:00 | INFO: Primitives created: 3
04:18:00 | INFO: Extracting primitive: crew-armL.010
04:18:00 | INFO: Primitives created: 3
04:18:00 | INFO: Extracting primitive: crew-armL.011
04:18:00 | INFO: Primitives created: 3
04:18:00 | INFO: Extracting primitive: crew-armL.012
04:18:00 | INFO: Primitives created: 3
04:18:00 | INFO: Extracting primitive: crew-armL.014
04:18:00 | INFO: Primitives created: 3
04:18:00 | INFO: Extracting primitive: crew-armL.015
04:18:00 | INFO: Primitives created: 3
04:18:00 | INFO: Extracting primitive: crew-armL.016
04:18:00 | INFO: Primitives created: 3
04:18:00 | INFO: Extracting primitive: crew-armL.017
04:18:00 | INFO: Primitives created: 3
04:18:00 | INFO: Extracting primitive: crew-armL.018
04:18:00 | INFO: Primitives created: 3
04:18:00 | INFO: Extracting primitive: crew-armL.019
04:18:00 | INFO: Primitives created: 3
04:18:00 | INFO: Extracting primitive: crew-armL.053
04:18:00 | INFO: Primitives created: 3
04:18:00 | INFO: Extracting primitive: crew-armL.054
04:18:00 | INFO: Primitives created: 3
04:18:00 | INFO: Extracting primitive: crew-armL.065
04:18:00 | INFO: Primitives created: 3
04:18:00 | INFO: Extracting primitive: crew-armL.072
04:18:00 | INFO: Primitives created: 3
04:18:00 | INFO: Extracting primitive: crew-armL.073
04:18:00 | INFO: Primitives created: 3
04:18:00 | INFO: Extracting primitive: crew-armL.074
04:18:00 | INFO: Primitives created: 3
04:18:00 | INFO: Extracting primitive: crew-armL.075
04:18:00 | INFO: Primitives created: 3
04:18:00 | INFO: Extracting primitive: crew-armL.076
04:18:00 | INFO: Primitives created: 3
04:18:00 | INFO: Extracting primitive: crew-armL.077
04:18:00 | INFO: Primitives created: 3
04:18:00 | INFO: Extracting primitive: crew-armL.078
04:18:00 | INFO: Primitives created: 3
04:18:00 | INFO: Extracting primitive: crew-armL.055
04:18:00 | INFO: Primitives created: 3
04:18:00 | INFO: Extracting primitive: crew-armL.056
04:18:00 | INFO: Primitives created: 3
04:18:00 | INFO: Extracting primitive: crew-armL.057
04:18:00 | INFO: Primitives created: 3
04:18:00 | INFO: Extracting primitive: crew-armL.058
04:18:00 | INFO: Primitives created: 3
04:18:00 | INFO: Extracting primitive: crew-armL.059
04:18:00 | INFO: Primitives created: 3
04:18:00 | INFO: Extracting primitive: crew-armL.060
04:18:00 | INFO: Primitives created: 3
04:18:00 | INFO: Extracting primitive: crew-armL.061
04:18:00 | INFO: Primitives created: 3
04:18:00 | INFO: Extracting primitive: crew-armL.062
04:18:00 | INFO: Primitives created: 3
04:18:00 | INFO: Extracting primitive: crew-armL.063
04:18:00 | INFO: Primitives created: 3
04:18:00 | INFO: Extracting primitive: crew-armL.064
04:18:00 | INFO: Primitives created: 3
04:18:00 | INFO: Extracting primitive: crew-armL.066
04:18:00 | INFO: Primitives created: 3
04:18:00 | INFO: Extracting primitive: crew-armL.067
04:18:00 | INFO: Primitives created: 3
04:18:00 | INFO: Extracting primitive: crew-armL.068
04:18:00 | INFO: Primitives created: 3
04:18:00 | INFO: Extracting primitive: crew-armL.069
04:18:00 | INFO: Primitives created: 3
04:18:00 | INFO: Extracting primitive: crew-armL.070
04:18:00 | INFO: Primitives created: 3
04:18:00 | INFO: Extracting primitive: crew-armL.071
04:18:00 | INFO: Primitives created: 3
04:18:00 | INFO: Extracting primitive: crew-crest.001
04:18:00 | INFO: Primitives created: 2
04:18:00 | INFO: Extracting primitive: crew-crest.002
04:18:00 | INFO: Primitives created: 2
04:18:00 | INFO: Extracting primitive: crew-crest.013
04:18:00 | INFO: Primitives created: 2
04:18:00 | INFO: Extracting primitive: crew-crest.020
04:18:00 | INFO: Primitives created: 2
04:18:00 | INFO: Extracting primitive: crew-crest.021
04:18:00 | INFO: Primitives created: 2
04:18:00 | INFO: Extracting primitive: crew-crest.022
04:18:00 | INFO: Primitives created: 2
04:18:00 | INFO: Extracting primitive: crew-crest.023
04:18:00 | INFO: Primitives created: 2
04:18:00 | INFO: Extracting primitive: crew-crest.024
04:18:00 | INFO: Primitives created: 2
04:18:00 | INFO: Extracting primitive: crew-crest.025
04:18:00 | INFO: Primitives created: 2
04:18:00 | INFO: Extracting primitive: crew-crest.026
04:18:00 | INFO: Primitives created: 2
04:18:00 | INFO: Extracting primitive: crew-crest.003
04:18:00 | INFO: Primitives created: 2
04:18:00 | INFO: Extracting primitive: crew-crest.004
04:18:00 | INFO: Primitives created: 2
04:18:00 | INFO: Extracting primitive: crew-crest.005
04:18:00 | INFO: Primitives created: 2
04:18:00 | INFO: Extracting primitive: crew-crest.006
04:18:00 | INFO: Primitives created: 2
04:18:00 | INFO: Extracting primitive: crew-crest.007
04:18:00 | INFO: Primitives created: 2
04:18:00 | INFO: Extracting primitive: crew-crest.008
04:18:00 | INFO: Primitives created: 2
04:18:00 | INFO: Extracting primitive: crew-crest.009
04:18:00 | INFO: Primitives created: 2
04:18:00 | INFO: Extracting primitive: crew-crest.010
04:18:00 | INFO: Primitives created: 2
04:18:00 | INFO: Extracting primitive: crew-crest.011
04:18:00 | INFO: Primitives created: 2
04:18:00 | INFO: Extracting primitive: crew-crest.012
04:18:00 | INFO: Primitives created: 2
04:18:00 | INFO: Extracting primitive: crew-crest.014
04:18:00 | INFO: Primitives created: 2
04:18:00 | INFO: Extracting primitive: crew-crest.015
04:18:00 | INFO: Primitives created: 2
04:18:00 | INFO: Extracting primitive: crew-crest.016
04:18:00 | INFO: Primitives created: 2
04:18:00 | INFO: Extracting primitive: crew-crest.017
04:18:00 | INFO: Primitives created: 2
04:18:00 | INFO: Extracting primitive: crew-crest.018
04:18:00 | INFO: Primitives created: 2
04:18:00 | INFO: Extracting primitive: crew-crest.019
04:18:00 | INFO: Primitives created: 2
04:18:00 | INFO: Extracting primitive: crew-crestFeathers.001
04:18:00 | INFO: Primitives created: 1
04:18:00 | INFO: Extracting primitive: crew-crestFeathers.002
04:18:00 | INFO: Primitives created: 1
04:18:00 | INFO: Extracting primitive: crew-crestFeathers.013
04:18:00 | INFO: Primitives created: 1
04:18:00 | INFO: Extracting primitive: crew-crestFeathers.020
04:18:00 | INFO: Primitives created: 1
04:18:00 | INFO: Extracting primitive: crew-crestFeathers.021
04:18:00 | INFO: Primitives created: 1
04:18:00 | INFO: Extracting primitive: crew-crestFeathers.022
04:18:00 | INFO: Primitives created: 1
04:18:00 | INFO: Extracting primitive: crew-crestFeathers.023
04:18:00 | INFO: Primitives created: 1
04:18:00 | INFO: Extracting primitive: crew-crestFeathers.024
04:18:00 | INFO: Primitives created: 1
04:18:00 | INFO: Extracting primitive: crew-crestFeathers.025
04:18:00 | INFO: Primitives created: 1
04:18:00 | INFO: Extracting primitive: crew-crestFeathers.026
04:18:00 | INFO: Primitives created: 1
04:18:00 | INFO: Extracting primitive: crew-crestFeathers.003
04:18:00 | INFO: Primitives created: 1
04:18:00 | INFO: Extracting primitive: crew-crestFeathers.004
04:18:00 | INFO: Primitives created: 1
04:18:00 | INFO: Extracting primitive: crew-crestFeathers.005
04:18:00 | INFO: Primitives created: 1
04:18:00 | INFO: Extracting primitive: crew-crestFeathers.006
04:18:00 | INFO: Primitives created: 1
04:18:00 | INFO: Extracting primitive: crew-crestFeathers.007
04:18:00 | INFO: Primitives created: 1
04:18:00 | INFO: Extracting primitive: crew-crestFeathers.008
04:18:00 | INFO: Primitives created: 1
04:18:00 | INFO: Extracting primitive: crew-crestFeathers.009
04:18:00 | INFO: Primitives created: 1
04:18:00 | INFO: Extracting primitive: crew-crestFeathers.010
04:18:00 | INFO: Primitives created: 1
04:18:00 | INFO: Extracting primitive: crew-crestFeathers.011
04:18:00 | INFO: Primitives created: 1
04:18:00 | INFO: Extracting primitive: crew-crestFeathers.012
04:18:00 | INFO: Primitives created: 1
04:18:00 | INFO: Extracting primitive: crew-crestFeathers.014
04:18:00 | INFO: Primitives created: 1
04:18:00 | INFO: Extracting primitive: crew-crestFeathers.015
04:18:00 | INFO: Primitives created: 1
04:18:00 | INFO: Extracting primitive: crew-crestFeathers.016
04:18:00 | INFO: Primitives created: 1
04:18:00 | INFO: Extracting primitive: crew-crestFeathers.017
04:18:00 | INFO: Primitives created: 1
04:18:00 | INFO: Extracting primitive: crew-crestFeathers.018
04:18:00 | INFO: Primitives created: 1
04:18:00 | INFO: Extracting primitive: crew-crestFeathers.019
04:18:00 | INFO: Primitives created: 1
04:18:00 | INFO: Extracting primitive: crew-crestStems.001
04:18:00 | INFO: Primitives created: 1
04:18:00 | INFO: Extracting primitive: crew-crestStems.002
04:18:00 | INFO: Primitives created: 1
04:18:00 | INFO: Extracting primitive: crew-crestStems.013
04:18:00 | INFO: Primitives created: 1
04:18:00 | INFO: Extracting primitive: crew-crestStems.020
04:18:00 | INFO: Primitives created: 1
04:18:00 | INFO: Extracting primitive: crew-crestStems.021
04:18:00 | INFO: Primitives created: 1
04:18:00 | INFO: Extracting primitive: crew-crestStems.022
04:18:00 | INFO: Primitives created: 1
04:18:00 | INFO: Extracting primitive: crew-crestStems.023
04:18:00 | INFO: Primitives created: 1
04:18:00 | INFO: Extracting primitive: crew-crestStems.024
04:18:00 | INFO: Primitives created: 1
04:18:00 | INFO: Extracting primitive: crew-crestStems.025
04:18:00 | INFO: Primitives created: 1
04:18:00 | INFO: Extracting primitive: crew-crestStems.026
04:18:00 | INFO: Primitives created: 1
04:18:00 | INFO: Extracting primitive: crew-crestStems.003
04:18:00 | INFO: Primitives created: 1
04:18:00 | INFO: Extracting primitive: crew-crestStems.004
04:18:00 | INFO: Primitives created: 1
04:18:00 | INFO: Extracting primitive: crew-crestStems.005
04:18:00 | INFO: Primitives created: 1
04:18:00 | INFO: Extracting primitive: crew-crestStems.006
04:18:00 | INFO: Primitives created: 1
04:18:00 | INFO: Extracting primitive: crew-crestStems.007
04:18:00 | INFO: Primitives created: 1
04:18:00 | INFO: Extracting primitive: crew-crestStems.008
04:18:00 | INFO: Primitives created: 1
04:18:00 | INFO: Extracting primitive: crew-crestStems.009
04:18:00 | INFO: Primitives created: 1
04:18:00 | INFO: Extracting primitive: crew-crestStems.010
04:18:00 | INFO: Primitives created: 1
04:18:00 | INFO: Extracting primitive: crew-crestStems.011
04:18:00 | INFO: Primitives created: 1
04:18:00 | INFO: Extracting primitive: crew-crestStems.012
04:18:00 | INFO: Primitives created: 1
04:18:00 | INFO: Extracting primitive: crew-crestStems.014
04:18:00 | INFO: Primitives created: 1
04:18:00 | INFO: Extracting primitive: crew-crestStems.015
04:18:00 | INFO: Primitives created: 1
04:18:00 | INFO: Extracting primitive: crew-crestStems.016
04:18:00 | INFO: Primitives created: 1
04:18:00 | INFO: Extracting primitive: crew-crestStems.017
04:18:00 | INFO: Primitives created: 1
04:18:00 | INFO: Extracting primitive: crew-crestStems.018
04:18:00 | INFO: Primitives created: 1
04:18:00 | INFO: Extracting primitive: crew-crestStems.019
04:18:00 | INFO: Primitives created: 1
04:18:00 | INFO: Extracting primitive: crew-head.001
04:18:00 | INFO: Primitives created: 1
04:18:00 | INFO: Extracting primitive: crew-head.002
04:18:00 | INFO: Primitives created: 1
04:18:00 | INFO: Extracting primitive: crew-head.013
04:18:00 | INFO: Primitives created: 1
04:18:00 | INFO: Extracting primitive: crew-head.020
04:18:00 | INFO: Primitives created: 1
04:18:00 | INFO: Extracting primitive: crew-head.021
04:18:00 | INFO: Primitives created: 1
04:18:00 | INFO: Extracting primitive: crew-head.022
04:18:00 | INFO: Primitives created: 1
04:18:00 | INFO: Extracting primitive: crew-head.023
04:18:00 | INFO: Primitives created: 1
04:18:00 | INFO: Extracting primitive: crew-head.024
04:18:00 | INFO: Primitives created: 1
04:18:00 | INFO: Extracting primitive: crew-head.025
04:18:00 | INFO: Primitives created: 1
04:18:00 | INFO: Extracting primitive: crew-head.026
04:18:00 | INFO: Primitives created: 1
04:18:00 | INFO: Extracting primitive: crew-head.003
04:18:00 | INFO: Primitives created: 1
04:18:00 | INFO: Extracting primitive: crew-head.004
04:18:00 | INFO: Primitives created: 1
04:18:00 | INFO: Extracting primitive: crew-head.005
04:18:00 | INFO: Primitives created: 1
04:18:00 | INFO: Extracting primitive: crew-head.006
04:18:00 | INFO: Primitives created: 1
04:18:00 | INFO: Extracting primitive: crew-head.007
04:18:00 | INFO: Primitives created: 1
04:18:00 | INFO: Extracting primitive: crew-head.008
04:18:00 | INFO: Primitives created: 1
04:18:00 | INFO: Extracting primitive: crew-head.009
04:18:00 | INFO: Primitives created: 1
04:18:00 | INFO: Extracting primitive: crew-head.010
04:18:00 | INFO: Primitives created: 1
04:18:00 | INFO: Extracting primitive: crew-head.011
04:18:00 | INFO: Primitives created: 1
04:18:00 | INFO: Extracting primitive: crew-head.012
04:18:00 | INFO: Primitives created: 1
04:18:00 | INFO: Extracting primitive: crew-head.014
04:18:00 | INFO: Primitives created: 1
04:18:00 | INFO: Extracting primitive: crew-head.015
04:18:00 | INFO: Primitives created: 1
04:18:00 | INFO: Extracting primitive: crew-head.016
04:18:00 | INFO: Primitives created: 1
04:18:00 | INFO: Extracting primitive: crew-head.017
04:18:00 | INFO: Primitives created: 1
04:18:00 | INFO: Extracting primitive: crew-head.018
04:18:00 | INFO: Primitives created: 1
04:18:00 | INFO: Extracting primitive: crew-head.019
04:18:00 | INFO: Primitives created: 1
04:18:00 | INFO: Extracting primitive: crew-helmet.001
04:18:00 | INFO: Primitives created: 1
04:18:00 | INFO: Extracting primitive: crew-helmet.002
04:18:00 | INFO: Primitives created: 1
04:18:00 | INFO: Extracting primitive: crew-helmet.013
04:18:00 | INFO: Primitives created: 1
04:18:00 | INFO: Extracting primitive: crew-helmet.020
04:18:00 | INFO: Primitives created: 1
04:18:00 | INFO: Extracting primitive: crew-helmet.021
04:18:00 | INFO: Primitives created: 1
04:18:00 | INFO: Extracting primitive: crew-helmet.022
04:18:00 | INFO: Primitives created: 1
04:18:00 | INFO: Extracting primitive: crew-helmet.023
04:18:00 | INFO: Primitives created: 1
04:18:00 | INFO: Extracting primitive: crew-helmet.024
04:18:00 | INFO: Primitives created: 1
04:18:00 | INFO: Extracting primitive: crew-helmet.025
04:18:00 | INFO: Primitives created: 1
04:18:00 | INFO: Extracting primitive: crew-helmet.026
04:18:00 | INFO: Primitives created: 1
04:18:00 | INFO: Extracting primitive: crew-helmet.003
04:18:00 | INFO: Primitives created: 1
04:18:00 | INFO: Extracting primitive: crew-helmet.004
04:18:00 | INFO: Primitives created: 1
04:18:00 | INFO: Extracting primitive: crew-helmet.005
04:18:00 | INFO: Primitives created: 1
04:18:00 | INFO: Extracting primitive: crew-helmet.006
04:18:00 | INFO: Primitives created: 1
04:18:00 | INFO: Extracting primitive: crew-helmet.007
04:18:00 | INFO: Primitives created: 1
04:18:00 | INFO: Extracting primitive: crew-helmet.008
04:18:00 | INFO: Primitives created: 1
04:18:00 | INFO: Extracting primitive: crew-helmet.009
04:18:00 | INFO: Primitives created: 1
04:18:00 | INFO: Extracting primitive: crew-helmet.010
04:18:00 | INFO: Primitives created: 1
04:18:00 | INFO: Extracting primitive: crew-helmet.011
04:18:00 | INFO: Primitives created: 1
04:18:00 | INFO: Extracting primitive: crew-helmet.012
04:18:00 | INFO: Primitives created: 1
04:18:00 | INFO: Extracting primitive: crew-helmet.014
04:18:00 | INFO: Primitives created: 1
04:18:00 | INFO: Extracting primitive: crew-helmet.015
04:18:00 | INFO: Primitives created: 1
04:18:00 | INFO: Extracting primitive: crew-helmet.016
04:18:00 | INFO: Primitives created: 1
04:18:00 | INFO: Extracting primitive: crew-helmet.017
04:18:00 | INFO: Primitives created: 1
04:18:00 | INFO: Extracting primitive: crew-helmet.018
04:18:00 | INFO: Primitives created: 1
04:18:00 | INFO: Extracting primitive: crew-helmet.019
04:18:00 | INFO: Primitives created: 1
04:18:00 | INFO: Extracting primitive: crew-legL.001
04:18:00 | INFO: Primitives created: 3
04:18:00 | INFO: Extracting primitive: crew-legL.002
04:18:00 | INFO: Primitives created: 3
04:18:00 | INFO: Extracting primitive: crew-legL.013
04:18:00 | INFO: Primitives created: 3
04:18:00 | INFO: Extracting primitive: crew-legL.020
04:18:00 | INFO: Primitives created: 3
04:18:00 | INFO: Extracting primitive: crew-legL.021
04:18:00 | INFO: Primitives created: 3
04:18:00 | INFO: Extracting primitive: crew-legL.022
04:18:00 | INFO: Primitives created: 3
04:18:00 | INFO: Extracting primitive: crew-legL.023
04:18:00 | INFO: Primitives created: 3
04:18:00 | INFO: Extracting primitive: crew-legL.024
04:18:00 | INFO: Primitives created: 3
04:18:00 | INFO: Extracting primitive: crew-legL.025
04:18:00 | INFO: Primitives created: 3
04:18:00 | INFO: Extracting primitive: crew-legL.026
04:18:00 | INFO: Primitives created: 3
04:18:00 | INFO: Extracting primitive: crew-legL.003
04:18:00 | INFO: Primitives created: 3
04:18:00 | INFO: Extracting primitive: crew-legL.004
04:18:00 | INFO: Primitives created: 3
04:18:00 | INFO: Extracting primitive: crew-legL.005
04:18:00 | INFO: Primitives created: 3
04:18:00 | INFO: Extracting primitive: crew-legL.006
04:18:00 | INFO: Primitives created: 3
04:18:00 | INFO: Extracting primitive: crew-legL.007
04:18:00 | INFO: Primitives created: 3
04:18:00 | INFO: Extracting primitive: crew-legL.008
04:18:00 | INFO: Primitives created: 3
04:18:00 | INFO: Extracting primitive: crew-legL.009
04:18:00 | INFO: Primitives created: 3
04:18:00 | INFO: Extracting primitive: crew-legL.010
04:18:00 | INFO: Primitives created: 3
04:18:00 | INFO: Extracting primitive: crew-legL.011
04:18:00 | INFO: Primitives created: 3
04:18:00 | INFO: Extracting primitive: crew-legL.012
04:18:00 | INFO: Primitives created: 3
04:18:00 | INFO: Extracting primitive: crew-legL.014
04:18:00 | INFO: Primitives created: 3
04:18:00 | INFO: Extracting primitive: crew-legL.015
04:18:00 | INFO: Primitives created: 3
04:18:00 | INFO: Extracting primitive: crew-legL.016
04:18:00 | INFO: Primitives created: 3
04:18:00 | INFO: Extracting primitive: crew-legL.017
04:18:00 | INFO: Primitives created: 3
04:18:00 | INFO: Extracting primitive: crew-legL.018
04:18:00 | INFO: Primitives created: 3
04:18:00 | INFO: Extracting primitive: crew-legL.019
04:18:00 | INFO: Primitives created: 3
04:18:00 | INFO: Extracting primitive: crew-legL.053
04:18:00 | INFO: Primitives created: 3
04:18:00 | INFO: Extracting primitive: crew-legL.054
04:18:00 | INFO: Primitives created: 3
04:18:00 | INFO: Extracting primitive: crew-legL.065
04:18:00 | INFO: Primitives created: 3
04:18:00 | INFO: Extracting primitive: crew-legL.072
04:18:00 | INFO: Primitives created: 3
04:18:00 | INFO: Extracting primitive: crew-legL.073
04:18:00 | INFO: Primitives created: 3
04:18:00 | INFO: Extracting primitive: crew-legL.074
04:18:00 | INFO: Primitives created: 3
04:18:00 | INFO: Extracting primitive: crew-legL.075
04:18:00 | INFO: Primitives created: 3
04:18:00 | INFO: Extracting primitive: crew-legL.076
04:18:00 | INFO: Primitives created: 3
04:18:00 | INFO: Extracting primitive: crew-legL.077
04:18:00 | INFO: Primitives created: 3
04:18:00 | INFO: Extracting primitive: crew-legL.078
04:18:00 | INFO: Primitives created: 3
04:18:00 | INFO: Extracting primitive: crew-legL.055
04:18:00 | INFO: Primitives created: 3
04:18:00 | INFO: Extracting primitive: crew-legL.056
04:18:00 | INFO: Primitives created: 3
04:18:00 | INFO: Extracting primitive: crew-legL.057
04:18:00 | INFO: Primitives created: 3
04:18:00 | INFO: Extracting primitive: crew-legL.058
04:18:00 | INFO: Primitives created: 3
04:18:00 | INFO: Extracting primitive: crew-legL.059
04:18:00 | INFO: Primitives created: 3
04:18:00 | INFO: Extracting primitive: crew-legL.060
04:18:00 | INFO: Primitives created: 3
04:18:00 | INFO: Extracting primitive: crew-legL.061
04:18:00 | INFO: Primitives created: 3
04:18:00 | INFO: Extracting primitive: crew-legL.062
04:18:00 | INFO: Primitives created: 3
04:18:00 | INFO: Extracting primitive: crew-legL.063
04:18:00 | INFO: Primitives created: 3
04:18:00 | INFO: Extracting primitive: crew-legL.064
04:18:00 | INFO: Primitives created: 3
04:18:00 | INFO: Extracting primitive: crew-legL.066
04:18:00 | INFO: Primitives created: 3
04:18:00 | INFO: Extracting primitive: crew-legL.067
04:18:00 | INFO: Primitives created: 3
04:18:00 | INFO: Extracting primitive: crew-legL.068
04:18:00 | INFO: Primitives created: 3
04:18:00 | INFO: Extracting primitive: crew-legL.069
04:18:00 | INFO: Primitives created: 3
04:18:00 | INFO: Extracting primitive: crew-legL.070
04:18:00 | INFO: Primitives created: 3
04:18:00 | INFO: Extracting primitive: crew-legL.071
04:18:00 | INFO: Primitives created: 3
04:18:00 | INFO: Extracting primitive: crew-skirt.001
04:18:00 | INFO: Primitives created: 1
04:18:00 | INFO: Extracting primitive: crew-skirt.002
04:18:00 | INFO: Primitives created: 1
04:18:00 | INFO: Extracting primitive: crew-skirt.013
04:18:00 | INFO: Primitives created: 1
04:18:00 | INFO: Extracting primitive: crew-skirt.020
04:18:00 | INFO: Primitives created: 1
04:18:00 | INFO: Extracting primitive: crew-skirt.021
04:18:00 | INFO: Primitives created: 1
04:18:00 | INFO: Extracting primitive: crew-skirt.022
04:18:00 | INFO: Primitives created: 1
04:18:00 | INFO: Extracting primitive: crew-skirt.023
04:18:00 | INFO: Primitives created: 1
04:18:00 | INFO: Extracting primitive: crew-skirt.024
04:18:00 | INFO: Primitives created: 1
04:18:00 | INFO: Extracting primitive: crew-skirt.025
04:18:00 | INFO: Primitives created: 1
04:18:00 | INFO: Extracting primitive: crew-skirt.026
04:18:00 | INFO: Primitives created: 1
04:18:00 | INFO: Extracting primitive: crew-skirt.003
04:18:00 | INFO: Primitives created: 1
04:18:00 | INFO: Extracting primitive: crew-skirt.004
04:18:00 | INFO: Primitives created: 1
04:18:00 | INFO: Extracting primitive: crew-skirt.005
04:18:00 | INFO: Primitives created: 1
04:18:00 | INFO: Extracting primitive: crew-skirt.006
04:18:00 | INFO: Primitives created: 1
04:18:00 | INFO: Extracting primitive: crew-skirt.007
04:18:00 | INFO: Primitives created: 1
04:18:00 | INFO: Extracting primitive: crew-skirt.008
04:18:00 | INFO: Primitives created: 1
04:18:00 | INFO: Extracting primitive: crew-skirt.009
04:18:00 | INFO: Primitives created: 1
04:18:00 | INFO: Extracting primitive: crew-skirt.010
04:18:00 | INFO: Primitives created: 1
04:18:00 | INFO: Extracting primitive: crew-skirt.011
04:18:00 | INFO: Primitives created: 1
04:18:00 | INFO: Extracting primitive: crew-skirt.012
04:18:00 | INFO: Primitives created: 1
04:18:00 | INFO: Extracting primitive: crew-skirt.014
04:18:00 | INFO: Primitives created: 1
04:18:00 | INFO: Extracting primitive: crew-skirt.015
04:18:00 | INFO: Primitives created: 1
04:18:00 | INFO: Extracting primitive: crew-skirt.016
04:18:00 | INFO: Primitives created: 1
04:18:00 | INFO: Extracting primitive: crew-skirt.017
04:18:00 | INFO: Primitives created: 1
04:18:00 | INFO: Extracting primitive: crew-skirt.018
04:18:00 | INFO: Primitives created: 1
04:18:00 | INFO: Extracting primitive: crew-skirt.019
04:18:00 | INFO: Primitives created: 1
04:18:00 | INFO: Extracting primitive: crew-torso.001
04:18:00 | INFO: Primitives created: 1
04:18:00 | INFO: Extracting primitive: crew-torso.002
04:18:00 | INFO: Primitives created: 1
04:18:00 | INFO: Extracting primitive: crew-torso.013
04:18:00 | INFO: Primitives created: 1
04:18:00 | INFO: Extracting primitive: crew-torso.020
04:18:00 | INFO: Primitives created: 1
04:18:00 | INFO: Extracting primitive: crew-torso.021
04:18:00 | INFO: Primitives created: 1
04:18:00 | INFO: Extracting primitive: crew-torso.022
04:18:00 | INFO: Primitives created: 1
04:18:00 | INFO: Extracting primitive: crew-torso.023
04:18:00 | INFO: Primitives created: 1
04:18:00 | INFO: Extracting primitive: crew-torso.024
04:18:00 | INFO: Primitives created: 1
04:18:00 | INFO: Extracting primitive: crew-torso.025
04:18:00 | INFO: Primitives created: 1
04:18:00 | INFO: Extracting primitive: crew-torso.026
04:18:00 | INFO: Primitives created: 1
04:18:00 | INFO: Extracting primitive: crew-torso.003
04:18:00 | INFO: Primitives created: 1
04:18:00 | INFO: Extracting primitive: crew-torso.004
04:18:00 | INFO: Primitives created: 1
04:18:00 | INFO: Extracting primitive: crew-torso.005
04:18:00 | INFO: Primitives created: 1
04:18:00 | INFO: Extracting primitive: crew-torso.006
04:18:00 | INFO: Primitives created: 1
04:18:00 | INFO: Extracting primitive: crew-torso.007
04:18:00 | INFO: Primitives created: 1
04:18:00 | INFO: Extracting primitive: crew-torso.008
04:18:00 | INFO: Primitives created: 1
04:18:00 | INFO: Extracting primitive: crew-torso.009
04:18:00 | INFO: Primitives created: 1
04:18:00 | INFO: Extracting primitive: crew-torso.010
04:18:00 | INFO: Primitives created: 1
04:18:00 | INFO: Extracting primitive: crew-torso.011
04:18:00 | INFO: Primitives created: 1
04:18:00 | INFO: Extracting primitive: crew-torso.012
04:18:00 | INFO: Primitives created: 1
04:18:00 | INFO: Extracting primitive: crew-torso.014
04:18:00 | INFO: Primitives created: 1
04:18:00 | INFO: Extracting primitive: crew-torso.015
04:18:00 | INFO: Primitives created: 1
04:18:00 | INFO: Extracting primitive: crew-torso.016
04:18:00 | INFO: Primitives created: 1
04:18:00 | INFO: Extracting primitive: crew-torso.017
04:18:00 | INFO: Primitives created: 1
04:18:00 | INFO: Extracting primitive: crew-torso.018
04:18:00 | INFO: Primitives created: 1
04:18:00 | INFO: Extracting primitive: crew-torso.019
04:18:00 | INFO: Primitives created: 1
04:18:00 | INFO: Extracting primitive: swamp-water-volume.001
04:18:00 | INFO: Primitives created: 1
04:18:03 | INFO: Finished glTF 2.0 export in 4.794986009597778 s

EXPORT_OK /Users/panglaohu/Downloads/TigerInBamboo/TigerMessenger/artifacts/godot-export/swampZone.glb
BlenderMCP server stopped
BlenderMCP addon unregistered
Blender 5.2.1 LTS (hash 9e2066aef7ef built 2026-08-25 01:35:57)

Blender quit
